strategy,suite,seed,channel,kind,first_found_time_s,clear_time_s,found_to_clear_s,supplement_measure_count,reacquisition_attempts,reacquisition_successes,reacquisition_no_signal,reacquisition_move_m,reacquisition_switch_count,reacquisition_time_s,mean_planned_step_m,max_planned_step_m,coarse_probe_count,intersection_probe_count,fallback_probe_count,cleared
w6_persistent_bearing,random,0,1,dir,432.0,946.916166,514.916166,1,0,0,0,0.0,0,0.0,0.0,0.0,0,0,0,1
w6_persistent_bearing,random,0,2,omni,645.106668,6470.546291,5825.439622999999,19,17,5,12,4054.633570780821,13,908.9267141561643,200.38814101538173,500.0,5,0,0,1
w6_persistent_bearing,random,0,3,omni,1380.759911,6957.478353,5576.718442,16,14,3,11,2164.5116315045916,12,514.9023263009183,353.1198555125213,500.0,3,0,0,1
w6_persistent_bearing,random,0,4,dir,2655.344916,3182.183611,526.8386949999999,3,0,0,0,0.0,0,0.0,0.0,0.0,0,0,0,1
w6_persistent_bearing,random,0,5,omni,29.0,1477.224874,1448.224874,3,0,0,0,0.0,0,0.0,0.0,0.0,0,0,0,1
w6_persistent_bearing,random,0,6,dir,1770.74127,2199.256936,428.51566600000024,2,0,0,0,0.0,0,0.0,0.0,0.0,0,0,0,1
w6_persistent_bearing,random,0,7,dir,5171.584181,5908.205594,736.6214129999998,27,26,5,21,1648.475124033513,0,459.69502480670263,136.0096153846154,500.0,25,0,1,1
w6_persistent_bearing,random,0,8,dir,3594.416209,4031.179061,436.76285199999984,3,0,0,0,0.0,0,0.0,0.0,0.0,0,0,0,1
w6_persistent_bearing,random,0,9,dir,4556.975668,5043.762627,486.786959,3,0,0,0,0.0,0,0.0,0.0,0.0,0,0,0,1
w6_persistent_bearing,random,0,10,dir,378.0,4458.147291,4080.147291,19,18,6,12,756.5200948342227,11,252.30401896684455,100.14346440262437,389.3461909942919,8,0,0,1
w6_persistent_bearing,random,0,12,omni,71.0,1582.937235,1511.937235,4,3,3,0,557.5489790522672,3,129.50979581045345,500.0,500.0,1,0,0,1
w6_persistent_bearing,random,0,13,dir,1806.74127,2472.893645,666.1523750000001,11,10,4,6,1088.1835491772863,1,268.6367098354573,167.32808096434752,500.0,10,0,0,1
w6_persistent_bearing,random,0,14,dir,2067.065666,3462.557479,1395.491813,8,7,6,1,1221.1103824566896,3,282.22207649133793,242.7866008752861,500.0,5,0,0,1
w6_persistent_bearing,random,0,16,omni,729.106668,6138.586845,5409.4801769999995,15,14,2,12,446.0068802386238,14,173.20137604772475,446.0068802386238,446.0068802386238,1,0,0,1
w6_persistent_bearing,random,0,18,omni,107.0,1682.124692,1575.124692,3,2,1,1,0.0,2,12.0,0.0,0.0,0,0,0,1
w6_persistent_bearing,random,0,20,dir,119.0,1061.167439,942.1674390000001,4,2,1,1,577.5535701581366,1,126.51071403162732,393.4713073173544,393.4713073173544,1,0,0,1
w6_persistent_bearing,random,1,3,omni,1036.720975,2067.362408,1030.641433,3,0,0,0,0.0,0,0.0,0.0,0.0,0,0,0,1
w6_persistent_bearing,random,1,4,omni,23.0,7599.75699,7576.75699,25,24,8,16,399.87914743780334,24,223.97582948756067,399.8791474378034,399.8791474378034,1,0,0,1
w6_persistent_bearing,random,1,7,dir,4940.634006,8068.535514,3127.901508,28,27,3,24,5257.277389959312,9,1195.4554779918624,148.4375,500.0,21,0,0,1
w6_persistent_bearing,random,1,8,omni,47.0,1269.812519,1222.812519,7,6,5,1,567.0946125106053,3,146.41892250212106,141.77365312765133,306.3298259601239,4,0,0,1
w6_persistent_bearing,random,1,9,omni,1072.720975,1761.640364,688.9193890000001,4,0,0,0,0.0,0,0.0,0.0,0.0,0,0,0,1
w6_persistent_bearing,random,1,11,omni,65.0,909.599442,844.599442,3,0,0,0,0.0,0,0.0,0.0,0.0,0,0,0,1
w6_persistent_bearing,random,1,13,omni,1090.720975,1714.198519,623.4775440000001,3,0,0,0,0.0,0,0.0,0.0,0.0,0,0,0,1
w6_persistent_bearing,random,1,14,omni,83.0,579.989982,496.98998200000005,1,0,0,0,0.0,0,0.0,0.0,0.0,0,0,0,1
w6_persistent_bearing,random,1,16,omni,95.0,4166.871335,4071.871335,15,13,5,8,485.2057064165862,13,175.04114128331724,485.20570641658617,485.20570641658617,1,0,0,1
w6_persistent_bearing,random,1,17,omni,2506.948594,3493.427054,986.4784600000003,5,3,3,0,666.5433902687122,2,150.30867805374243,408.4906759168806,500.0,2,0,0,1
w6_persistent_bearing,random,1,19,dir,2729.948594,3135.217857,405.26926300000014,4,2,2,0,434.5143536686452,0,96.90287073372903,232.84160772286162,327.1797928875891,2,0,0,1
w6_persistent_bearing,random,2,1,omni,2352.794719,2634.552062,281.7573430000002,1,0,0,0,0.0,0,0.0,0.0,0.0,0,0,0,1
w6_persistent_bearing,random,2,2,omni,426.0,1336.450672,910.4506719999999,3,2,2,0,0.0,2,12.0,0.0,0.0,0,0,0,1
w6_persistent_bearing,random,2,3,omni,17.0,4698.692726,4681.692726,13,12,6,6,2363.496197401436,7,539.6992394802871,244.7854449758147,500.0,6,0,0,1
w6_persistent_bearing,random,2,4,dir,2118.654311,3538.494424,1419.8401130000002,13,12,6,6,1347.2046390431815,1,330.4409278086363,141.9378481164351,500.0,12,0,0,1
w6_persistent_bearing,random,2,5,omni,2370.794719,2715.546571,344.7518519999999,1,0,0,0,0.0,0,0.0,0.0,0.0,0,0,0,1
w6_persistent_bearing,random,2,6,dir,1452.684529,3970.638794,2517.954265,24,23,4,19,1580.721847386331,2,433.1443694772662,129.27327758404527,500.0,22,0,0,1
w6_persistent_bearing,random,2,10,omni,59.0,1990.251563,1931.251563,11,10,7,3,613.9831208150648,6,178.79662416301295,194.80020007909695,500.0,6,0,0,1
w6_persistent_bearing,random,2,11,dir,65.0,2446.244485,2381.244485,11,10,6,4,931.4069071351321,7,243.28138142702642,232.851726783783,499.80274635194064,4,0,0,1
w6_persistent_bearing,random,2,12,dir,366.0,4186.868903,3820.8689029999996,8,7,3,4,672.413186801592,6,175.4826373603184,425.7200525120196,500.0,2,0,0,1
w6_persistent_bearing,random,2,13,dir,77.0,1728.462028,1651.462028,13,12,6,6,650.4864377804528,6,196.09728755609055,86.75151082154733,335.41363515923763,8,0,0,1
w6_persistent_bearing,random,2,14,omni,1025.010204,3454.426723,2429.4165190000003,4,1,0,1,0.0,1,6.0,0.0,0.0,0,0,0,1
w6_persistent_bearing,random,2,15,omni,89.0,1851.89338,1762.89338,10,9,6,3,423.1949213890303,7,136.63898427780606,136.29109380799963,354.4826995615266,5,0,0,1
w6_persistent_bearing,random,2,16,omni,2064.654311,3016.15381,951.499499,1,0,0,0,0.0,0,0.0,0.0,0.0,0,0,0,1
w6_persistent_bearing,random,2,17,dir,336.0,1380.894684,1044.894684,4,3,3,0,390.0121539310897,3,96.00243078621794,390.01215393108976,390.01215393108976,1,0,0,1
w6_persistent_bearing,random,2,19,dir,2430.794719,5174.80922,2744.014501,23,22,4,18,1800.5824691508888,1,471.1164938301778,144.53125,500.0,22,0,0,1
w6_persistent_bearing,random,2,20,omni,2436.794719,2786.94141,350.1466909999999,1,0,0,0,0.0,0,0.0,0.0,0.0,0,0,0,1
w6_persistent_bearing,random,3,1,dir,2897.537156,3732.792541,835.2553849999999,12,10,2,8,1439.344762070291,1,338.8689524140582,287.5,500.0,10,0,0,1
w6_persistent_bearing,random,3,2,omni,426.0,1226.687069,800.6870690000001,2,0,0,0,0.0,0,0.0,0.0,0.0,0,0,0,1
w6_persistent_bearing,random,3,5,dir,29.0,6679.442756,6650.442756,34,33,8,25,1535.1272861442387,22,494.02545722884776,235.57692307692307,500.0,13,0,0,1
w6_persistent_bearing,random,3,8,omni,5589.084005,6177.876025,588.7920199999999,3,0,0,0,0.0,0,0.0,0.0,0.0,0,0,0,1
w6_persistent_bearing,random,3,10,dir,5010.084005,6309.753703,1299.6696980000006,5,4,3,1,427.8641542769231,4,109.57283085538462,427.86415427692316,427.86415427692316,1,0,0,1
w6_persistent_bearing,random,3,11,omni,943.918372,6937.192934,5993.274562,19,18,2,16,0.0,18,108.0,0.0,0.0,0,0,0,1
w6_persistent_bearing,random,3,12,omni,949.918372,7017.437102,6067.51873,19,18,2,16,0.0,18,108.0,0.0,0.0,0,0,0,1
w6_persistent_bearing,random,3,14,omni,83.0,1105.192158,1022.1921580000001,3,0,0,0,0.0,0,0.0,0.0,0.0,0,0,0,1
w6_persistent_bearing,random,3,16,omni,2562.083437,3065.191199,503.1077620000001,3,0,0,0,0.0,0,0.0,0.0,0.0,0,0,0,1
w6_persistent_bearing,random,3,18,dir,985.918372,6644.255716,5658.337344,20,19,2,17,493.8668354258343,19,212.77336708516685,493.86683542583427,493.86683542583427,1,0,0,1
w6_persistent_bearing,random,3,19,dir,3869.727773,4936.08091,1066.3531369999996,9,8,8,0,1216.7656849917769,3,286.35313699835535,202.79428083196282,500.0,6,0,0,1
w6_persistent_bearing,random,4,1,omni,1974.776455,2737.338042,762.5615869999999,2,0,0,0,0.0,0,0.0,0.0,0.0,0,0,0,1
w6_persistent_bearing,random,4,2,omni,1980.776455,2649.397343,668.6208880000001,2,0,0,0,0.0,0,0.0,0.0,0.0,0,0,0,1
w6_persistent_bearing,random,4,4,omni,23.0,556.700998,533.700998,2,0,0,0,0.0,0,0.0,0.0,0.0,0,0,0,1
w6_persistent_bearing,random,4,5,dir,5289.483769,6005.591774,716.108005,4,1,1,0,337.14729681724515,0,72.42945936344903,481.73741683256685,481.73741683256685,1,0,0,1
w6_persistent_bearing,random,4,7,omni,41.0,1453.769143,1412.769143,8,7,6,1,681.3002511556014,3,174.26005023112026,136.26005023112026,353.26596854098483,5,0,0,1
w6_persistent_bearing,random,4,9,omni,53.0,576.114965,523.114965,2,0,0,0,0.0,0,0.0,0.0,0.0,0,0,0,1
w6_persistent_bearing,random,4,10,omni,1617.228323,2959.374284,1342.145961,4,0,0,0,0.0,0,0.0,0.0,0.0,0,0,0,1
w6_persistent_bearing,random,4,13,omni,2028.776455,2699.688422,670.9119670000002,3,0,0,0,0.0,0,0.0,0.0,0.0,0,0,0,1
w6_persistent_bearing,random,4,15,omni,89.0,2168.172747,2079.172747,6,5,2,3,241.1481328346735,5,78.2296265669347,241.14813283467353,241.14813283467353,1,0,0,1
w6_persistent_bearing,random,4,16,omni,95.0,1762.306924,1667.306924,5,3,3,0,1068.7202680615835,3,231.7440536123167,500.0,500.0,1,0,0,1
w6_persistent_bearing,random,4,17,omni,101.0,6224.02253,6123.02253,22,19,2,17,0.0,19,114.0,0.0,0.0,0,0,0,1
w6_persistent_bearing,random,5,1,omni,5.0,1224.788801,1219.788801,8,6,6,0,321.364239412854,2,96.2728478825708,194.3608513562492,500.0,6,0,0,1
w6_persistent_bearing,random,5,2,omni,325.0,1527.293134,1202.293134,4,3,3,0,534.5886528057424,1,122.91773056114849,267.29432640287126,357.4784175291412,2,0,0,1
w6_persistent_bearing,random,5,3,dir,3444.360127,3803.25794,358.89781300000004,2,0,0,0,0.0,0,0.0,0.0,0.0,0,0,0,1
w6_persistent_bearing,random,5,4,omni,337.0,2305.546999,1968.5469990000001,5,0,0,0,0.0,0,0.0,0.0,0.0,0,0,0,1
w6_persistent_bearing,random,5,6,dir,35.0,5729.788048,5694.788048,21,19,3,16,808.5487034965306,19,275.7097406993061,500.0,500.0,2,0,0,1
w6_persistent_bearing,random,5,7,omni,41.0,5542.496101,5501.496101,19,15,0,15,0.0,15,90.0,0.0,0.0,0,0,0,1
w6_persistent_bearing,random,5,8,omni,704.0,3155.356851,2451.356851,9,8,5,3,880.2859359324474,7,223.05718718648947,440.14296796622375,500.0,2,0,0,1
w6_persistent_bearing,random,5,9,omni,53.0,5360.96829,5307.96829,19,18,3,15,0.0,18,108.0,0.0,0.0,0,0,0,1
w6_persistent_bearing,random,5,11,omni,65.0,856.55046,791.55046,2,0,0,0,0.0,0,0.0,0.0,0.0,0,0,0,1
w6_persistent_bearing,random,5,12,omni,71.0,5506.827716,5435.827716,19,15,2,13,0.0,15,90.0,0.0,0.0,0,0,0,1
w6_persistent_bearing,random,5,13,dir,1313.855044,6819.533476,5505.678432,21,18,1,17,0.0,18,108.0,0.0,0.0,0,0,0,1
w6_persistent_bearing,random,5,15,omni,403.0,2411.062549,2008.0625490000002,6,4,4,0,500.0,4,124.0,500.0,500.0,1,0,0,1
w6_persistent_bearing,random,5,17,omni,101.0,1159.730771,1058.730771,4,2,2,0,633.0760937647258,2,138.61521875294517,378.79905020814977,500.0,2,0,0,1
w6_persistent_bearing,random,5,18,dir,107.0,5481.007594,5374.007594,19,16,1,15,0.0,16,96.0,0.0,0.0,0,0,0,1
w6_persistent_bearing,random,6,1,dir,6001.320967,6254.777288,253.45632100000057,2,0,0,0,0.0,0,0.0,0.0,0.0,0,0,0,1
w6_persistent_bearing,random,6,2,dir,2764.946967,9045.773406,6280.826439,21,20,2,18,2404.263755078232,11,591.8527510156464,233.80030202243262,437.75375697817174,11,0,0,1
w6_persistent_bearing,random,6,3,dir,2164.936763,4020.209618,1855.2728549999997,6,5,3,2,192.12249986010622,5,68.42449997202124,500.0,500.0,1,0,0,1
w6_persistent_bearing,random,6,4,omni,23.0,8601.673572,8578.673572,25,24,10,14,1027.455453165748,19,344.4910906331496,214.46947934772618,500.0,6,0,0,1
w6_persistent_bearing,random,6,6,dir,4192.139238,8235.09925,4042.9600119999996,6,2,0,2,0.0,2,12.0,0.0,0.0,0,0,0,1
w6_persistent_bearing,random,6,8,dir,4983.763497,8145.88795,3162.1244530000004,24,23,4,19,1072.9334067260374,3,332.58668134520747,156.99404761904762,500.0,21,0,0,1
w6_persistent_bearing,random,6,9,dir,2200.936763,3442.350968,1241.414205,8,7,2,5,803.9328591809053,3,198.78657183618105,240.9831436359721,415.07569276754094,5,0,0,1
w6_persistent_bearing,random,6,10,omni,59.0,8515.374272,8456.374272,22,21,9,12,971.7463774251278,20,319.34927548502554,414.98212828564783,500.0,3,0,0,1
w6_persistent_bearing,random,6,11,dir,5953.320967,6898.393952,945.0729850000007,21,20,5,15,2080.103778604218,0,516.0207557208436,188.28125,500.0,20,0,0,1
w6_persistent_bearing,random,6,12,dir,4597.753293,8401.601406,3803.848113,6,3,1,2,894.8943480875051,3,196.97886961750103,448.48801286582403,448.48801286582403,1,0,0,1
w6_persistent_bearing,random,6,14,dir,1055.934623,1310.089064,254.1544409999999,1,0,0,0,0.0,0,0.0,0.0,0.0,0,0,0,1
w6_persistent_bearing,random,6,15,omni,89.0,572.036733,483.036733,2,0,0,0,0.0,0,0.0,0.0,0.0,0,0,0,1
w6_persistent_bearing,random,6,16,dir,1865.861169,8756.538084,6890.676915,14,11,1,10,0.0,11,66.0,0.0,0.0,0,0,0,1
w6_persistent_bearing,random,6,18,omni,2242.936763,3522.685678,1279.7489149999997,3,1,0,1,0.0,1,6.0,0.0,0.0,0,0,0,1
w6_persistent_bearing,random,6,19,dir,113.0,7609.467762,7496.467762,42,41,5,36,2349.2867243889755,20,694.8573448777951,111.36252851142919,500.0,22,0,1,1
w6_persistent_bearing,random,6,20,dir,119.0,7255.984507,7136.984507,22,21,5,16,8240.977840504518,17,1770.1955681009035,380.13479551728466,500.0,3,0,0,1
w6_persistent_bearing,random,7,1,omni,6799.926727,7646.476264,846.5495369999999,2,0,0,0,0.0,0,0.0,0.0,0.0,0,0,0,1
w6_persistent_bearing,random,7,2,dir,7079.815642,7341.864959,262.0493170000009,1,0,0,0,0.0,0,0.0,0.0,0.0,0,0,0,1
w6_persistent_bearing,random,7,3,omni,1082.012174,3449.513788,2367.5016140000002,7,6,4,2,512.4706485715279,6,138.4941297143056,500.0,500.0,1,0,0,1
w6_persistent_bearing,random,7,4,omni,5891.11721,6349.507261,458.3900509999994,1,0,0,0,0.0,0,0.0,0.0,0.0,0,0,0,1
w6_persistent_bearing,random,7,5,omni,29.0,4433.754562,4404.754562,17,16,7,9,1185.578502274555,11,328.115700454911,197.59641704575915,500.0,6,0,0,1
w6_persistent_bearing,random,7,6,dir,35.0,5444.467613,5409.467613,27,26,6,20,1388.490650845959,16,423.6981301691918,269.2307692307692,500.0,13,0,0,1
w6_persistent_bearing,random,7,9,omni,53.0,1752.834386,1699.834386,6,4,4,0,630.3032152087239,1,147.06064304174478,116.22775095198864,253.7157472027347,4,0,0,1
w6_persistent_bearing,random,7,10,dir,4106.638861,5049.936871,943.2980099999995,8,7,2,5,1423.616531425301,2,321.7233062850602,416.6666666666667,500.0,6,0,0,1
w6_persistent_bearing,random,7,13,dir,77.0,5630.453402,5553.453402,40,39,4,35,2900.1521428192627,16,791.0304285638525,129.59134615384616,500.0,24,0,2,1
w6_persistent_bearing,random,7,16,dir,95.0,5807.421019,5712.421019,17,15,3,12,1227.7240668236268,14,334.54481336472537,258.604102600236,445.98755561424616,3,0,0,1
w6_persistent_bearing,random,7,18,dir,2434.557877,2976.535287,541.97741,2,0,0,0,0.0,0,0.0,0.0,0.0,0,0,0,1
w6_persistent_bearing,random,7,19,dir,6440.482727,6947.035558,506.55283099999997,3,0,0,0,0.0,0,0.0,0.0,0.0,0,0,0,1
w6_persistent_bearing,random,8,2,omni,11.0,1888.298665,1877.298665,10,9,7,2,1024.7195384366228,6,255.94390768732455,204.94390768732455,500.0,5,0,0,1
w6_persistent_bearing,random,8,3,omni,17.0,585.155209,568.155209,1,0,0,0,0.0,0,0.0,0.0,0.0,0,0,0,1
w6_persistent_bearing,random,8,4,omni,23.0,4610.737083,4587.737083,17,12,2,10,0.0,12,72.0,0.0,0.0,0,0,0,1
w6_persistent_bearing,random,8,5,dir,467.76009,1004.231046,536.470956,2,0,0,0,0.0,0,0.0,0.0,0.0,0,0,0,1
w6_persistent_bearing,random,8,7,omni,1207.210128,3876.971921,2669.7617929999997,11,9,3,6,1071.1700497574316,9,268.2340099514863,500.0,500.0,1,0,0,1
w6_persistent_bearing,random,8,9,omni,53.0,2009.083287,1956.083287,9,8,5,3,454.5206638729872,5,135.90413277459743,155.9588248490328,342.10799576469947,4,0,0,1
w6_persistent_bearing,random,8,12,omni,71.0,347.355463,276.355463,2,0,0,0,0.0,0,0.0,0.0,0.0,0,0,0,1
w6_persistent_bearing,random,8,13,omni,77.0,5974.40878,5897.40878,22,20,2,18,0.0,20,120.0,0.0,0.0,0,0,0,1
w6_persistent_bearing,random,8,16,omni,407.76009,5908.832067,5501.0719770000005,22,21,4,17,500.00000000000006,21,226.0,500.0,500.0,1,0,0,1
w6_persistent_bearing,random,8,17,omni,101.0,6152.873829,6051.873829,22,21,2,19,0.0,21,126.0,0.0,0.0,0,0,0,1
w6_persistent_bearing,random,8,19,omni,113.0,1264.972222,1151.972222,6,5,5,0,655.2100428210995,4,160.04200856421988,322.49819688561297,500.0,3,0,0,1
w6_persistent_bearing,random,9,1,dir,2921.460544,3609.192059,687.731515,3,1,1,0,237.74258056735866,0,52.548516113471734,257.14080450162766,257.14080450162766,1,0,0,1
w6_persistent_bearing,random,9,2,omni,11.0,3194.771659,3183.771659,9,8,2,6,163.8507734456771,8,80.77015468913542,287.9312070819051,287.9312070819051,1,0,0,1
w6_persistent_bearing,random,9,5,dir,2382.64185,5066.171587,2683.529737,10,9,6,3,911.5904391007855,7,234.3180878201571,303.86347970026185,500.0,3,0,0,1
w6_persistent_bearing,random,9,6,dir,1973.069942,6076.220776,4103.150834,24,23,5,18,2664.9300270211143,11,658.9860054042229,245.53571428571428,500.0,14,0,0,1
w6_persistent_bearing,random,9,8,dir,2963.460544,5800.022232,2836.5616880000002,24,23,6,17,952.660872750584,7,312.5321745501168,81.69475308368828,500.0,17,0,0,1
w6_persistent_bearing,random,9,9,omni,53.0,2204.197615,2151.197615,8,7,4,3,888.9858313518978,6,218.79716627037956,444.49291567594895,500.0,2,0,0,1
w6_persistent_bearing,random,9,11,dir,1127.510887,8606.543078,7479.032191,21,19,6,13,715.0794764668527,15,253.01589529337053,143.01589529337056,370.5443224156895,5,0,0,1
w6_persistent_bearing,random,9,12,dir,705.826386,9539.857544,8834.031158,29,28,3,25,2993.300446372918,18,756.6600892745836,306.8181818181818,500.0,11,0,0,1
w6_persistent_bearing,random,9,14,dir,397.0,975.549869,578.549869,5,4,3,1,1003.6174183575583,2,222.72348367151167,270.55671159618333,465.5849936793161,3,0,0,1
w6_persistent_bearing,random,9,16,dir,6415.79823,7684.193752,1268.3955219999998,26,25,5,20,2732.010033379105,3,674.402006675821,149.11684782608697,500.0,23,0,0,1
w6_persistent_bearing,random,9,18,dir,1544.112358,8683.593583,7139.4812249999995,37,36,5,31,6638.732744075687,13,1520.7465488151374,127.6786566524991,434.04845864313785,23,0,0,1
w6_persistent_bearing,random,9,19,omni,427.0,1426.308562,999.3085619999999,4,3,3,0,254.40736793254933,3,68.88147358650987,254.40736793254936,254.40736793254936,1,0,0,1
w6_persistent_bearing,random,9,20,omni,119.0,3096.808824,2977.808824,10,8,5,3,1874.3547345739328,7,421.87094691478654,472.171791696442,500.0,2,0,0,1
w6_persistent_bearing,min_reff,10000,1,dir,5349.963495,6850.033757,1500.0702620000002,12,11,3,8,2220.2235756457767,4,503.04471512915535,254.52250454375394,416.0343208965672,6,0,0,1
w6_persistent_bearing,min_reff,10000,2,dir,11.0,5619.571521,5608.571521,19,18,2,16,412.49402166090874,18,190.49880433218175,412.4940216609087,412.4940216609087,1,0,0,1
w6_persistent_bearing,min_reff,10000,3,dir,977.272819,3517.074724,2539.8019050000003,7,5,1,4,0.0,5,30.0,0.0,0.0,0,0,0,1
w6_persistent_bearing,min_reff,10000,4,omni,3837.009154,4673.153453,836.144299,4,3,2,1,454.0396487956424,3,108.80792975912848,454.0396487956424,454.0396487956424,1,0,0,1
w6_persistent_bearing,min_reff,10000,5,dir,29.0,3229.75691,3200.75691,10,9,1,8,0.0,9,54.0,0.0,0.0,0,0,0,1
w6_persistent_bearing,min_reff,10000,6,omni,349.0,3966.019792,3617.019792,11,10,2,8,644.2808875801518,10,188.85617751603036,500.0,500.0,1,0,0,1
w6_persistent_bearing,min_reff,10000,7,omni,1945.044515,2525.426145,580.3816299999999,2,0,0,0,0.0,0,0.0,0.0,0.0,0,0,0,1
w6_persistent_bearing,min_reff,10000,9,dir,2366.054719,2791.282666,425.22794699999986,3,1,1,0,67.2555162707161,0,18.45110325414322,91.1628263963673,91.1628263963673,1,0,0,1
w6_persistent_bearing,min_reff,10000,10,dir,2673.422654,3274.597174,601.17452,2,0,0,0,0.0,0,0.0,0.0,0.0,0,0,0,1
w6_persistent_bearing,min_reff,10000,13,dir,5679.514409,6427.595235,748.0808259999994,5,4,3,1,584.9119051223169,3,139.98238102446336,292.45595256115837,391.8761478414048,2,0,0,1
w6_persistent_bearing,min_reff,10000,14,dir,397.0,3399.359392,3002.359392,10,9,1,8,553.7011768849668,9,164.74023537699335,500.0,500.0,1,0,0,1
w6_persistent_bearing,min_reff,10000,16,omni,409.0,1318.931435,909.931435,4,0,0,0,0.0,0,0.0,0.0,0.0,0,0,0,1
w6_persistent_bearing,min_reff,10000,17,omni,101.0,5536.462838,5435.462838,18,17,1,16,0.0,17,102.0,0.0,0.0,0,0,0,1
w6_persistent_bearing,min_reff,10000,19,dir,427.0,1092.815466,665.815466,2,0,0,0,0.0,0,0.0,0.0,0.0,0,0,0,1
w6_persistent_bearing,min_reff,10001,1,dir,4382.907121,6861.412391,2478.5052699999997,9,8,2,6,2847.8034379444935,8,617.5606875888986,0.0,0.0,0,0,0,1
w6_persistent_bearing,min_reff,10001,2,omni,3128.895317,3857.948471,729.0531540000002,3,2,2,0,0.0,2,12.0,0.0,0.0,0,0,0,1
w6_persistent_bearing,min_reff,10001,3,omni,17.0,282.865527,265.865527,1,0,0,0,0.0,0,0.0,0.0,0.0,0,0,0,1
w6_persistent_bearing,min_reff,10001,4,omni,430.935128,1017.764998,586.82987,2,0,0,0,0.0,0,0.0,0.0,0.0,0,0,0,1
w6_persistent_bearing,min_reff,10001,5,omni,424.935128,1386.515577,961.5804489999998,4,3,2,1,375.1371437744129,3,93.02742875488258,375.137143774413,375.137143774413,1,0,0,1
w6_persistent_bearing,min_reff,10001,8,dir,5077.695875,5478.526177,400.8303019999994,4,2,2,0,512.8920059175349,0,112.57840118350698,267.432657381088,356.51004993013686,2,0,0,1
w6_persistent_bearing,min_reff,10001,9,dir,53.0,2940.15017,2887.15017,12,11,2,9,674.7753935977007,10,199.95507871954015,266.11125688123013,500.0,2,0,0,1
w6_persistent_bearing,min_reff,10001,14,dir,4430.907121,4825.129411,394.2222899999997,1,0,0,0,0.0,0,0.0,0.0,0.0,0,0,0,1
w6_persistent_bearing,min_reff,10001,16,dir,5829.081622,6059.162165,230.08054300000003,2,0,0,0,0.0,0,0.0,0.0,0.0,0,0,0,1
w6_persistent_bearing,min_reff,10001,17,dir,3062.895317,4228.435687,1165.5403700000002,6,5,3,2,1444.9030075299381,3,316.98060150598764,340.37390642941637,500.0,3,0,0,1
w6_persistent_bearing,min_reff,10001,18,dir,1952.486434,2602.331213,649.844779,3,2,2,0,500.0,2,112.0,500.0,500.0,1,0,0,1
w6_persistent_bearing,min_reff,10001,20,dir,3050.895317,4500.250991,1449.355674,5,4,3,1,1382.0208992244493,4,300.4041798448899,399.71730006370944,399.71730006370944,1,0,0,1
w6_persistent_bearing,min_reff,10002,1,dir,5555.00661,7156.01608,1601.00947,5,3,1,2,1834.9412087504172,2,383.98824175008343,500.0,500.0,1,0,0,1
w6_persistent_bearing,min_reff,10002,2,dir,11.0,690.24767,679.24767,1,0,0,0,0.0,0,0.0,0.0,0.0,0,0,0,1
w6_persistent_bearing,min_reff,10002,3,dir,1850.842256,2553.103529,702.2612730000001,3,1,1,0,473.08669312095134,1,100.61733862419027,500.0,500.0,1,0,0,1
w6_persistent_bearing,min_reff,10002,4,dir,2378.387876,3952.593207,1574.2053310000001,13,12,2,10,2184.64936451106,3,499.92987290221197,255.6818181818182,500.0,11,0,0,1
w6_persistent_bearing,min_reff,10002,5,dir,29.0,6095.624897,6066.624897,20,19,2,17,516.4948261045356,19,217.29896522090712,500.0,500.0,1,0,0,1
w6_persistent_bearing,min_reff,10002,6,dir,813.434063,2219.368969,1405.934906,6,5,3,2,323.601750210074,5,94.7203500420148,323.60175021007404,323.60175021007404,1,0,0,1
w6_persistent_bearing,min_reff,10002,8,dir,2360.387876,2789.841146,429.45327000000043,1,0,0,0,0.0,0,0.0,0.0,0.0,0,0,0,1
w6_persistent_bearing,min_reff,10002,9,omni,391.369069,999.876908,608.5078389999999,1,0,0,0,0.0,0,0.0,0.0,0.0,0,0,0,1
w6_persistent_bearing,min_reff,10002,11,dir,5531.00661,5974.609188,443.602578,2,0,0,0,0.0,0,0.0,0.0,0.0,0,0,0,1
w6_persistent_bearing,min_reff,10002,12,dir,2342.387876,3384.471014,1042.0831380000004,4,3,3,0,810.7205522938156,1,178.14411045876312,190.95045777764338,500.0,3,0,0,1
w6_persistent_bearing,min_reff,10002,13,dir,5525.00661,5905.841874,380.83526399999937,2,0,0,0,0.0,0,0.0,0.0,0.0,0,0,0,1
w6_persistent_bearing,min_reff,10002,17,omni,3677.27149,4702.374746,1025.1032560000003,4,2,2,0,559.58292490349,2,123.916584980698,481.48273242657467,481.48273242657467,1,0,0,1
w6_persistent_bearing,min_reff,10002,19,dir,6613.670678,6906.763054,293.0923759999996,2,0,0,0,0.0,0,0.0,0.0,0.0,0,0,0,1
w6_persistent_bearing,min_reff,10003,1,omni,1294.373126,2434.592154,1140.219028,3,0,0,0,0.0,0,0.0,0.0,0.0,0,0,0,1
w6_persistent_bearing,min_reff,10003,2,dir,426.0,4379.412786,3953.412786,13,12,2,10,1937.5185891786346,11,458.5037178357269,238.1801052499244,238.1801052499244,1,0,0,1
w6_persistent_bearing,min_reff,10003,3,dir,17.0,993.018521,976.018521,3,2,2,0,142.40452103196745,2,40.48090420639349,309.9081532709887,309.9081532709887,1,0,0,1
w6_persistent_bearing,min_reff,10003,5,omni,29.0,1762.239941,1733.239941,4,3,1,2,827.4888877749173,3,183.49777755498346,500.0,500.0,1,0,0,1
w6_persistent_bearing,min_reff,10003,6,dir,5478.457595,5780.696124,302.2385290000002,2,0,0,0,0.0,0,0.0,0.0,0.0,0,0,0,1
w6_persistent_bearing,min_reff,10003,7,dir,4836.280425,5296.074917,459.794492,2,0,0,0,0.0,0,0.0,0.0,0.0,0,0,0,1
w6_persistent_bearing,min_reff,10003,8,dir,47.0,1103.966649,1056.966649,5,4,3,1,343.81430213515625,2,90.76286042703126,275.90758487658496,500.0,3,0,0,1
w6_persistent_bearing,min_reff,10003,9,dir,748.959253,3827.645182,3078.685929,9,8,2,6,449.95568538539356,8,137.99113707707872,449.9556853853936,449.9556853853936,1,0,0,1
w6_persistent_bearing,min_reff,10003,13,dir,1234.373126,3334.57623,2100.203104,10,9,2,7,806.0731911814242,7,213.21463823628486,437.5,500.0,4,0,0,1
w6_persistent_bearing,min_reff,10003,14,dir,1228.373126,2012.300527,783.9274010000001,1,0,0,0,0.0,0,0.0,0.0,0.0,0,0,0,1
w6_persistent_bearing,min_reff,10003,15,omni,1950.383212,6322.14762,4371.764408,16,15,3,12,2602.257484567446,13,608.4514969134892,324.8044176931226,500.0,3,0,0,1
w6_persistent_bearing,min_reff,10003,16,dir,1216.373126,2783.858192,1567.4850660000002,5,4,1,3,568.6172318041167,4,137.72344636082335,422.4559161293422,422.4559161293422,1,0,0,1
w6_persistent_bearing,min_reff,10003,17,dir,4505.270221,5144.173309,638.903088,6,4,4,0,1198.8780890458754,1,260.77561780917506,176.952288751633,500.0,4,0,0,1
w6_persistent_bearing,min_reff,10003,18,dir,107.0,1582.956506,1475.956506,13,12,4,8,1994.352392024191,4,462.8704784048382,268.922920200416,500.0,10,0,0,1
w6_persistent_bearing,min_reff,10003,19,omni,113.0,872.82839,759.82839,2,0,0,0,0.0,0,0.0,0.0,0.0,0,0,0,1
w6_persistent_bearing,min_reff,10003,20,dir,119.0,558.13037,439.13036999999997,3,2,2,0,539.5449083663633,1,118.90898167327266,261.10011556813504,500.0,2,0,0,1
w6_persistent_bearing,min_reff,10004,1,omni,5.0,1462.558885,1457.558885,3,2,1,1,970.0,1,205.0,0.0,0.0,0,0,0,1
w6_persistent_bearing,min_reff,10004,2,dir,6508.272062,6966.483493,458.2114309999997,2,0,0,0,0.0,0,0.0,0.0,0.0,0,0,0,1
w6_persistent_bearing,min_reff,10004,3,dir,1411.912649,7592.886437,6180.973788,18,17,1,16,0.0,17,102.0,0.0,0.0,0,0,0,1
w6_persistent_bearing,min_reff,10004,5,dir,3902.575724,4236.178964,333.6032399999999,4,3,3,0,431.8685889597123,0,101.37371779194247,191.4759289018899,500.0,3,0,0,1
w6_persistent_bearing,min_reff,10004,6,dir,35.0,1129.921162,1094.921162,7,6,2,4,1152.0465432792064,2,262.4093086558413,358.59272912709423,500.0,5,0,0,1
w6_persistent_bearing,min_reff,10004,8,dir,47.0,4056.373698,4009.373698,12,11,1,10,0.0,11,66.0,0.0,0.0,0,0,0,1
w6_persistent_bearing,min_reff,10004,9,dir,53.0,868.511853,815.511853,3,2,2,0,290.76969243175665,2,70.15393848635134,290.7696924317567,290.7696924317567,1,0,0,1
w6_persistent_bearing,min_reff,10004,10,dir,1699.629992,2280.628205,580.9982130000001,8,7,3,4,876.8153042554607,2,212.36306085109214,309.2224778232032,500.0,6,0,0,1
w6_persistent_bearing,min_reff,10004,12,dir,2017.806136,3200.35048,1182.5443440000001,6,5,3,2,1245.7162784611505,3,277.1432556922301,276.86582173386654,500.0,3,0,0,1
w6_persistent_bearing,min_reff,10004,13,dir,8002.994886,8400.405895,397.41100899999947,7,6,3,3,863.4561769497074,0,202.69123538994148,307.2941098968766,500.0,6,0,0,1
w6_persistent_bearing,min_reff,10004,14,dir,1357.912649,7201.845843,5843.933194,23,22,3,19,985.9418511556352,17,324.188370231127,334.87896509613665,500.0,6,0,0,1
w6_persistent_bearing,min_reff,10004,16,omni,95.0,1554.115545,1459.115545,3,2,1,1,0.0,2,12.0,0.0,0.0,0,0,0,1
w6_persistent_bearing,min_reff,10004,17,dir,4648.634476,5904.633043,1255.9985669999996,9,8,1,7,2667.1973669004706,3,576.4394733800941,339.2857142857143,500.0,7,0,0,1
w6_persistent_bearing,min_reff,10004,19,dir,113.0,1805.521566,1692.521566,5,4,2,2,327.2699422736906,4,89.45398845473812,483.15821835912834,483.15821835912834,1,0,0,1
w6_persistent_bearing,min_reff,10005,1,dir,3181.177623,3580.369323,399.19169999999986,4,3,3,0,327.9026241059603,0,80.58052482119206,187.6763250657729,500.0,3,0,0,1
w6_persistent_bearing,min_reff,10005,2,omni,325.0,3761.361583,3436.361583,11,10,3,7,740.2907375508455,8,206.0581475101691,213.2910370772058,437.5311030576241,3,0,0,1
w6_persistent_bearing,min_reff,10005,3,omni,1420.325967,5038.143601,3617.817634,8,7,3,4,660.3098566760491,5,172.06197133520982,257.3231753687507,441.0079703519384,3,0,0,1
w6_persistent_bearing,min_reff,10005,4,dir,337.0,4018.767124,3681.767124,8,6,0,6,0.0,6,36.0,0.0,0.0,0,0,0,1
w6_persistent_bearing,min_reff,10005,6,omni,35.0,857.753624,822.753624,2,0,0,0,0.0,0,0.0,0.0,0.0,0,0,0,1
w6_persistent_bearing,min_reff,10005,7,dir,710.0,5687.772042,4977.772042,8,7,1,6,1200.2340217139322,7,282.04680434278646,500.0,500.0,1,0,0,1
w6_persistent_bearing,min_reff,10005,8,dir,1053.325967,5434.643885,4381.317918000001,10,9,4,5,1833.3945480728355,6,417.6789096145671,183.85111136703455,466.07686241683615,4,0,0,1
w6_persistent_bearing,min_reff,10005,9,dir,367.0,3930.968202,3563.968202,13,12,2,10,674.2154048324642,8,202.84308096649283,357.63940923066923,500.0,5,0,0,1
w6_persistent_bearing,min_reff,10005,10,omni,373.0,3421.491275,3048.491275,12,11,5,6,698.1206375930684,8,202.62412751861368,174.53015939826707,453.65767549761625,4,0,0,1
w6_persistent_bearing,min_reff,10005,12,dir,1372.325967,4867.212199,3494.886232,6,4,1,3,1199.3387342065182,4,263.86774684130364,441.7366023466134,441.7366023466134,1,0,0,1
w6_persistent_bearing,min_reff,10005,14,dir,1703.325967,2730.649144,1027.323177,5,3,3,0,151.47468625884397,2,47.29493725176879,180.0066724608241,180.0066724608241,1,0,0,1
w6_persistent_bearing,min_reff,10005,15,dir,2273.41403,4525.166167,2251.7521370000004,6,5,1,4,1693.406159961979,2,365.6812319923958,437.5,500.0,4,0,0,1
w6_persistent_bearing,min_reff,10005,16,omni,1348.325967,4885.08163,3536.755663,6,4,1,3,36.630875583140096,4,31.32617511662802,476.7842822812823,476.7842822812823,1,0,0,1
w6_persistent_bearing,min_reff,10005,17,dir,1721.325967,2606.260004,884.9340370000002,9,8,4,4,1054.069150870758,2,252.8138301741516,273.6399328669788,500.0,7,0,0,1
w6_persistent_bearing,min_reff,10005,18,omni,107.0,4156.640886,4049.640886,9,7,1,6,0.0,7,42.0,0.0,0.0,0,0,0,1
w6_persistent_bearing,min_reff,10005,19,dir,427.0,3457.539545,3030.539545,9,8,1,7,120.31838973049044,8,72.0636779460981,473.3340193320843,473.3340193320843,1,0,0,1
w6_persistent_bearing,min_reff,10006,1,omni,1415.508225,2844.165878,1428.6576529999998,4,3,2,1,574.7788776887184,2,131.95577553774368,0.0,0.0,0,0,0,1
w6_persistent_bearing,min_reff,10006,2,dir,11.0,992.098564,981.098564,3,1,1,0,561.1789251146306,1,118.23578502292612,457.66838959819336,457.66838959819336,1,0,0,1
w6_persistent_bearing,min_reff,10006,3,dir,1421.508225,3265.558708,1844.050483,8,7,1,6,1151.7403489117526,4,269.34806978235054,500.0,500.0,3,0,0,1
w6_persistent_bearing,min_reff,10006,5,dir,2992.248559,3583.341814,591.0932549999998,10,9,3,6,1319.6143333595405,0,308.9228666719081,295.95318375832596,500.0,9,0,0,1
w6_persistent_bearing,min_reff,10006,6,dir,7232.840441,7681.796366,448.9559249999993,2,0,0,0,0.0,0,0.0,0.0,0.0,0,0,0,1
w6_persistent_bearing,min_reff,10006,7,dir,41.0,1719.453179,1678.453179,7,6,4,2,851.6234929936068,3,203.32469859872134,176.38035693999504,500.0,4,0,0,1
w6_persistent_bearing,min_reff,10006,16,omni,1823.073292,2353.127896,530.0546039999999,2,0,0,0,0.0,0,0.0,0.0,0.0,0,0,0,1
w6_persistent_bearing,min_reff,10006,17,dir,4544.90581,4811.885236,266.9794259999999,3,2,2,0,371.48031612446783,0,84.29606322489357,262.68670991181693,500.0,2,0,0,1
w6_persistent_bearing,min_reff,10006,18,dir,107.0,1183.965274,1076.965274,10,9,2,7,1096.323686588675,2,266.264737317735,328.125,500.0,8,0,0,1
w6_persistent_bearing,min_reff,10006,19,dir,5481.282201,7918.152251,2436.8700500000004,9,7,1,6,969.9999999999999,6,234.99999999999997,0.0,0.0,0,0,0,1
w6_persistent_bearing,min_reff,10006,20,omni,1805.073292,7058.988246,5253.914954,18,16,2,14,5552.9220158989565,14,1204.5844031797913,0.0,0.0,0,0,0,1
w6_persistent_bearing,min_reff,10007,3,omni,769.822613,4208.265273,3438.4426599999997,10,9,2,7,0.0,9,54.0,0.0,0.0,0,0,0,1
w6_persistent_bearing,min_reff,10007,4,omni,998.822613,1511.959677,513.137064,1,0,0,0,0.0,0,0.0,0.0,0.0,0,0,0,1
w6_persistent_bearing,min_reff,10007,5,dir,29.0,592.987032,563.987032,1,0,0,0,0.0,0,0.0,0.0,0.0,0,0,0,1
w6_persistent_bearing,min_reff,10007,6,dir,5358.283349,6179.632489,821.3491399999994,7,5,2,3,1454.6181595522783,1,316.92363191045564,450.0,500.0,5,0,0,1
w6_persistent_bearing,min_reff,10007,7,omni,1010.822613,3467.07785,2456.2552370000003,6,5,2,3,0.0,5,30.0,0.0,0.0,0,0,0,1
w6_persistent_bearing,min_reff,10007,8,dir,745.822613,4660.347129,3914.5245159999995,16,15,5,10,1419.0346149725713,11,369.80692299451425,186.9911884543245,500.0,5,0,0,1
w6_persistent_bearing,min_reff,10007,9,dir,739.822613,1191.971694,452.149081,1,0,0,0,0.0,0,0.0,0.0,0.0,0,0,0,1
w6_persistent_bearing,min_reff,10007,10,dir,1423.012894,2411.669228,988.6563340000002,8,7,3,4,1285.318177342459,2,294.0636354684918,286.72021603220225,500.0,6,0,0,1
w6_persistent_bearing,min_reff,10007,11,omni,727.822613,4175.77521,3447.9525969999995,10,9,2,7,0.0,9,54.0,0.0,0.0,0,0,0,1
w6_persistent_bearing,min_reff,10007,16,omni,5328.283349,5825.462885,497.17953599999964,3,0,0,0,0.0,0,0.0,0.0,0.0,0,0,0,1
w6_persistent_bearing,min_reff,10007,18,dir,1375.012894,3236.221949,1861.2090550000003,14,13,2,11,1964.3822590632851,7,464.876451812657,301.0291671605423,500.0,8,0,0,1
w6_persistent_bearing,min_reff,10007,19,omni,679.822613,3833.720068,3153.8974550000003,8,6,1,5,0.0,6,36.0,0.0,0.0,0,0,0,1
w6_persistent_bearing,min_reff,10008,2,dir,3083.781874,3612.980915,529.1990410000003,2,0,0,0,0.0,0,0.0,0.0,0.0,0,0,0,1
w6_persistent_bearing,min_reff,10008,3,omni,833.828883,1813.40177,979.5728869999999,3,2,1,1,0.0,2,12.0,0.0,0.0,0,0,0,1
w6_persistent_bearing,min_reff,10008,9,omni,869.828883,1883.780586,1013.9517030000001,3,2,1,1,0.0,2,12.0,0.0,0.0,0,0,0,1
w6_persistent_bearing,min_reff,10008,10,dir,59.0,628.981323,569.981323,4,3,3,0,784.4192388228054,1,172.88384776456107,271.35681853820194,500.0,3,0,0,1
w6_persistent_bearing,min_reff,10008,11,dir,2045.652027,2301.215185,255.56315799999993,2,0,0,0,0.0,0,0.0,0.0,0.0,0,0,0,1
w6_persistent_bearing,min_reff,10008,12,dir,4981.918081,6323.305459,1341.3873780000004,7,5,5,0,1898.191181392405,1,405.63823627848103,158.75513504893792,409.91660467108227,5,0,0,1
w6_persistent_bearing,min_reff,10008,15,omni,348.0,1114.351902,766.3519020000001,2,0,0,0,0.0,0,0.0,0.0,0.0,0,0,0,1
w6_persistent_bearing,min_reff,10008,16,omni,4015.897673,5514.527717,1498.630044,5,4,2,2,0.0,4,24.0,0.0,0.0,0,0,0,1
w6_persistent_bearing,min_reff,10008,18,dir,4951.918081,5600.287822,648.3697410000004,2,0,0,0,0.0,0,0.0,0.0,0.0,0,0,0,1
w6_persistent_bearing,min_reff,10008,19,dir,4665.907877,5307.401845,641.4939680000007,2,0,0,0,0.0,0,0.0,0.0,0.0,0,0,0,1
w6_persistent_bearing,min_reff,10008,20,dir,318.0,5910.111318,5592.111318,19,17,1,16,5942.9354856089685,15,1288.5870971217937,0.0,0.0,0,0,0,1
w6_persistent_bearing,min_reff,10009,1,dir,5.0,5048.534652,5043.534652,15,14,2,12,5241.660111644386,12,1130.3320223288772,414.9857283944946,414.9857283944946,1,0,0,1
w6_persistent_bearing,min_reff,10009,4,dir,23.0,2236.745456,2213.745456,6,5,1,4,0.0,5,30.0,0.0,0.0,0,0,0,1
w6_persistent_bearing,min_reff,10009,5,omni,408.0,1085.383309,677.383309,2,0,0,0,0.0,0,0.0,0.0,0.0,0,0,0,1
w6_persistent_bearing,min_reff,10009,7,dir,1264.832488,1626.967969,362.135481,2,0,0,0,0.0,0,0.0,0.0,0.0,0,0,0,1
w6_persistent_bearing,min_reff,10009,8,dir,3286.911576,3629.006069,342.09449300000006,3,2,2,0,536.9602874381093,0,117.39205748762186,262.108878735707,500.0,2,0,0,1
w6_persistent_bearing,min_reff,10009,10,omni,1834.702049,2365.310779,530.6087299999999,1,0,0,0,0.0,0,0.0,0.0,0.0,0,0,0,1
w6_persistent_bearing,min_reff,10009,12,omni,71.0,5112.387387,5041.387387,15,14,2,12,156.6018509977655,14,115.3203701995531,488.33778763325165,488.33778763325165,1,0,0,1
w6_persistent_bearing,min_reff,10009,14,omni,5238.898634,6012.482934,773.5842999999995,4,0,0,0,0.0,0,0.0,0.0,0.0,0,0,0,1
w6_persistent_bearing,min_reff,10009,16,dir,5226.898634,5431.108584,204.20994999999948,1,0,0,0,0.0,0,0.0,0.0,0.0,0,0,0,1
w6_persistent_bearing,min_reff,10009,17,dir,336.0,1054.292503,718.2925029999999,8,7,4,3,1325.687162157051,1,301.1374324314102,272.4400911945055,500.0,7,0,0,1
w6_persistent_bearing,min_reff,10009,18,dir,2113.542441,4063.226637,1949.6841960000002,9,8,2,6,840.2554183700245,6,214.0510836740049,382.4381409388916,437.07216107301895,4,0,0,1
w6_persistent_bearing,min_reff,10009,20,dir,119.0,1967.515715,1848.515715,6,5,2,3,1799.5966061961435,4,388.9193212392287,182.35071305216826,182.35071305216826,1,0,0,1
w6_persistent_bearing,collinear,10000,1,dir,5.0,3932.167077,3927.167077,12,11,4,7,3471.9012165189197,9,758.3802433037839,500.0,500.0,2,0,0,1
w6_persistent_bearing,collinear,10000,2,dir,3377.427139,3808.893668,431.46652900000026,2,0,0,0,0.0,0,0.0,0.0,0.0,0,0,0,1
w6_persistent_bearing,collinear,10000,3,omni,17.0,1194.495571,1177.495571,2,0,0,0,0.0,0,0.0,0.0,0.0,0,0,0,1
w6_persistent_bearing,collinear,10000,4,dir,1612.867005,4058.906169,2446.039164,10,9,3,6,392.87583495547483,8,131.57516699109496,500.0,500.0,1,0,0,1
w6_persistent_bearing,collinear,10000,5,dir,29.0,922.477385,893.477385,2,1,1,0,0.9162977290761457,1,6.183259545815229,500.0,500.0,1,0,0,1
w6_persistent_bearing,collinear,10000,6,omni,35.0,1379.920317,1344.920317,5,4,4,0,749.0380217888528,2,171.80760435777057,165.8806122263022,500.0,4,0,0,1
w6_persistent_bearing,collinear,10000,7,omni,396.0,759.713829,363.71382900000003,1,0,0,0,0.0,0,0.0,0.0,0.0,0,0,0,1
w6_persistent_bearing,collinear,10000,9,dir,53.0,609.25117,556.25117,2,0,0,0,0.0,0,0.0,0.0,0.0,0,0,0,1
w6_persistent_bearing,collinear,10000,10,omni,59.0,476.878728,417.878728,2,0,0,0,0.0,0,0.0,0.0,0.0,0,0,0,1
w6_persistent_bearing,collinear,10000,13,dir,3714.437343,4220.612193,506.1748499999999,4,3,2,1,694.1227535550474,1,154.8245507110095,340.69471311667456,500.0,3,0,0,1
w6_persistent_bearing,collinear,10000,14,dir,1582.867005,1889.928698,307.0616929999999,2,0,0,0,0.0,0,0.0,0.0,0.0,0,0,0,1
w6_persistent_bearing,collinear,10000,16,dir,95.0,1935.505944,1840.505944,12,11,5,6,1439.8995131351717,4,346.97990262703433,275.0,500.0,10,0,0,1
w6_persistent_bearing,collinear,10000,17,dir,3335.427139,3878.450127,543.0229880000002,2,0,0,0,0.0,0,0.0,0.0,0.0,0,0,0,1
w6_persistent_bearing,collinear,10000,19,omni,113.0,1149.45813,1036.45813,2,0,0,0,0.0,0,0.0,0.0,0.0,0,0,0,1
w6_persistent_bearing,collinear,10001,1,dir,5.0,5914.665458,5909.665458,23,22,4,18,6661.205409082889,18,1460.2410818165777,302.5679963931321,500.0,4,0,0,1
w6_persistent_bearing,collinear,10001,2,omni,11.0,3559.284283,3548.284283,14,13,5,8,373.98306258325914,9,148.79661251665183,174.29046757384828,500.0,5,0,0,1
w6_persistent_bearing,collinear,10001,3,dir,17.0,1739.335758,1722.335758,7,6,2,4,219.47577943458992,5,78.89515588691799,294.0880853211784,500.0,2,0,0,1
w6_persistent_bearing,collinear,10001,4,omni,23.0,1759.175992,1736.175992,5,3,1,2,0.0,3,18.0,0.0,0.0,0,0,0,1
w6_persistent_bearing,collinear,10001,5,dir,408.0,1677.599778,1269.599778,7,6,4,2,601.8575405503113,4,154.37150811006228,200.61918018343712,343.8331529480236,3,0,0,1
w6_persistent_bearing,collinear,10001,8,dir,5604.05429,5755.596214,151.5419240000001,2,0,0,0,0.0,0,0.0,0.0,0.0,0,0,0,1
w6_persistent_bearing,collinear,10001,9,dir,384.0,3411.824656,3027.824656,12,11,4,7,994.9789900747978,8,261.9957980149596,238.7623871940171,500.0,4,0,0,1
w6_persistent_bearing,collinear,10001,14,omni,83.0,5983.711362,5900.711362,19,17,5,12,0.0,17,102.0,0.0,0.0,0,0,0,1
w6_persistent_bearing,collinear,10001,16,dir,2038.994006,2758.984661,719.9906550000001,3,0,0,0,0.0,0,0.0,0.0,0.0,0,0,0,1
w6_persistent_bearing,collinear,10001,17,dir,3689.88058,5816.450882,2126.570302,10,9,4,5,500.0,9,154.0,500.0,500.0,1,0,0,1
w6_persistent_bearing,collinear,10001,18,omni,107.0,3174.097007,3067.097007,9,7,2,5,0.0,7,42.0,0.0,0.0,0,0,0,1
w6_persistent_bearing,collinear,10001,20,dir,5249.900988,5969.240715,719.3397269999996,3,0,0,0,0.0,0,0.0,0.0,0.0,0,0,0,1
w6_persistent_bearing,collinear,10002,1,dir,1395.282296,5750.263649,4354.981353,13,12,2,10,4376.995047329671,10,945.3990094659342,0.0,0.0,0,0,0,1
w6_persistent_bearing,collinear,10002,2,dir,11.0,5476.522935,5465.522935,18,16,4,12,534.3403913766645,16,202.8680782753329,500.0,500.0,2,0,0,1
w6_persistent_bearing,collinear,10002,3,dir,420.0,4810.296961,4390.296961,15,13,2,11,500.0,13,178.0,500.0,500.0,1,0,0,1
w6_persistent_bearing,collinear,10002,4,omni,23.0,4760.623827,4737.623827,15,12,5,7,0.0,12,72.0,0.0,0.0,0,0,0,1
w6_persistent_bearing,collinear,10002,5,dir,1041.125639,5577.5614,4536.435761,14,13,2,11,635.4799468760182,13,205.09598937520363,500.0,500.0,1,0,0,1
w6_persistent_bearing,collinear,10002,6,dir,35.0,5321.069387,5286.069387,19,18,1,17,154.35952038120092,16,136.87190407624018,500.0,500.0,3,0,0,1
w6_persistent_bearing,collinear,10002,8,dir,390.0,4825.484367,4435.484367,14,13,1,12,0.0,13,78.0,0.0,0.0,0,0,0,1
w6_persistent_bearing,collinear,10002,9,dir,384.0,5459.471706,5075.471706,15,12,0,12,0.0,12,72.0,0.0,0.0,0,0,0,1
w6_persistent_bearing,collinear,10002,11,dir,1335.282296,5646.649479,4311.367182999999,13,9,0,9,0.0,9,54.0,0.0,0.0,0,0,0,1
w6_persistent_bearing,collinear,10002,12,omni,71.0,5367.339376,5296.339376,16,12,3,9,0.0,12,72.0,0.0,0.0,0,0,0,1
w6_persistent_bearing,collinear,10002,13,dir,993.125639,6280.708663,5287.5830240000005,22,21,2,19,971.5336236359615,17,316.3067247271923,326.9935889121357,435.99145188284757,6,0,0,1
w6_persistent_bearing,collinear,10002,17,dir,101.0,4539.857888,4438.857888,17,15,4,11,991.7857895938325,14,287.3571579187665,291.9603479964134,500.0,3,0,0,1
w6_persistent_bearing,collinear,10002,19,dir,113.0,1087.48928,974.48928,4,3,3,0,500.0,3,118.0,500.0,500.0,1,0,0,1
w6_persistent_bearing,collinear,10003,1,dir,5.0,1514.984719,1509.984719,5,4,3,1,2008.406889001704,2,423.6813778003408,426.6319999375082,500.0,2,0,0,1
w6_persistent_bearing,collinear,10003,2,dir,2281.959272,3161.022586,879.063314,6,5,4,1,452.447771987713,2,117.4895543975426,154.5216575984458,419.23651425235306,4,0,0,1
w6_persistent_bearing,collinear,10003,3,dir,1271.735874,5543.533719,4271.797845,18,17,2,15,3386.541078583542,10,772.3082157167084,375.0,500.0,6,0,0,1
w6_persistent_bearing,collinear,10003,5,omni,29.0,2062.62085,2033.6208499999998,3,0,0,0,0.0,0,0.0,0.0,0.0,0,0,0,1
w6_persistent_bearing,collinear,10003,6,dir,2263.959272,2926.993083,663.0338109999998,2,0,0,0,0.0,0,0.0,0.0,0.0,0,0,0,1
w6_persistent_bearing,collinear,10003,7,dir,2257.959272,2986.140332,728.1810599999999,9,8,3,5,1014.5165284525641,4,246.9033056905128,262.0225949880426,425.206820151028,6,0,0,1
w6_persistent_bearing,collinear,10003,8,omni,47.0,1407.776568,1360.776568,4,2,2,0,24.394576310087547,2,16.878915262017507,436.3309964188701,436.3309964188701,1,0,0,1
w6_persistent_bearing,collinear,10003,9,dir,5094.079977,5433.327959,339.24798199999987,2,0,0,0,0.0,0,0.0,0.0,0.0,0,0,0,1
w6_persistent_bearing,collinear,10003,13,omni,77.0,1422.256634,1345.256634,4,2,2,0,537.3769738990662,2,119.47539477981324,426.0482535641978,426.0482535641978,1,0,0,1
w6_persistent_bearing,collinear,10003,14,dir,1337.735874,1994.904726,657.168852,6,5,5,0,721.5219375304466,0,169.3043875060893,175.7046909767899,500.0,5,0,0,1
w6_persistent_bearing,collinear,10003,15,dir,2227.959272,3658.882219,1430.922947,7,6,4,2,1066.4683709038416,3,246.2936741807683,161.14430562898937,500.0,4,0,0,1
w6_persistent_bearing,collinear,10003,16,dir,95.0,1460.419589,1365.419589,3,1,0,1,0.0,1,6.0,0.0,0.0,0,0,0,1
w6_persistent_bearing,collinear,10003,17,dir,2221.959272,3417.523072,1195.5638,15,14,5,9,348.3496342100839,5,144.66992684201676,197.0721614801927,421.97999568037994,12,0,0,1
w6_persistent_bearing,collinear,10003,18,omni,107.0,1397.10867,1290.10867,4,2,2,0,14.51801855469579,2,14.903603710939159,440.4394456934155,440.4394456934155,1,0,0,1
w6_persistent_bearing,collinear,10003,19,dir,113.0,1216.707296,1103.707296,7,5,5,0,614.6922893081972,1,148.93845786163945,195.95768934733186,500.0,5,0,0,1
w6_persistent_bearing,collinear,10003,20,dir,1367.735874,5339.974755,3972.238881,14,13,3,10,3703.0480529593256,10,815.6096105918651,179.58384744499347,420.11471171918697,3,0,0,1
w6_persistent_bearing,collinear,10004,1,dir,319.0,3244.884948,2925.884948,9,8,5,3,1700.9367837119812,5,385.1873567423962,204.99110116677534,437.1702177723179,4,0,0,1
w6_persistent_bearing,collinear,10004,2,dir,5263.527585,5765.964792,502.43720699999994,2,0,0,0,0.0,0,0.0,0.0,0.0,0,0,0,1
w6_persistent_bearing,collinear,10004,3,omni,331.0,3220.227189,2889.227189,7,6,3,3,487.21989658194,6,133.443979316388,301.2874367076947,401.6507108338923,2,0,0,1
w6_persistent_bearing,collinear,10004,5,dir,2122.002513,2826.739964,704.737451,4,1,1,0,329.6625623845591,0,70.93251247691182,348.72206146621227,348.72206146621227,1,0,0,1
w6_persistent_bearing,collinear,10004,6,dir,35.0,1683.377093,1648.377093,8,7,5,2,250.50590165328882,4,89.10118033065777,208.75956494282235,500.0,5,0,0,1
w6_persistent_bearing,collinear,10004,8,dir,47.0,948.042951,901.042951,2,0,0,0,0.0,0,0.0,0.0,0.0,0,0,0,1
w6_persistent_bearing,collinear,10004,9,dir,53.0,1603.867445,1550.867445,5,4,3,1,348.3507913158229,4,93.67015826316458,326.59535750973447,500.0,2,0,0,1
w6_persistent_bearing,collinear,10004,10,dir,59.0,2660.44206,2601.44206,7,6,2,4,0.34906584331012774,6,36.06981316866202,500.0,500.0,1,0,0,1
w6_persistent_bearing,collinear,10004,12,dir,71.0,1118.993079,1047.993079,6,5,1,4,686.4268963171953,3,165.28537926343907,437.5,500.0,4,0,0,1
w6_persistent_bearing,collinear,10004,13,omni,391.0,3080.234023,2689.234023,5,4,1,3,0.0,4,24.0,0.0,0.0,0,0,0,1
w6_persistent_bearing,collinear,10004,14,dir,5040.527585,5594.577466,554.0498809999999,6,3,3,0,426.3648607032012,0,100.27297214064023,151.0794732483613,259.9679986814461,3,0,0,1
w6_persistent_bearing,collinear,10004,16,dir,409.0,3137.877566,2728.877566,8,7,3,4,1209.4641125475123,5,281.8928225095025,255.1396306005403,500.0,3,0,0,1
w6_persistent_bearing,collinear,10004,17,dir,101.0,1235.385304,1134.385304,2,0,0,0,0.0,0,0.0,0.0,0.0,0,0,0,1
w6_persistent_bearing,collinear,10004,19,dir,2396.135078,3687.064042,1290.9289640000002,8,7,3,4,1141.6646069185786,2,265.3329213837157,316.9949787439524,500.0,6,0,0,1
w6_persistent_bearing,collinear,10005,1,dir,3630.460794,4598.27071,967.8099159999997,6,4,4,0,603.3267371731553,2,142.66534743463106,72.41923611232086,127.41730908297286,3,0,0,1
w6_persistent_bearing,collinear,10005,2,omni,11.0,4660.006628,4649.006628,16,15,6,9,78.54609287820365,15,105.70921857564073,500.0,500.0,1,0,0,1
w6_persistent_bearing,collinear,10005,3,dir,17.0,941.291515,924.291515,3,1,1,0,218.66525459069632,1,49.73305091813926,487.5926605081418,487.5926605081418,1,0,0,1
w6_persistent_bearing,collinear,10005,4,dir,4489.03601,5360.566251,871.5302410000004,6,5,2,3,633.4266424975832,1,152.68532849951663,363.2933349137337,500.0,5,0,0,1
w6_persistent_bearing,collinear,10005,6,dir,1126.613589,1845.530716,718.9171269999999,4,3,2,1,929.1870529684489,2,202.83741059368978,341.2688112867647,454.93260705153534,2,0,0,1
w6_persistent_bearing,collinear,10005,7,omni,1120.613589,1331.442847,210.82925799999998,1,0,0,0,0.0,0,0.0,0.0,0.0,0,0,0,1
w6_persistent_bearing,collinear,10005,8,omni,47.0,1204.793443,1157.793443,2,0,0,0,0.0,0,0.0,0.0,0.0,0,0,0,1
w6_persistent_bearing,collinear,10005,9,omni,3654.460794,4673.053763,1018.5929689999998,3,0,0,0,0.0,0,0.0,0.0,0.0,0,0,0,1
w6_persistent_bearing,collinear,10005,10,dir,59.0,4609.824119,4550.824119,17,16,4,12,1009.2924327514108,16,297.8584865502822,485.8343930319317,500.0,2,0,0,1
w6_persistent_bearing,collinear,10005,12,omni,71.0,627.003546,556.003546,1,0,0,0,0.0,0,0.0,0.0,0.0,0,0,0,1
w6_persistent_bearing,collinear,10005,14,dir,4525.03601,5007.220621,482.1846110000006,3,2,2,0,592.8875661429829,0,128.5775132285966,268.5410463644737,500.0,2,0,0,1
w6_persistent_bearing,collinear,10005,15,dir,89.0,4300.57317,4211.57317,15,11,0,11,0.0,11,66.0,0.0,0.0,0,0,0,1
w6_persistent_bearing,collinear,10005,16,dir,95.0,707.889676,612.889676,3,2,2,0,175.54809893578505,1,46.10961978715701,323.4607496675475,500.0,2,0,0,1
w6_persistent_bearing,collinear,10005,17,omni,101.0,4292.581085,4191.581085,15,14,2,12,427.1773097381804,14,169.43546194763607,427.1773097381804,427.1773097381804,1,0,0,1
w6_persistent_bearing,collinear,10005,18,dir,107.0,4393.822204,4286.822204,14,13,1,12,0.0,13,78.0,0.0,0.0,0,0,0,1
w6_persistent_bearing,collinear,10005,19,dir,3702.460794,5202.880923,1500.4201289999996,4,1,1,0,535.751302373605,1,113.150260474721,401.97877917892913,401.97877917892913,1,0,0,1
w6_persistent_bearing,collinear,10006,1,omni,5.0,5446.324881,5441.324881,17,16,2,14,6252.651053114497,14,1344.5302106228994,0.0,0.0,0,0,0,1
w6_persistent_bearing,collinear,10006,2,omni,11.0,974.448112,963.448112,3,0,0,0,0.0,0,0.0,0.0,0.0,0,0,0,1
w6_persistent_bearing,collinear,10006,3,dir,17.0,6461.425674,6444.425674,27,26,1,25,1754.7434918343047,19,499.9486983668609,312.5,500.0,8,0,0,1
w6_persistent_bearing,collinear,10006,5,dir,29.0,5430.228322,5401.228322,17,14,2,12,0.0,14,84.0,0.0,0.0,0,0,0,1
w6_persistent_bearing,collinear,10006,6,dir,3030.999808,3596.200442,565.2006339999998,3,0,0,0,0.0,0,0.0,0.0,0.0,0,0,0,1
w6_persistent_bearing,collinear,10006,7,omni,41.0,5488.435241,5447.435241,19,16,6,10,731.4581732534634,15,241.29163465069269,491.0319910918204,500.0,2,0,0,1
w6_persistent_bearing,collinear,10006,16,dir,3301.999808,5503.543514,2201.543706,8,4,1,3,0.0,4,24.0,0.0,0.0,0,0,0,1
w6_persistent_bearing,collinear,10006,17,dir,427.368252,1076.366833,648.9985810000001,2,0,0,0,0.0,0,0.0,0.0,0.0,0,0,0,1
w6_persistent_bearing,collinear,10006,18,dir,708.160255,1370.469597,662.309342,1,0,0,0,0.0,0,0.0,0.0,0.0,0,0,0,1
w6_persistent_bearing,collinear,10006,19,dir,113.0,1224.916284,1111.916284,5,4,3,1,962.5691403154856,4,216.51382806309712,462.5700537806807,500.0,2,0,0,1
w6_persistent_bearing,collinear,10006,20,dir,119.0,5575.920749,5456.920749,18,17,2,15,5549.780960576763,14,1208.9561921153527,500.0,500.0,1,0,0,1
w6_persistent_bearing,collinear,10007,3,dir,420.0,862.479194,442.479194,1,0,0,0,0.0,0,0.0,0.0,0.0,0,0,0,1
w6_persistent_bearing,collinear,10007,4,omni,23.0,1204.998615,1181.998615,3,0,0,0,0.0,0,0.0,0.0,0.0,0,0,0,1
w6_persistent_bearing,collinear,10007,5,omni,29.0,840.139724,811.139724,2,0,0,0,0.0,0,0.0,0.0,0.0,0,0,0,1
w6_persistent_bearing,collinear,10007,6,dir,402.0,3975.75784,3573.75784,14,13,4,9,660.173963831881,11,208.0347927663762,210.97172371421388,361.5655358312854,3,0,0,1
w6_persistent_bearing,collinear,10007,7,dir,41.0,1853.646012,1812.646012,8,7,6,1,759.9841533730439,3,189.9968306746088,209.47042548445665,500.0,5,0,0,1
w6_persistent_bearing,collinear,10007,8,omni,47.0,773.258158,726.258158,3,0,0,0,0.0,0,0.0,0.0,0.0,0,0,0,1
w6_persistent_bearing,collinear,10007,9,omni,53.0,1602.422902,1549.422902,4,0,0,0,0.0,0,0.0,0.0,0.0,0,0,0,1
w6_persistent_bearing,collinear,10007,10,dir,59.0,1296.00433,1237.00433,6,5,4,1,320.41876213119264,2,91.08375242623853,197.32976915381317,500.0,4,0,0,1
w6_persistent_bearing,collinear,10007,11,omni,65.0,876.198131,811.198131,2,0,0,0,0.0,0,0.0,0.0,0.0,0,0,0,1
w6_persistent_bearing,collinear,10007,16,omni,729.116133,3895.026696,3165.910563,10,9,3,6,0.0,9,54.0,0.0,0.0,0,0,0,1
w6_persistent_bearing,collinear,10007,18,dir,107.0,1178.652929,1071.652929,5,3,3,0,1232.4580776147332,1,262.49161552294663,375.54463804618536,500.0,3,0,0,1
w6_persistent_bearing,collinear,10007,19,dir,113.0,1665.918002,1552.918002,3,1,1,0,0.0,1,6.0,0.0,0.0,0,0,0,1
w6_persistent_bearing,collinear,10008,2,dir,2110.385878,6770.467698,4660.08182,21,20,2,18,890.0961773335771,18,296.01923546671543,387.1638891781045,442.473016203548,4,0,0,1
w6_persistent_bearing,collinear,10008,3,omni,17.0,1855.187209,1838.187209,3,0,0,0,0.0,0,0.0,0.0,0.0,0,0,0,1
w6_persistent_bearing,collinear,10008,9,omni,53.0,1867.628625,1814.628625,3,1,0,1,0.0,1,6.0,0.0,0.0,0,0,0,1
w6_persistent_bearing,collinear,10008,10,omni,59.0,1474.023905,1415.023905,3,2,2,0,0.0,2,12.0,0.0,0.0,0,0,0,1
w6_persistent_bearing,collinear,10008,11,dir,65.0,1921.129125,1856.129125,4,3,2,1,499.99999999999994,3,117.99999999999999,500.0,500.0,1,0,0,1
w6_persistent_bearing,collinear,10008,12,dir,1345.303949,4621.098859,3275.7949099999996,20,19,2,17,2095.5070512365883,11,525.1014102473176,215.90119703177336,422.20678530657904,11,0,0,1
w6_persistent_bearing,collinear,10008,15,omni,89.0,1525.058271,1436.058271,3,2,2,0,0.0,2,12.0,0.0,0.0,0,0,0,1
w6_persistent_bearing,collinear,10008,16,dir,3571.406286,4182.554793,611.1485070000003,7,5,2,3,872.1551389539454,1,200.43102779078907,327.09285221547196,500.0,5,0,0,1
w6_persistent_bearing,collinear,10008,18,dir,107.0,1188.393688,1081.393688,8,7,5,2,1465.331437927104,2,330.0662875854208,239.94265394022378,500.0,6,0,0,1
w6_persistent_bearing,collinear,10008,19,dir,2044.385878,6466.630866,4422.244988,20,19,4,15,6670.37806560683,14,1443.0756131213661,172.22685168444275,416.7274735089066,4,0,0,1
w6_persistent_bearing,collinear,10008,20,dir,1387.303949,1687.180449,299.87649999999985,5,4,1,3,526.8350280907446,0,125.36700561814891,437.5,500.0,4,0,0,1
w6_persistent_bearing,collinear,10009,1,dir,1897.042338,2613.605195,716.5628570000001,9,8,4,4,1214.2798526371885,2,284.8559705274377,208.86201356907992,500.0,7,0,0,1
w6_persistent_bearing,collinear,10009,4,dir,1879.042338,4850.511785,2971.4694469999995,10,7,2,5,0.0,7,42.0,0.0,0.0,0,0,0,1
w6_persistent_bearing,collinear,10009,5,dir,1873.042338,4306.107504,2433.0651659999994,12,11,4,7,679.1458296866684,9,199.8291659373337,226.38194322888953,390.585063253508,3,0,0,1
w6_persistent_bearing,collinear,10009,7,dir,41.0,1011.287316,970.287316,17,16,3,13,1815.0802453132733,3,446.01604906265464,197.52373645548175,500.0,15,0,0,1
w6_persistent_bearing,collinear,10009,8,omni,47.0,1649.407357,1602.407357,3,2,1,1,319.3867334849178,2,75.87734669698355,500.0,500.0,1,0,0,1
w6_persistent_bearing,collinear,10009,10,dir,1855.042338,4800.318385,2945.2760469999994,11,10,2,8,500.0,10,160.0,500.0,500.0,1,0,0,1
w6_persistent_bearing,collinear,10009,12,dir,6715.604678,7012.906029,297.30135100000007,2,0,0,0,0.0,0,0.0,0.0,0.0,0,0,0,1
w6_persistent_bearing,collinear,10009,14,dir,795.82532,6639.841254,5844.015934,20,19,2,17,0.0,19,114.0,0.0,0.0,0,0,0,1
w6_persistent_bearing,collinear,10009,16,dir,1819.042338,2103.104259,284.0619210000002,2,0,0,0,0.0,0,0.0,0.0,0.0,0,0,0,1
w6_persistent_bearing,collinear,10009,17,omni,101.0,399.31356,298.31356,2,0,0,0,0.0,0,0.0,0.0,0.0,0,0,0,1
w6_persistent_bearing,collinear,10009,18,omni,107.0,1717.010988,1610.010988,5,4,4,0,1000.3638206582796,3,223.0727641316559,356.2207932209501,500.0,3,0,0,1
w6_persistent_bearing,collinear,10009,20,omni,119.0,1572.836105,1453.836105,2,0,0,0,0.0,0,0.0,0.0,0.0,0,0,0,1
