version,n,problem,suite,seed,success,cleared,total,source_count,omni_count,dir_count,total_time_s,avg_time_per_source_s,move_distance_m,move_time_s,measure_count,measure_time_s,switch_count,switch_time_s,clear_success,clear_fail,clear_time_s,near_count,time_component_delta_s,policy_runtime_s,error,number_discovered,number_cleared,discovered_but_not_cleared,never_discovered,reacquisition_attempts,reacquisition_successes,no_signal_after_found,deferred_targets,targets_remaining_at_exit,completed_search_points,remaining_search_points,termination_reason,local_reacquisition_move_m,local_reacquisition_measure_count,local_reacquisition_switch_count,local_reacquisition_time_s,non_reacquisition_time_s,coarse_successes,coarse_failures,intersection_attempts,fallback_targets,mec_checks,guaranteed_clear_attempts,guaranteed_clear_successes,guaranteed_clear_failures,certificate_ready_channels_at_exit
w6_persistent_bearing,27,4,random,0,1,16,16,16,6,10,6957.478353,434.8423970625,25942.391767088397,5188.4783534176795,291,1455.0,234,234.0,16,0,80.0,2,-4.176790753263049e-07,3.1842273750000003,,16,16,0,0,113,36,88,4,0,17,0,all_resolved,12514.54378223615,113,60,3127.9087564472297,3829.5695965527707,28,30,0,1,28,14,14,0,[]
w6_persistent_bearing,27,4,random,1,1,11,11,11,9,2,8068.535514,733.5032285454546,28877.677575528578,5775.535515105716,378,1890.0,348,348.0,11,0,55.0,2,-1.1057154551963322e-06,2.986811375,,11,11,0,0,75,26,55,2,0,25,0,all_resolved,7810.514600261664,75,51,1988.1029200523328,6080.432593947668,12,18,0,0,12,9,9,0,[]
w6_persistent_bearing,27,4,random,2,1,16,16,16,9,7,5174.80922,323.42557625,18664.046091955373,3732.809218391075,240,1200.0,162,162.0,16,0,80.0,4,1.6089252312667668e-06,1.8131401669999994,,16,16,0,0,123,53,82,1,0,8,0,all_resolved,10773.5018808342,123,49,2818.7003761668398,2356.1088438331603,39,45,0,0,39,12,12,0,[]
w6_persistent_bearing,27,4,random,3,1,11,11,11,6,5,7463.001137,678.4546488181818,24145.00567923961,4829.001135847922,435,2175.0,404,404.0,11,0,55.0,3,1.152077857113909e-06,2.1853673340000004,,11,11,0,0,110,27,90,4,0,25,0,all_resolved,5112.968722909063,110,85,1657.5937445818126,5805.407392418188,12,17,0,0,12,8,8,0,[]
w6_persistent_bearing,27,4,random,4,1,11,11,11,10,1,6650.507479,604.591589,22992.537394446666,4598.5074788893335,335,1675.0,322,322.0,11,0,55.0,1,1.1066640581702814e-07,2.6303655829999997,,11,11,0,0,35,14,26,1,0,25,0,all_resolved,2328.315948869103,35,30,670.6631897738206,5979.844289226179,8,0,0,0,8,10,10,0,[]
w6_persistent_bearing,27,4,random,5,1,14,14,14,10,4,6819.533476,487.109534,23577.667380947183,4715.533476189436,341,1705.0,329,329.0,14,0,70.0,1,-1.8943683244287968e-07,8.941491374999998,,14,14,0,0,124,30,105,6,0,25,0,all_resolved,3677.8636254123007,124,117,1472.5727250824602,5346.960750917539,14,0,0,0,14,13,13,0,[]
w6_persistent_bearing,27,4,random,6,1,16,16,16,4,12,9045.773406,565.360837875,32033.86704036937,6406.773408073874,441,2205.0,354,354.0,16,0,80.0,7,-2.073873474728316e-06,1.5545799590000016,,16,16,0,0,199,47,165,4,0,20,0,all_resolved,20037.717043021377,199,115,5117.543408604275,3928.229997395725,26,62,0,1,26,9,9,0,[]
w6_persistent_bearing,27,4,random,7,1,12,12,12,5,7,8051.109461,670.9257884166667,27250.547302887797,5450.10946057756,432,2160.0,381,381.0,12,0,60.0,2,4.2244028009008616e-07,4.0788450419999975,,12,12,0,0,113,30,90,4,0,25,0,all_resolved,9268.335757968958,113,66,2484.6671515937915,5566.442309406209,22,34,0,1,22,10,10,0,[]
w6_persistent_bearing,27,4,random,8,1,11,11,11,10,1,6546.169351,595.1063046363636,21575.846750391163,4315.169350078233,365,1825.0,351,351.0,11,0,55.0,0,9.217665137839504e-07,2.927246541999999,,11,11,0,0,105,30,83,5,0,25,0,all_resolved,3705.620294888141,105,98,1364.1240589776282,5182.0452920223715,14,0,0,0,14,11,11,0,[]
w6_persistent_bearing,27,4,random,9,1,13,13,13,4,9,10224.577519,786.5059630000001,37632.88760799097,7526.577521598194,455,2275.0,358,358.0,13,0,65.0,4,-2.598193532321602e-06,1.9068955839999973,,13,13,0,0,194,54,153,7,0,25,0,all_resolved,22031.262745396027,194,100,5476.252549079205,4748.324969920795,33,69,0,1,33,9,9,0,[]
w6_persistent_bearing,27,4,random,10,1,14,14,14,12,2,6428.355247,459.16823192857146,21806.776254570195,4361.355250914039,336,1680.0,317,317.0,14,0,70.0,0,-3.914038643415552e-06,3.528962834000005,,14,14,0,0,117,46,82,7,0,25,0,all_resolved,9004.150133117337,117,104,2489.8300266234673,3938.525220376533,22,0,0,0,22,14,14,0,[]
w6_persistent_bearing,27,4,random,11,1,13,13,13,5,8,8913.626023,685.6635402307693,32433.130088575963,6486.626017715193,404,2020.0,342,342.0,13,0,65.0,2,5.284808139549568e-06,1.9882967919999999,,13,13,0,0,128,47,92,5,0,25,0,all_resolved,10505.723465300412,128,72,2813.1446930600823,6100.481329939918,28,40,0,0,28,11,11,0,[]
w6_persistent_bearing,27,4,random,12,1,13,13,13,2,11,8888.618359,683.7398737692308,31158.091798684643,6231.618359736929,441,2205.0,387,387.0,13,0,65.0,3,-7.369289960479364e-07,2.6881995829999994,,13,13,0,0,122,26,105,4,0,25,0,all_resolved,7065.69522538423,122,74,2097.139045076846,6791.479313923154,18,33,0,0,18,10,10,0,[]
w6_persistent_bearing,27,4,random,13,1,12,12,12,7,5,8323.183872,693.598656,28100.919362423556,5620.183872484711,445,2225.0,418,418.0,12,0,60.0,3,-4.84711563331075e-07,2.613606500000003,,12,12,0,0,173,41,143,7,0,25,0,all_resolved,6744.6325356038815,173,150,2363.9265071207765,5959.257364879223,13,18,0,0,13,9,9,0,[]
w6_persistent_bearing,27,4,random,14,1,10,10,10,5,5,7055.919234,705.5919234,22884.596150870617,4576.919230174123,409,2045.0,384,384.0,10,0,50.0,1,3.825876774499193e-06,1.4040105409999981,,10,10,0,0,81,22,67,6,0,25,0,all_resolved,5380.140350768949,81,62,1543.02807015379,5512.8911638462105,12,9,0,0,12,9,9,0,[]
w6_persistent_bearing,27,4,random,15,1,11,11,11,7,4,7463.394625,678.4904204545454,24861.973121296556,4972.394624259311,410,2050.0,386,386.0,11,0,55.0,0,7.406888471450657e-07,1.7793719169999989,,11,11,0,0,73,33,48,3,0,25,0,all_resolved,9385.869066034422,73,56,2298.1738132068845,5165.220811793115,20,0,0,0,20,11,11,0,[]
w6_persistent_bearing,27,4,random,16,1,12,12,12,11,1,6975.114394,581.2595328333333,23420.571958893743,4684.1143917787485,374,1870.0,361,361.0,12,0,60.0,0,2.2212516341824085e-06,1.836521083000001,,12,12,0,0,100,25,85,6,0,25,0,all_resolved,9410.926915604723,100,91,2473.1853831209446,4501.929010879056,8,0,0,0,8,12,12,0,[]
w6_persistent_bearing,27,4,random,17,1,14,14,14,7,7,8267.253038,590.5180741428572,28161.26516666683,5632.253033333366,435,2175.0,390,390.0,14,0,70.0,2,4.666633685701527e-06,2.1592888340000016,,14,14,0,0,176,46,143,7,0,25,0,all_resolved,16534.79139157666,176,133,4319.958278315332,3947.294759684669,27,21,0,0,27,12,12,0,[]
w6_persistent_bearing,27,4,random,18,1,11,11,11,3,8,7024.652824,638.6048021818182,24123.264121353615,4824.652824270723,361,1805.0,340,340.0,11,0,55.0,2,-2.7072292141383514e-07,1.705222667000001,,11,11,0,0,43,18,32,1,0,25,0,all_resolved,3925.086046839752,43,30,1030.0172093679503,5994.6356146320495,9,6,0,0,9,9,9,0,[]
w6_persistent_bearing,27,4,random,19,1,15,15,15,9,6,7029.87431,468.65828733333336,25739.371551221957,5147.874310244391,309,1545.0,262,262.0,15,0,75.0,1,-2.443912308081053e-07,7.294475667,,15,15,0,0,119,46,86,5,0,25,0,all_resolved,10390.222356001615,119,78,2751.044471200323,4278.8298387996765,29,21,0,0,29,14,14,0,[]
w6_persistent_bearing,27,4,random,20,1,15,15,15,8,7,7713.734423,514.2489615333333,27733.672100815427,5546.734420163086,352,1760.0,332,332.0,15,0,75.0,0,2.8369140636641532e-06,2.674474334000003,,15,15,0,0,155,51,118,7,0,25,0,all_resolved,14134.017639985545,155,139,3740.803527997109,3972.930895002891,23,6,0,0,23,15,15,0,[]
w6_persistent_bearing,27,4,random,21,1,11,11,11,2,9,6837.716792,621.6106174545455,23378.58394936802,4675.716789873604,354,1770.0,337,337.0,11,0,55.0,0,2.126395884261001e-06,1.9787860839999993,,11,11,0,0,60,37,32,1,0,25,0,all_resolved,6899.589512625633,60,49,1728.9179025251265,5108.798889474874,19,0,0,0,19,11,11,0,[]
w6_persistent_bearing,27,4,random,22,1,11,11,11,10,1,6813.072106,619.3701914545454,22880.360528641726,4576.072105728345,366,1830.0,352,352.0,11,0,55.0,0,2.716542439884506e-07,3.2894340419999963,,11,11,0,0,88,34,63,5,0,25,0,all_resolved,7646.18839792055,88,78,2047.23767958411,4765.8344264158895,16,0,0,0,16,11,11,0,[]
w6_persistent_bearing,27,4,random,23,1,16,16,16,1,15,9623.144515,601.4465321875,35725.72257944921,7145.144515889842,418,2090.0,308,308.0,16,0,80.0,5,-8.898423402570188e-07,7.7191584579999954,,16,16,0,0,197,53,158,5,0,23,0,all_resolved,23316.08249615888,197,92,5740.216499231776,3882.928015768224,36,79,0,1,36,11,11,0,[]
w6_persistent_bearing,27,4,random,24,1,15,15,15,1,14,11018.968974,734.5979315999999,41014.84486341711,8202.968972683422,470,2350.0,391,391.0,15,0,75.0,3,1.3165772543288767e-06,1.802221459000009,,15,15,0,0,230,53,190,11,0,25,0,all_resolved,25098.991537577345,230,154,6323.798307515469,4695.170666484531,31,54,0,1,31,12,12,0,[]
w6_persistent_bearing,27,4,random,25,1,13,13,13,3,10,7389.567079,568.4282368461538,25947.835399855743,5189.567079971149,358,1790.0,345,345.0,13,0,65.0,3,-9.711484381114133e-07,2.7243904999999984,,13,13,0,0,65,18,53,3,0,25,0,all_resolved,4314.249588599324,65,56,1243.8499177198648,6145.717161280136,11,5,0,0,11,10,10,0,[]
w6_persistent_bearing,27,4,random,26,1,15,15,15,11,4,7282.095829,485.4730552666667,26585.479147238413,5317.095829447682,321,1605.0,285,285.0,15,0,75.0,2,-4.47682396043092e-07,13.135845332999992,,15,15,0,0,115,47,79,4,0,25,0,all_resolved,10747.11732948753,115,85,2809.423465897506,4472.672363102494,24,12,0,0,24,13,13,0,[]
w6_persistent_bearing,27,4,random,27,1,15,15,15,7,8,7818.745407,521.2496938,27778.72703462341,5555.745406924682,369,1845.0,343,343.0,15,0,75.0,1,7.53179847379215e-08,3.660084542000007,,15,15,0,0,156,43,127,7,0,25,0,all_resolved,12173.411383953955,156,133,3347.682276790791,4471.06313020921,20,11,0,0,20,14,14,0,[]
w6_persistent_bearing,27,4,random,28,1,10,10,10,6,4,7126.772615,712.6772615,22188.863070875235,4437.772614175047,444,2220.0,419,419.0,10,0,50.0,2,8.249526217696257e-07,1.0527545830000093,,10,10,0,0,72,19,59,3,0,25,0,all_resolved,7230.539730295793,72,54,1860.1079460591586,5266.664668940841,7,12,0,0,7,8,8,0,[]
w6_persistent_bearing,27,4,random,29,1,14,14,14,6,8,8077.731661,576.9808329285714,28588.658294113375,5717.731658822675,388,1940.0,350,350.0,14,0,70.0,1,2.1773248590761796e-06,3.208236040999992,,14,14,0,0,128,32,106,6,0,25,0,all_resolved,17862.066905853586,128,91,4303.413381170717,3774.318279829283,16,27,0,0,16,13,13,0,[]
w6_persistent_bearing,27,4,random,30,1,14,14,14,12,2,6557.04772,468.3605514285714,23705.238609581127,4741.047721916226,293,1465.0,281,281.0,14,0,70.0,2,-1.9162262105965056e-06,6.567161500000012,,14,14,0,0,69,27,51,4,0,25,0,all_resolved,3197.336537476245,69,63,1047.467307495249,5509.580412504751,13,0,0,0,13,12,12,0,[]
w6_persistent_bearing,27,4,random,31,1,10,10,10,7,3,7772.324075,777.2324075,26736.620376171206,5347.324075234241,400,2000.0,375,375.0,10,0,50.0,0,-2.3424036044161767e-07,2.0032225839999995,,10,10,0,0,100,24,85,7,0,25,0,all_resolved,9013.645076367851,100,82,2384.7290152735704,5387.59505972643,6,12,0,0,6,10,10,0,[]
w6_persistent_bearing,27,4,random,32,1,10,10,10,1,9,8401.792752,840.1792751999999,29178.96375628481,5835.792751256962,424,2120.0,396,396.0,10,0,50.0,0,7.430371624650434e-07,0.8941217920000071,,10,10,0,0,91,25,74,4,0,25,0,all_resolved,10714.738564007854,91,69,2666.9477128015706,5734.845039198429,18,15,0,0,18,10,10,0,[]
w6_persistent_bearing,27,4,random,33,1,14,14,14,3,11,7719.795595,551.4139710714286,28378.977994285786,5675.7955988571575,335,1675.0,299,299.0,14,0,70.0,1,-3.857157935271971e-06,2.3279377079999932,,14,14,0,0,97,26,81,6,0,25,0,all_resolved,8278.699362188172,97,67,2207.7398724376344,5512.055722562365,13,22,0,0,13,13,13,0,[]
w6_persistent_bearing,27,4,random,34,1,14,14,14,5,9,8760.499985,625.7499989285715,31292.499928542467,6258.499985708493,412,2060.0,372,372.0,14,0,70.0,1,-7.08492734702304e-07,1.862005040999989,,14,14,0,0,140,30,120,8,0,25,0,all_resolved,7217.035581394586,140,107,2250.4071162789173,6510.0928687210835,14,24,0,0,14,13,13,0,[]
w6_persistent_bearing,27,4,random,35,1,14,14,14,13,1,6573.795791,469.55684221428567,22413.97894414745,4482.7957888294895,339,1695.0,326,326.0,14,0,70.0,1,2.170510015275795e-06,4.449802167000001,,14,14,0,0,128,45,95,6,0,25,0,all_resolved,8041.064071841568,128,118,2366.2128143683135,4207.582976631686,23,0,0,0,23,13,13,0,[]
w6_persistent_bearing,27,4,random,36,1,12,12,12,3,9,9080.481832,756.7068193333333,29782.409156109512,5956.481831221902,522,2610.0,454,454.0,12,0,60.0,3,7.780963642289862e-07,2.816536792000008,,12,12,0,0,195,47,159,9,0,25,0,all_resolved,9466.455747693155,195,132,3000.291149538631,6080.190682461369,29,39,0,1,29,9,9,0,[]
w6_persistent_bearing,27,4,random,37,1,15,15,15,7,8,8847.835316,589.8556877333334,33924.176568985735,6784.835313797147,340,1700.0,288,288.0,15,0,75.0,1,2.2028543753549457e-06,5.268744000000012,,15,15,0,0,143,41,115,6,0,25,0,all_resolved,14396.917384136459,143,98,3692.383476827292,5155.451839172709,26,35,0,0,26,14,14,0,[]
w6_persistent_bearing,27,4,random,38,1,15,15,15,9,6,7227.501669,481.8334446,26382.508330427976,5276.501666085595,315,1575.0,301,301.0,15,0,75.0,1,2.9144048312446102e-06,3.1925573749999927,,15,15,0,0,106,34,82,7,0,25,0,all_resolved,4625.083975344017,106,97,1552.0167950688033,5675.4848739311965,16,0,0,0,16,14,14,0,[]
w6_persistent_bearing,27,4,random,39,1,11,11,11,5,6,7142.043858,649.2767143636364,22555.219279117024,4511.043855823405,433,2165.0,411,411.0,11,0,55.0,0,2.1765954443253577e-06,2.2104246659999944,,11,11,0,0,123,28,104,7,0,25,0,all_resolved,6317.762532741722,123,107,1985.5525065483444,5156.491351451656,9,9,0,0,9,11,11,0,[]
w6_persistent_bearing,27,4,random,40,1,13,13,13,12,1,6566.650025,505.12692499999997,22038.250108601074,4407.650021720215,353,1765.0,329,329.0,13,0,65.0,1,3.2797852327348664e-06,2.428806917000003,,13,13,0,0,90,26,73,5,0,25,0,all_resolved,5642.117929015595,90,72,1650.423585803119,4916.226439196881,13,9,0,0,13,12,12,0,[]
w6_persistent_bearing,27,4,random,41,1,13,13,13,5,8,8402.596745,646.3535957692309,29332.983713949372,5866.596742789874,420,2100.0,371,371.0,13,0,65.0,2,2.210126694990322e-06,1.7644007919999751,,13,13,0,0,100,21,88,5,0,25,0,all_resolved,8101.1887909073475,100,57,2177.2377581814694,6225.358986818532,10,39,0,0,10,11,11,0,[]
w6_persistent_bearing,27,4,random,42,1,15,15,15,11,4,6439.097007,429.27313380000004,22985.48503917361,4597.097007834722,297,1485.0,282,282.0,15,0,75.0,0,-8.347215043613687e-07,3.056319207999991,,15,15,0,0,66,26,49,3,0,25,0,all_resolved,3341.4071863892373,66,58,1056.2814372778475,5382.815569722153,13,3,0,0,13,15,15,0,[]
w6_persistent_bearing,27,4,random,43,1,10,10,10,1,9,7400.797091,740.0797091000001,25883.985443319627,5176.797088663925,367,1835.0,339,339.0,10,0,50.0,2,2.3360753402812406e-06,1.869133416000011,,10,10,0,0,55,11,50,2,0,25,0,all_resolved,5518.363164793551,55,34,1412.6726329587102,5988.12445804129,7,17,0,0,7,8,8,0,[]
w6_persistent_bearing,27,4,random,44,1,13,13,13,10,3,6708.110231,516.0084793076923,22980.551146765756,4596.110229353151,347,1735.0,312,312.0,13,0,65.0,3,1.6468484318465926e-06,5.385953124999986,,13,13,0,0,104,31,82,4,0,25,0,all_resolved,8667.069207332204,104,74,2327.4138414664408,4380.696389533559,16,18,0,0,16,10,10,0,[]
w6_persistent_bearing,27,4,random,45,1,12,12,12,10,2,6463.815564,538.651297,21479.077812838612,4295.815562567723,353,1765.0,343,343.0,12,0,60.0,0,1.432277713320218e-06,2.8471735839999894,,12,12,0,0,87,29,67,5,0,25,0,all_resolved,8659.906859099143,87,81,2247.9813718198284,4215.834192180172,6,0,0,0,6,12,12,0,[]
w6_persistent_bearing,27,4,random,46,1,10,10,10,8,2,6945.698814,694.5698814,22858.494065964063,4571.698813192813,391,1955.0,369,369.0,10,0,50.0,2,8.071874617598951e-07,3.360454500000003,,10,10,0,0,100,31,77,6,0,25,0,all_resolved,8744.316084551336,100,82,2330.863216910267,4614.835597089734,19,0,0,0,19,8,8,0,[]
w6_persistent_bearing,27,4,random,47,1,12,12,12,1,11,8768.713284,730.726107,30948.56642229962,6189.713284459924,431,2155.0,364,364.0,12,0,60.0,2,-4.5992419472895563e-07,2.3381064579999986,,12,12,0,0,133,39,105,4,0,25,0,all_resolved,12488.6526532654,133,73,3235.73053065308,5532.98275334692,28,39,0,0,28,10,10,0,[]
w6_persistent_bearing,27,4,random,48,1,14,14,14,1,13,7905.855795,564.7039853571429,28249.27897706853,5649.855795413706,373,1865.0,321,321.0,14,0,70.0,3,-4.1370549297425896e-07,6.800007499999992,,14,14,0,0,119,39,91,5,0,25,0,all_resolved,7056.863781297439,119,72,2078.3727562594877,5827.483038740513,27,32,0,0,27,11,11,0,[]
w6_persistent_bearing,27,4,random,49,1,10,10,10,7,3,6419.742448,641.9742448,21198.71222571924,4239.742445143847,359,1795.0,335,335.0,10,0,50.0,1,2.856152605090756e-06,2.9235928340000044,,10,10,0,0,75,31,53,3,0,25,0,all_resolved,11259.144626116728,75,54,2680.8289252233453,3738.9135227766546,20,3,0,0,20,9,9,0,[]
w6_persistent_bearing,27,4,random,50,1,13,13,13,7,6,7170.995924,551.6150710769231,25114.979620643226,5022.995924128645,350,1750.0,333,333.0,13,0,65.0,1,-1.2864529708167538e-07,4.687614792000005,,13,13,0,0,80,27,61,4,0,25,0,all_resolved,4346.668302903632,80,69,1338.3336605807265,5832.662263419274,13,6,0,0,13,12,12,0,[]
w6_persistent_bearing,27,4,random,51,1,11,11,11,2,9,6687.003483,607.9094075454545,23030.017418764346,4606.003483752869,340,1700.0,326,326.0,11,0,55.0,1,-7.528688001912087e-07,1.1255349589999923,,11,11,0,0,41,13,32,2,0,25,0,all_resolved,4879.004943729816,41,34,1214.8009887459632,5472.202494254037,7,0,0,0,7,10,10,0,[]
w6_persistent_bearing,27,4,random,52,1,12,12,12,1,11,8466.205988,705.5171656666666,31036.029940533328,6207.205988106665,372,1860.0,339,339.0,12,0,60.0,0,-1.0666553862392902e-07,1.988162165999995,,12,12,0,0,79,25,61,4,0,25,0,all_resolved,8562.734018097886,79,49,2156.546803619577,6309.659184380423,18,20,0,0,18,12,12,0,[]
w6_persistent_bearing,27,4,random,53,1,14,14,14,2,12,7909.300935,564.9500667857143,26081.50467927076,5216.300935854152,444,2220.0,403,403.0,14,0,70.0,1,-8.541519491700456e-07,4.41948499999998,,14,14,0,0,172,43,141,7,0,25,0,all_resolved,8149.979629700642,172,135,2624.9959259401285,5284.305009059872,28,20,0,0,28,13,13,0,[]
w6_persistent_bearing,27,4,random,54,1,11,11,11,7,4,7159.176787,650.8342533636364,24660.88393765219,4932.176787530438,368,1840.0,332,332.0,11,0,55.0,2,-5.304373189574108e-07,3.263467792,,11,11,0,0,65,28,45,2,0,25,0,all_resolved,5148.972472996856,65,37,1391.794494599371,5767.382292400629,18,12,0,0,18,9,9,0,[]
w6_persistent_bearing,27,4,random,55,1,10,10,10,2,8,7777.04118,777.704118,24590.205900948946,4918.041180189789,479,2395.0,414,414.0,10,0,50.0,3,-1.897888068924658e-07,1.6190767909999977,,10,10,0,0,152,32,130,5,0,25,0,all_resolved,6428.912006517297,152,96,2141.7824013034597,5635.2587786965405,19,42,0,1,19,7,7,0,[]
w6_persistent_bearing,27,4,random,56,1,16,16,16,6,10,6892.157474,430.759842125,25370.787365728484,5074.157473145697,304,1520.0,218,218.0,16,0,80.0,5,8.543029252905399e-07,6.261157458000014,,16,16,0,0,174,47,141,6,0,14,0,all_resolved,13630.182994807306,174,90,3686.036598961461,3206.1208750385385,35,56,0,1,35,11,11,0,[]
w6_persistent_bearing,27,4,random,57,1,10,10,10,9,1,6883.352058,688.3352058,24296.76028915492,4859.352057830984,332,1660.0,314,314.0,10,0,50.0,0,1.6901594790397212e-07,1.3461752910000087,,10,10,0,0,41,11,34,1,0,25,0,all_resolved,3520.657784688928,41,31,940.1315569377856,5943.220501062215,6,9,0,0,6,10,10,0,[]
w6_persistent_bearing,27,4,random,58,1,14,14,14,4,10,9880.098792,705.7213422857143,36030.493974571335,7206.098794914267,456,2280.0,324,324.0,14,0,70.0,1,-2.9142665880499408e-06,8.116510083000009,,14,14,0,0,220,96,136,8,0,25,0,all_resolved,16559.555868059604,220,93,4504.911173611921,5375.1876183880795,79,60,0,1,55,13,13,0,[]
w6_persistent_bearing,27,4,random,59,1,11,11,11,4,7,7865.697559,715.0634144545455,26888.487807077483,5377.697561415496,412,2060.0,373,373.0,11,0,55.0,4,-2.41549605561886e-06,2.425791875000016,,11,11,0,0,108,25,90,5,0,25,0,all_resolved,6573.508293116393,108,76,1930.7016586232787,5934.995900376722,16,21,0,0,16,7,7,0,[]
w6_persistent_bearing,27,4,random,60,1,12,12,12,9,3,6850.022761,570.8352300833334,23555.11381426058,4711.022762852116,350,1750.0,329,329.0,12,0,60.0,1,-1.8521159290685318e-06,1.8356123339999897,,12,12,0,0,73,25,56,3,0,25,0,all_resolved,8065.954555474518,73,59,2037.1909110949036,4812.8318499050965,12,3,0,0,12,11,11,0,[]
w6_persistent_bearing,27,4,random,61,1,13,13,13,6,7,6815.410013,524.2623086923077,24092.050057534758,4818.410011506951,324,1620.0,312,312.0,13,0,65.0,1,1.4930483303032815e-06,1.845696958000019,,13,13,0,0,65,22,51,2,0,25,0,all_resolved,7444.787851508853,65,58,1871.9575703017706,4943.452442698229,8,3,0,0,8,12,12,0,[]
w6_persistent_bearing,27,4,random,62,1,14,14,14,3,11,9280.157347,662.8683819285715,32265.786725967355,6453.157345193471,471,2355.0,402,402.0,14,0,70.0,4,1.8065293261315674e-06,2.4304449580000096,,14,14,0,0,196,50,158,8,0,25,0,all_resolved,14379.093237911942,196,130,3985.8186475823886,5294.338699417612,30,44,0,1,30,10,10,0,[]
w6_persistent_bearing,27,4,random,63,1,13,13,13,2,11,8545.67722,657.3597861538461,31003.386116268663,6200.677223253732,389,1945.0,335,335.0,13,0,65.0,2,-3.2537336664972827e-06,4.668395125000018,,13,13,0,0,130,35,106,6,0,25,0,all_resolved,9018.139006300618,130,81,2534.6278012601238,6011.049418739876,20,39,0,0,20,11,11,0,[]
w6_persistent_bearing,27,4,random,64,1,13,13,13,5,8,10053.085023,773.3142325384615,35875.42515203469,7175.085030406937,504,2520.0,293,293.0,13,0,65.0,3,-7.406937584164552e-06,14.156017125000005,,13,13,0,0,254,169,95,4,0,25,0,all_resolved,19531.66111404033,254,47,5223.332222808066,4829.752800191934,154,60,0,0,62,10,10,0,[]
w6_persistent_bearing,27,4,random,65,1,13,13,13,4,9,7766.989987,597.4607682307692,27014.949916405236,5402.989983281047,388,1940.0,359,359.0,13,0,65.0,2,3.7189529393799603e-06,1.6883837080000035,,13,13,0,0,119,37,92,4,0,25,0,all_resolved,9926.71401282409,119,93,2673.342802564818,5093.647184435182,20,14,0,0,20,11,11,0,[]
w6_persistent_bearing,27,4,random,66,1,10,10,10,2,8,8272.252718,827.2252718,27386.263586938177,5477.252717387635,462,2310.0,435,435.0,10,0,50.0,0,6.123646016931161e-07,4.389793125000011,,10,10,0,0,163,36,135,8,0,25,0,all_resolved,12997.868598542525,163,140,3554.573719708505,4717.678998291494,20,9,0,0,20,10,10,0,[]
w6_persistent_bearing,27,4,random,67,1,10,10,10,6,4,7009.290566,700.9290566,23486.452825547432,4697.290565109486,379,1895.0,367,367.0,10,0,50.0,0,8.905135473469272e-07,1.5114987909999797,,10,10,0,0,29,11,23,1,0,25,0,all_resolved,2989.8187449452425,29,26,768.9637489890486,6240.326817010951,7,0,0,0,7,10,10,0,[]
w6_persistent_bearing,27,4,random,68,1,15,15,15,4,11,9133.627977,608.9085318,33368.13990458351,6673.627980916703,411,2055.0,330,330.0,15,0,75.0,5,-3.9167025533970445e-06,3.9252125829999898,,15,15,0,0,195,45,162,6,0,25,0,all_resolved,20505.76299006257,195,116,5192.152598012513,3941.4753789874867,26,57,0,2,26,10,10,0,[]
w6_persistent_bearing,27,4,random,69,1,15,15,15,9,6,7696.698321,513.1132214,27733.491613786522,5546.698322757305,350,1750.0,325,325.0,15,0,75.0,0,-1.7573047443875112e-06,3.6528319580000073,,15,15,0,0,106,22,94,7,0,25,0,all_resolved,4498.697980224193,106,88,1517.7395960448387,6178.958724955161,11,12,0,0,11,15,15,0,[]
w6_persistent_bearing,27,4,random,70,1,10,10,10,6,4,6991.349441,699.1349441,23336.747210140773,4667.349442028155,382,1910.0,364,364.0,10,0,50.0,0,-1.0281546565238386e-06,2.4443793330000005,,10,10,0,0,62,21,47,2,0,25,0,all_resolved,3747.803782834598,62,51,1110.5607565669197,5880.788684433081,12,6,0,0,12,10,10,0,[]
w6_persistent_bearing,27,4,random,71,1,12,12,12,3,9,9242.816138,770.2346781666666,33229.08070802639,6645.816141605278,434,2170.0,367,367.0,12,0,60.0,5,-3.605278834584169e-06,1.969182625000002,,12,12,0,0,116,19,104,4,0,25,0,all_resolved,13764.158763450665,116,53,3385.831752690133,5856.984385309867,14,51,0,2,14,7,7,0,[]
w6_persistent_bearing,27,4,random,72,1,10,10,10,4,6,9152.435748,915.2435748,32532.17873832625,6506.435747665249,440,2200.0,396,396.0,10,0,50.0,1,3.347504389239475e-07,2.0055842919999805,,10,10,0,0,122,25,106,5,0,25,0,all_resolved,7358.428969528581,122,85,2166.6857939057163,6985.749954094284,17,27,0,0,17,9,9,0,[]
w6_persistent_bearing,27,4,random,73,1,12,12,12,8,4,7738.807883,644.9006569166667,26624.039404967494,5324.807880993499,397,1985.0,369,369.0,12,0,60.0,1,2.0065017451997846e-06,1.9760325419999845,,12,12,0,0,75,14,66,4,0,25,0,all_resolved,4380.593316037677,75,54,1305.1186632075355,6433.689219792464,7,18,0,0,7,11,11,0,[]
w6_persistent_bearing,27,4,random,74,1,16,16,16,13,3,6361.905647,397.6191029375,23624.528227000013,4724.905645400003,263,1315.0,242,242.0,16,0,80.0,1,1.599996721779462e-06,3.2829992500000174,,16,16,0,0,83,31,63,6,0,14,0,all_resolved,8769.225349358665,83,66,2234.845069871733,4127.060577128266,22,0,0,0,22,15,15,0,[]
w6_persistent_bearing,27,4,random,75,1,13,13,13,8,5,7670.627963,590.0483048461539,25708.139819497283,5141.6279638994565,416,2080.0,384,384.0,13,0,65.0,5,-8.994566087494604e-07,2.860146083000018,,13,13,0,0,156,37,129,8,0,25,0,all_resolved,10499.982467149215,156,127,3006.996493429843,4663.631469570157,18,16,0,0,18,8,8,0,[]
w6_persistent_bearing,27,4,random,76,1,12,12,12,8,4,7027.131036,585.594253,23825.655174400643,4765.131034880129,369,1845.0,357,357.0,12,0,60.0,1,1.119870830734726e-06,3.95661845799998,,12,12,0,0,93,23,76,4,0,25,0,all_resolved,3288.4380389969047,93,88,1210.6876077993809,5816.443428200619,11,0,0,0,11,11,11,0,[]
w6_persistent_bearing,27,4,random,77,1,16,16,16,15,1,5700.685235,356.2928271875,19998.426155360543,3999.6852310721088,273,1365.0,256,256.0,16,0,80.0,1,3.927891157218255e-06,4.236100583999985,,16,16,0,0,89,32,66,6,0,15,0,all_resolved,4739.686532645753,89,78,1470.9373065291506,4229.74792847085,19,0,0,0,19,15,15,0,[]
w6_persistent_bearing,27,4,random,78,1,16,16,16,2,14,6709.332893,419.3333058125,23561.66447161068,4712.332894322136,323,1615.0,302,302.0,16,0,80.0,1,-1.3221360859461129e-06,2.0548027500000217,,16,16,0,0,91,27,75,7,0,23,0,all_resolved,4389.2291613049165,91,78,1410.8458322609833,5298.487060739017,13,6,0,0,13,15,15,0,[]
w6_persistent_bearing,27,4,random,79,1,11,11,11,10,1,7371.888158,670.1716507272727,24889.44078739565,4977.88815747913,393,1965.0,374,374.0,11,0,55.0,2,5.208694346947595e-07,2.7465088750000177,,11,11,0,0,89,23,74,6,0,25,0,all_resolved,7200.074307888118,89,77,1962.0148615776236,5409.873296422376,8,6,0,0,8,9,9,0,[]
w6_persistent_bearing,27,4,random,80,1,12,12,12,2,10,7861.153619,655.0961349166666,27810.768103571267,5562.1536207142535,379,1895.0,344,344.0,12,0,60.0,1,-1.7142538126790896e-06,1.4793849579999687,,12,12,0,0,64,15,54,4,0,25,0,all_resolved,5459.873770752871,64,37,1448.9747541505742,6412.178864849426,8,21,0,0,8,11,11,0,[]
w6_persistent_bearing,27,4,random,81,1,14,14,14,2,12,8396.083297,599.7202355,26595.416561282567,5319.083312256514,521,2605.0,402,402.0,14,0,70.0,1,-1.5256513506756164e-05,10.256017374999999,,14,14,0,0,221,126,105,8,0,25,0,all_resolved,10053.848152733557,221,106,3221.7696305467116,5174.313666453288,111,14,0,0,41,13,13,0,[]
w6_persistent_bearing,27,4,random,82,1,11,11,11,1,10,8083.884225,734.8985659090908,26804.421125987068,5360.884225197414,449,2245.0,423,423.0,11,0,55.0,2,-1.9741401047213003e-07,2.0324095839999927,,11,11,0,0,83,17,73,4,0,25,0,all_resolved,7232.701126755326,83,68,1929.5402253510651,6154.343999648934,10,12,0,0,10,9,9,0,[]
w6_persistent_bearing,27,4,random,83,1,13,13,13,6,7,8639.992834,664.6148333846154,29999.964173911816,5999.992834782363,440,2200.0,375,375.0,13,0,65.0,4,-7.823618943803012e-07,2.291301374999989,,13,13,0,0,151,35,128,8,0,25,0,all_resolved,9295.304785627437,151,91,2705.060957125487,5934.931876874513,19,45,0,1,19,9,9,0,[]
w6_persistent_bearing,27,4,random,84,1,15,15,15,8,7,7757.36115,517.15741,27551.805741302236,5510.361148260447,366,1830.0,342,342.0,15,0,75.0,0,1.7395523173036054e-06,1.7079522500000053,,15,15,0,0,110,36,84,5,0,25,0,all_resolved,11338.593108221476,110,89,2906.718621644295,4850.642528355705,10,12,0,0,10,15,15,0,[]
w6_persistent_bearing,27,4,random,85,1,11,11,11,4,7,6683.312744,607.5738858181818,21936.563710031525,4387.312742006305,378,1890.0,351,351.0,11,0,55.0,3,1.99369515030412e-06,1.4813562090000119,,11,11,0,0,67,21,53,1,0,25,0,all_resolved,6748.756844651739,67,45,1729.7513689303478,4953.561375069652,11,9,0,0,11,8,8,0,[]
w6_persistent_bearing,27,4,random,86,1,16,16,16,15,1,5274.618725,329.6636703125,19388.093635274643,3877.6187270549285,223,1115.0,202,202.0,16,0,80.0,3,-2.054928700090386e-06,2.9430196250000336,,16,16,0,0,72,34,45,3,0,15,0,all_resolved,11786.156921138912,72,53,2770.2313842277827,2504.3873407722176,23,0,0,0,23,13,13,0,[]
w6_persistent_bearing,27,4,random,87,1,11,11,11,10,1,6275.37319,570.4884718181819,20816.865945877198,4163.37318917544,346,1730.0,327,327.0,11,0,55.0,2,8.245606295531616e-07,3.0892859170000406,,11,11,0,0,69,35,43,3,0,25,0,all_resolved,5000.822640824661,69,59,1404.164528164932,4871.208661835068,15,0,0,0,15,9,9,0,[]
w6_persistent_bearing,27,4,random,88,1,13,13,13,3,10,8930.874995,686.9903842307692,28824.37497517008,5764.874995034016,526,2630.0,471,471.0,13,0,65.0,2,-3.401692083571106e-08,1.7182664999999702,,13,13,0,0,220,36,195,9,0,25,0,all_resolved,8962.97890814715,220,171,3063.59578162943,5867.27921337057,20,41,0,0,20,11,11,0,[]
w6_persistent_bearing,27,4,random,89,1,10,10,10,5,5,7408.450698,740.8450697999999,25322.253478058523,5064.450695611705,385,1925.0,369,369.0,10,0,50.0,0,2.388294888078235e-06,1.4838473330000284,,10,10,0,0,44,22,27,2,0,25,0,all_resolved,5969.916604111341,44,33,1446.9833208222683,5961.467377177732,9,6,0,0,9,10,10,0,[]
w6_persistent_bearing,27,4,random,90,1,11,11,11,5,6,8149.355142,740.8504674545455,27481.775728966757,5496.355145793352,442,2210.0,388,388.0,11,0,55.0,6,-3.7933514249743894e-06,1.4004302079999889,,11,11,0,0,157,40,127,5,0,25,0,all_resolved,8837.707726917813,157,109,2661.5415453835626,5487.813596616437,24,29,0,0,24,5,5,0,[]
w6_persistent_bearing,27,4,random,91,1,10,10,10,2,8,6774.886623,677.4886623,22039.43311826751,4407.886623653501,388,1940.0,377,377.0,10,0,50.0,0,-6.535010470543057e-07,1.5707197080000128,,10,10,0,0,68,15,59,4,0,25,0,all_resolved,3386.6192115473295,68,65,1082.3238423094658,5692.562780690534,7,0,0,0,7,10,10,0,[]
w6_persistent_bearing,27,4,random,92,1,13,13,13,12,1,6318.700029,486.0538483846154,22518.50015755594,4503.700031511188,295,1475.0,275,275.0,13,0,65.0,1,-2.5111885406658985e-06,3.947846624999954,,13,13,0,0,34,22,16,1,0,25,0,all_resolved,4605.784012532303,34,22,1113.1568025064605,5205.543226493539,11,6,0,0,11,12,12,0,[]
w6_persistent_bearing,27,4,random,93,1,16,16,16,9,7,7433.12896,464.57056,25810.64481433673,5162.128962867346,384,1920.0,271,271.0,16,0,80.0,7,-2.8673457563854754e-06,4.954656582999974,,16,16,0,0,224,71,168,8,0,14,0,all_resolved,14924.252776771664,224,114,4218.850555354333,3214.2784046456673,47,73,0,2,47,9,9,0,[]
w6_persistent_bearing,27,4,random,94,1,14,14,14,13,1,6592.655933,470.9039952142857,22733.279665496306,4546.655933099261,331,1655.0,321,321.0,14,0,70.0,0,-9.926134225679561e-08,4.9207179580000115,,14,14,0,0,119,34,98,6,0,25,0,all_resolved,7317.2247459532055,119,114,2172.444949190641,4420.210983809358,13,0,0,0,13,14,14,0,[]
w6_persistent_bearing,27,4,random,95,1,16,16,16,6,10,7460.051913,466.2532445625,27400.259556700395,5480.051911340079,320,1600.0,300,300.0,16,0,80.0,2,1.6599215086898766e-06,5.602666333000002,,16,16,0,0,123,33,100,5,0,22,0,all_resolved,11825.883488061909,123,108,3088.1766976123818,4371.8752153876185,15,7,0,0,15,14,14,0,[]
w6_persistent_bearing,27,4,random,96,1,12,12,12,10,2,6301.934423,525.1612019166666,21009.672112512955,4201.934422502591,345,1725.0,315,315.0,12,0,60.0,5,4.974090188625269e-07,2.1766501660000017,,12,12,0,0,81,39,50,3,0,25,0,all_resolved,7285.029567565698,81,56,1918.0059135131396,4383.92850948686,24,0,0,0,24,7,7,0,[]
w6_persistent_bearing,27,4,random,97,1,11,11,11,3,8,7936.975533,721.5432302727272,27974.877662741186,5594.975532548237,390,1950.0,337,337.0,11,0,55.0,4,4.5176238927524537e-07,1.7378210829999716,,11,11,0,0,105,20,93,3,0,25,0,all_resolved,9998.0250349193,105,60,2584.6050069838598,5352.3705260161405,9,36,0,1,9,7,7,0,[]
w6_persistent_bearing,27,4,random,98,1,12,12,12,8,4,6905.449265,575.4541054166667,24167.24630665329,4833.449261330658,339,1695.0,317,317.0,12,0,60.0,1,3.6693418223876506e-06,2.4832228330000135,,12,12,0,0,73,23,59,4,0,25,0,all_resolved,5629.646053698771,73,57,1547.9292107397541,5357.520054260246,8,12,0,0,8,11,11,0,[]
w6_persistent_bearing,27,4,random,99,1,13,13,13,3,10,8651.377067,665.4905436153846,30351.885342069516,6070.3770684139035,433,2165.0,351,351.0,13,0,65.0,3,-1.4139041013550013e-06,5.814963832999979,,13,13,0,0,146,56,101,6,0,25,0,all_resolved,15301.480502542732,146,68,3858.2961005085463,4793.080966491453,45,41,0,0,45,10,10,0,[]
w6_persistent_bearing,27,4,min_reff,10000,1,14,14,14,5,9,6850.033757,489.28812550000004,23435.168786366685,4687.033757273337,351,1755.0,338,338.0,14,0,70.0,0,-2.7333680918673053e-07,1.7631021660000101,,14,14,0,0,87,17,80,5,0,25,0,all_resolved,4936.90673196048,87,78,1500.381346392096,5349.652410607904,10,3,0,0,10,14,14,0,[]
w6_persistent_bearing,27,4,min_reff,10001,1,12,12,12,4,8,6861.412391,571.7843659166666,22867.061948718594,4573.412389743718,373,1865.0,363,363.0,12,0,60.0,0,1.2562813935801387e-06,0.8124756670000011,,12,12,0,0,37,18,27,2,0,25,0,all_resolved,7737.53188798853,37,32,1764.506377597706,5096.906013402294,10,0,0,0,10,12,12,0,[]
w6_persistent_bearing,27,4,min_reff,10002,1,13,13,13,2,11,7570.325257,582.3327120769231,26636.626290617718,5327.325258123544,366,1830.0,348,348.0,13,0,65.0,0,-1.1235433703404851e-06,1.3013924169999882,,13,13,0,0,45,14,38,2,0,25,0,all_resolved,6703.077319894344,45,33,1598.6154639788688,5971.709793021131,10,9,0,0,10,13,13,0,[]
w6_persistent_bearing,27,4,min_reff,10003,1,16,16,16,4,12,6322.14762,395.13422625,23895.73811196477,4779.147622392954,248,1240.0,223,223.0,16,0,80.0,1,-2.392954229435418e-06,4.203713166999989,,16,16,0,0,75,26,60,4,0,18,0,all_resolved,11410.905282495483,75,56,2713.1810564990965,3608.9665635009032,21,9,0,0,21,15,15,0,[]
w6_persistent_bearing,27,4,min_reff,10004,1,14,14,14,2,12,8400.405895,600.0289925,31112.029473366194,6222.405894673238,357,1785.0,323,323.0,14,0,70.0,2,3.267614374635741e-07,1.2604846670000143,,14,14,0,0,95,26,82,4,0,25,0,all_resolved,9811.08174466679,95,64,2501.216348933358,5899.189546066642,18,18,0,0,18,12,12,0,[]
w6_persistent_bearing,27,4,min_reff,10005,1,16,16,16,6,10,5687.772042,355.485752625,21428.860208431965,4285.772041686393,226,1130.0,192,192.0,16,0,80.0,1,3.136065060971305e-07,3.7381917499999986,,16,16,0,0,104,33,86,6,0,10,0,all_resolved,10389.705827156882,104,77,2674.9411654313762,3012.8308765686234,28,9,0,0,28,15,15,0,[]
w6_persistent_bearing,27,4,min_reff,10006,1,11,11,11,3,8,7918.152251,719.8320228181818,27965.76125036653,5593.152250073306,384,1920.0,350,350.0,11,0,55.0,0,9.266941560781561e-07,1.1874582909999845,,11,11,0,0,60,18,51,3,0,25,0,all_resolved,12449.66199668035,60,32,2821.93239933607,5096.219851663931,12,15,0,0,12,11,11,0,[]
w6_persistent_bearing,27,4,min_reff,10007,1,12,12,12,6,6,7174.362554,597.8635461666667,25051.812761733116,5010.3625523466235,355,1775.0,329,329.0,12,0,60.0,0,1.6533767848159187e-06,1.4631555830000025,,12,12,0,0,69,19,58,4,0,25,0,all_resolved,6123.353210930594,69,50,1619.6706421861188,5554.691911813881,12,12,0,0,12,12,12,0,[]
w6_persistent_bearing,27,4,min_reff,10008,1,11,11,11,4,7,7002.522534,636.5929576363636,23527.612676699668,4705.522535339934,376,1880.0,362,362.0,11,0,55.0,0,-1.3399339877651073e-06,1.716132707999975,,11,11,0,0,33,13,26,1,0,25,0,all_resolved,8625.545905824178,33,25,1915.1091811648355,5087.413352835164,8,0,0,0,8,11,11,0,[]
w6_persistent_bearing,27,4,min_reff,10009,1,12,12,12,4,8,7110.548859,592.54573825,25142.744280979012,5028.548856195803,340,1700.0,322,322.0,12,0,60.0,0,2.8041977202519774e-06,2.2106347920000076,,12,12,0,0,55,15,47,3,0,25,0,all_resolved,9900.761436803481,55,42,2297.1522873606964,4813.396571639304,10,6,0,0,10,12,12,0,[]
w6_persistent_bearing,27,4,min_reff,10010,1,14,14,14,4,10,7344.484638,524.6060455714286,26122.423197664048,5224.4846395328095,347,1735.0,315,315.0,14,0,70.0,1,-1.5328096196753904e-06,1.912295375000042,,14,14,0,0,117,26,102,5,0,25,0,all_resolved,16460.839795076856,117,89,3966.1679590153713,3378.3166789846287,21,9,0,0,21,13,13,0,[]
w6_persistent_bearing,27,4,min_reff,10011,1,11,11,11,4,7,7026.650019,638.7863653636364,23203.25008753809,4640.650017507618,391,1955.0,376,376.0,11,0,55.0,0,1.492381670686882e-06,1.5414822910000225,,11,11,0,0,60,17,53,4,0,25,0,all_resolved,7057.794152004053,60,53,1764.5588304008106,5262.091188599189,9,0,0,0,9,11,11,0,[]
w6_persistent_bearing,27,4,min_reff,10012,1,13,13,13,6,7,7150.87731,550.0674853846153,24839.386540892097,4967.877308178419,356,1780.0,338,338.0,13,0,65.0,0,1.8215805539512075e-06,1.929249791000018,,13,13,0,0,41,12,35,3,0,25,0,all_resolved,2256.933216158814,41,31,687.3866432317628,6463.490666768237,5,6,0,0,5,13,13,0,[]
w6_persistent_bearing,27,4,min_reff,10013,1,12,12,12,4,8,6844.364148,570.3636789999999,23531.8207481618,4706.36414963236,348,1740.0,338,338.0,12,0,60.0,0,-1.6323601812473498e-06,1.390418082999986,,12,12,0,0,55,16,47,4,0,25,0,all_resolved,4300.991811952534,55,49,1184.1983623905066,5660.1657856094935,13,0,0,0,13,12,12,0,[]
w6_persistent_bearing,27,4,min_reff,10014,1,13,13,13,5,8,7038.661228,541.4354790769231,24468.306128268945,4893.661225653789,351,1755.0,325,325.0,13,0,65.0,0,2.346210749237798e-06,1.5921149579999678,,13,13,0,0,61,23,48,3,0,25,0,all_resolved,9056.4563414695,61,43,2159.2912682939,4879.3699597061,19,3,0,0,19,13,13,0,[]
w6_persistent_bearing,27,4,min_reff,10015,1,11,11,11,5,6,6899.154788,627.1958898181819,24335.773948266215,4867.154789653243,333,1665.0,312,312.0,11,0,55.0,0,-1.653243089094758e-06,2.1357421669999894,,11,11,0,0,29,17,19,1,0,25,0,all_resolved,3630.247740428467,29,15,886.0495480856933,6013.105239914306,11,9,0,0,11,11,11,0,[]
w6_persistent_bearing,27,4,min_reff,10016,1,13,13,13,3,10,7825.742916,601.9802243076923,26723.714563928657,5344.742912785731,407,2035.0,381,381.0,13,0,65.0,0,3.2142688723979518e-06,1.0561559170000123,,13,13,0,0,39,16,29,1,0,25,0,all_resolved,6415.186081132728,39,20,1498.0372162265455,6327.705699773454,15,9,0,0,15,13,13,0,[]
w6_persistent_bearing,27,4,min_reff,10017,1,14,14,14,2,12,8130.566115,580.7547225,29232.83059459356,5846.566118918712,373,1865.0,349,349.0,14,0,70.0,0,-3.918712536687963e-06,1.4597055830000158,,14,14,0,0,113,28,99,5,0,25,0,all_resolved,8844.882158917337,113,93,2426.9764317834674,5703.589683216533,20,10,0,0,20,14,14,0,[]
w6_persistent_bearing,27,4,min_reff,10018,1,14,14,14,1,13,7951.927299,567.9948070714286,28029.63652036305,5605.927304072609,384,1920.0,356,356.0,14,0,70.0,0,-5.0726093832054175e-06,1.217961833000004,,14,14,0,0,98,31,77,4,0,25,0,all_resolved,6368.381969964714,98,76,1839.6763939929428,6112.250905007057,26,3,0,0,26,14,14,0,[]
w6_persistent_bearing,27,4,min_reff,10019,1,13,13,13,4,9,7809.589833,600.7376794615385,27117.9491438703,5423.58982877406,393,1965.0,356,356.0,13,0,65.0,0,4.225939846946858e-06,1.6882346670000175,,13,13,0,0,89,25,73,4,0,25,0,all_resolved,7634.193690572942,89,61,2032.8387381145883,5776.7510948854115,19,15,0,0,19,13,13,0,[]
w6_persistent_bearing,27,4,min_reff,10020,1,15,15,15,7,8,7006.03273,467.06884866666667,25920.16362817165,5184.03272563433,295,1475.0,272,272.0,15,0,75.0,0,4.365670065453742e-06,2.4017452499999763,,15,15,0,0,98,22,87,6,0,25,0,all_resolved,13140.083800517205,98,81,3199.016760103441,3807.015969896559,9,12,0,0,9,15,15,0,[]
w6_persistent_bearing,27,4,min_reff,10021,1,14,14,14,3,11,8099.548422,578.539173,28497.742105070036,5699.5484210140075,395,1975.0,355,355.0,14,0,70.0,0,9.859923011390492e-07,2.081864875000008,,14,14,0,0,133,27,118,9,0,25,0,all_resolved,11221.69855409886,133,96,3005.3397108197723,5094.2087111802275,22,30,0,0,22,14,14,0,[]
w6_persistent_bearing,27,4,min_reff,10022,1,15,15,15,1,14,8657.799936,577.1866623999999,31588.999686320927,6317.799937264185,385,1925.0,340,340.0,15,0,75.0,0,-1.264186721527949e-06,1.5377612500000168,,15,15,0,0,102,27,86,3,0,25,0,all_resolved,11678.79298962472,102,63,2908.7585979249443,5749.041338075055,24,25,0,0,24,15,15,0,[]
w6_persistent_bearing,27,4,min_reff,10023,1,15,15,15,5,10,7737.752409,515.8501606,25263.762029986905,5052.752405997381,439,2195.0,415,415.0,15,0,75.0,1,3.00261854135897e-06,2.326080666999985,,15,15,0,0,106,33,84,5,0,25,0,all_resolved,7209.125023978629,106,89,2060.825004795726,5676.927404204274,25,0,0,0,25,14,14,0,[]
w6_persistent_bearing,27,4,min_reff,10024,1,11,11,11,2,9,6822.080655,620.1891504545455,22435.403278597896,4487.080655719579,383,1915.0,365,365.0,11,0,55.0,0,-7.19579475116916e-07,1.0319892919999916,,11,11,0,0,34,17,23,1,0,25,0,all_resolved,2760.269476249973,34,23,745.0538952499946,6077.026759750005,15,0,0,0,15,11,11,0,[]
w6_persistent_bearing,27,4,min_reff,10025,1,13,13,13,3,10,7308.176211,562.1674008461539,24580.881067104987,4916.176213420998,391,1955.0,372,372.0,13,0,65.0,0,-2.4209975890698843e-06,1.2565547080000101,,13,13,0,0,106,17,98,5,0,25,0,all_resolved,16301.533395185423,106,90,3880.3066790370845,3427.8695319629155,9,6,0,0,9,13,13,0,[]
w6_persistent_bearing,27,4,min_reff,10026,1,14,14,14,4,10,6505.679497,464.6913926428571,23923.39747317991,4784.679494635982,279,1395.0,256,256.0,14,0,70.0,0,2.3640177460038103e-06,3.6316681670000435,,14,14,0,0,44,14,38,1,0,25,0,all_resolved,3572.7989602981015,44,28,962.5597920596203,5543.11970494038,11,9,0,0,11,14,14,0,[]
w6_persistent_bearing,27,4,min_reff,10027,1,11,11,11,2,9,7466.7897,678.7990636363637,25113.948494722375,5022.789698944475,402,2010.0,379,379.0,11,0,55.0,0,1.0555249900789931e-06,2.0952143339999907,,11,11,0,0,78,15,73,3,0,25,0,all_resolved,6035.749492870116,78,60,1657.1498985740232,5809.639801425978,12,12,0,0,12,11,11,0,[]
w6_persistent_bearing,27,4,min_reff,10028,1,12,12,12,4,8,6796.653988,566.3878323333333,22888.269954513722,4577.653990902744,362,1810.0,349,349.0,12,0,60.0,0,-2.9027441996731795e-06,0.9792918750000013,,12,12,0,0,51,14,45,2,0,25,0,all_resolved,2847.9773595264296,51,46,870.5954719052859,5926.058516094714,8,3,0,0,8,12,12,0,[]
w6_persistent_bearing,27,4,min_reff,10029,1,11,11,11,3,8,7187.379098,653.3980998181819,23691.895502135267,4738.379100427053,402,2010.0,384,384.0,11,0,55.0,0,-2.4270530047942884e-06,0.7736922500000105,,11,11,0,0,77,23,63,4,0,25,0,all_resolved,4849.517297343797,77,64,1418.9034594687594,5768.475638531241,19,0,0,0,19,11,11,0,[]
w6_persistent_bearing,27,4,min_reff,10030,1,14,14,14,2,12,7519.829712,537.1306937142857,25459.148552890478,5091.829710578096,395,1975.0,383,383.0,14,0,70.0,0,1.421904016751796e-06,1.5331507500000043,,14,14,0,0,149,24,135,6,0,25,0,all_resolved,10081.710575638657,149,141,2902.3421151277316,4617.487596872268,10,3,0,0,10,14,14,0,[]
w6_persistent_bearing,27,4,min_reff,10031,1,12,12,12,4,8,7960.502251,663.3751875833333,27697.51124247666,5539.5022484953315,401,2005.0,356,356.0,12,0,60.0,0,2.5046683731488883e-06,2.4345255000000066,,12,12,0,0,98,29,79,4,0,25,0,all_resolved,9849.664346584941,98,58,2517.932869316988,5442.569381683012,23,24,0,0,23,12,12,0,[]
w6_persistent_bearing,27,4,min_reff,10032,1,10,10,10,5,5,7426.089901,742.6089901,24265.44950102679,4853.0899002053575,425,2125.0,398,398.0,10,0,50.0,0,7.946428013383411e-07,1.1646728340000436,,10,10,0,0,50,15,42,2,0,25,0,all_resolved,4642.470009012793,50,34,1212.4940018025586,6213.595899197442,10,9,0,0,10,10,10,0,[]
w6_persistent_bearing,27,4,min_reff,10033,1,14,14,14,7,7,6656.663539,475.47596707142856,23578.31768831175,4715.66353766235,315,1575.0,296,296.0,14,0,70.0,0,1.3376502465689555e-06,3.1832085830000096,,14,14,0,0,76,15,71,3,0,25,0,all_resolved,2236.1566238938303,76,67,894.2313247787661,5762.432214221234,5,6,0,0,5,14,14,0,[]
w6_persistent_bearing,27,4,min_reff,10034,1,14,14,14,6,8,7688.19762,549.1569728571428,27455.98808889641,5491.197617779282,357,1785.0,342,342.0,14,0,70.0,0,2.2207177607924677e-06,1.9906113749999577,,14,14,0,0,53,20,43,3,0,25,0,all_resolved,12841.930474186764,53,46,2879.3860948373526,4808.811525162648,10,0,0,0,10,14,14,0,[]
w6_persistent_bearing,27,4,min_reff,10035,1,16,16,16,8,8,7261.781681,453.8613550625,25808.90840229648,5161.781680459297,341,1705.0,315,315.0,16,0,80.0,0,5.407036951510236e-07,1.6116322090000494,,16,16,0,0,118,15,112,6,0,23,0,all_resolved,10057.075430403793,118,97,2698.4150860807586,4563.366594919242,9,12,0,0,9,16,16,0,[]
w6_persistent_bearing,27,4,min_reff,10036,1,12,12,12,4,8,7013.88184,584.4901533333333,23369.40919033646,4673.881838067292,383,1915.0,365,365.0,12,0,60.0,0,1.9327080735820346e-06,2.354006625000011,,12,12,0,0,119,20,107,7,0,25,0,all_resolved,7792.978394278825,119,108,2261.595678855765,4752.286161144235,14,0,0,0,14,12,12,0,[]
w6_persistent_bearing,27,4,min_reff,10037,1,11,11,11,1,10,7644.194277,694.9267524545454,27215.971388918584,5443.194277783717,364,1820.0,326,326.0,11,0,55.0,0,-7.837170414859429e-07,1.8829153329999713,,11,11,0,0,79,23,66,2,0,25,0,all_resolved,7278.115738580958,79,48,1898.6231477161916,5745.571129283808,18,21,0,0,18,11,11,0,[]
w6_persistent_bearing,27,4,min_reff,10038,1,10,10,10,2,8,8092.496826,809.2496825999999,27322.484120283094,5464.496824056619,436,2180.0,398,398.0,10,0,50.0,1,1.94338099390734e-06,0.5505845839999779,,10,10,0,0,60,15,54,3,0,25,0,all_resolved,4607.662699032274,60,32,1253.5325398064547,6838.9642861935445,8,21,0,0,8,9,9,0,[]
w6_persistent_bearing,27,4,min_reff,10039,1,11,11,11,2,9,7515.134386,683.1940350909091,25770.671940939243,5154.134388187848,389,1945.0,361,361.0,11,0,55.0,0,-2.187848622270394e-06,1.1273686659999953,,11,11,0,0,77,13,72,3,0,25,0,all_resolved,3411.961773474233,77,59,1126.3923546948465,6388.742031305153,8,12,0,0,8,11,11,0,[]
w6_persistent_bearing,27,4,min_reff,10040,1,15,15,15,6,9,7388.766374,492.5844249333333,24898.831873050007,4979.766374610002,392,1960.0,374,374.0,15,0,75.0,0,-6.100017344579101e-07,1.7947554159999868,,15,15,0,0,119,26,103,6,0,25,0,all_resolved,5773.087784162513,119,108,1857.6175568325027,5531.148817167497,14,6,0,0,14,15,15,0,[]
w6_persistent_bearing,27,4,min_reff,10041,1,13,13,13,4,9,7776.665274,598.2050210769231,28288.32634843885,5657.66526968777,348,1740.0,314,314.0,13,0,65.0,0,4.312229975766968e-06,1.481092832999991,,13,13,0,0,77,28,59,3,0,25,0,all_resolved,7616.604919119208,77,49,1957.3209838238415,5819.344290176158,22,15,0,0,22,13,13,0,[]
w6_persistent_bearing,27,4,min_reff,10042,1,12,12,12,1,11,7835.47906,652.9565883333333,26642.39529263516,5328.479058527032,413,2065.0,382,382.0,12,0,60.0,1,1.472967596782837e-06,0.7910903340000459,,12,12,0,0,56,21,42,1,0,25,0,all_resolved,5583.348986522207,56,32,1428.6697973044415,6406.809262695559,20,9,0,0,20,11,11,0,[]
w6_persistent_bearing,27,4,min_reff,10043,1,10,10,10,4,6,7096.170741,709.6170741,24420.85369866397,4884.170739732794,364,1820.0,342,342.0,10,0,50.0,0,1.267206243937835e-06,1.607274666999956,,10,10,0,0,50,15,42,2,0,25,0,all_resolved,2725.500970143579,50,38,833.1001940287158,6263.070546971284,10,6,0,0,10,10,10,0,[]
w6_persistent_bearing,27,4,min_reff,10044,1,11,11,11,2,9,7387.06513,671.5513754545455,23940.32566082577,4788.065132165154,426,2130.0,414,414.0,11,0,55.0,0,-2.1651540009770542e-06,1.0566479999999956,,11,11,0,0,68,15,62,3,0,25,0,all_resolved,9662.400799286183,68,60,2332.4801598572367,5054.584970142763,11,0,0,0,11,11,11,0,[]
w6_persistent_bearing,27,4,min_reff,10045,1,12,12,12,4,8,6986.933552,582.2444626666667,23654.66775010312,4730.933550020623,369,1845.0,351,351.0,12,0,60.0,0,1.979376975214109e-06,1.9261905829999932,,12,12,0,0,70,11,66,3,0,25,0,all_resolved,7668.3240283654995,70,60,1943.6648056730999,5043.2687463269,6,3,0,0,6,12,12,0,[]
w6_persistent_bearing,27,4,min_reff,10046,1,12,12,12,5,7,6870.785054,572.5654211666666,23108.92525789731,4621.785051579462,368,1840.0,349,349.0,12,0,60.0,1,2.420538294245489e-06,1.7438761249999857,,12,12,0,0,76,20,65,4,0,25,0,all_resolved,4207.363295492207,76,64,1285.4726590984415,5585.312394901559,11,5,0,0,11,11,11,0,[]
w6_persistent_bearing,27,4,min_reff,10047,1,13,13,13,7,6,7075.529638,544.2715106153846,24822.648178475953,4964.52963569519,346,1730.0,316,316.0,13,0,65.0,1,2.3048096409183927e-06,1.8861890410000228,,13,13,0,0,44,17,33,1,0,25,0,all_resolved,6073.999582748519,44,19,1453.7999165497038,5621.729721450296,15,16,0,0,15,12,12,0,[]
w6_persistent_bearing,27,4,min_reff,10048,1,15,15,15,8,7,6922.427567,461.4951711333333,24322.137828343755,4864.427565668751,334,1670.0,313,313.0,15,0,75.0,0,1.3312483133631758e-06,2.5521445420000077,,15,15,0,0,86,21,73,3,0,25,0,all_resolved,9303.09080151021,86,70,2360.6181603020423,4561.8094066979575,13,6,0,0,13,15,15,0,[]
w6_persistent_bearing,27,4,min_reff,10049,1,10,10,10,1,9,7883.202211,788.3202211,27426.011054325547,5485.202210865109,397,1985.0,363,363.0,10,0,50.0,0,1.3489079719875008e-07,1.8309698329999833,,10,10,0,0,69,23,55,3,0,25,0,all_resolved,5811.023549093743,69,43,1550.2047098187486,6332.997501181251,19,12,0,0,19,10,10,0,[]
w6_persistent_bearing,27,4,collinear,10000,1,14,14,14,5,9,6505.008914,464.64349385714286,24635.044568947036,4927.008913789407,255,1275.0,233,233.0,14,0,70.0,0,2.1059258870081976e-07,5.170318082999984,,14,14,0,0,39,19,26,2,0,25,0,all_resolved,6748.753637682544,39,25,1569.7507275365087,4935.258186463491,14,7,0,0,14,14,14,0,[]
w6_persistent_bearing,27,4,collinear,10001,1,12,12,12,4,8,6935.820785,577.9850654166667,23109.103911816488,4621.820782363297,379,1895.0,359,359.0,12,0,60.0,0,2.6367024474893697e-06,1.4599380409999867,,12,12,0,0,94,31,72,4,0,25,0,all_resolved,9351.500781725848,94,80,2420.30015634517,4515.52062865483,19,0,0,0,19,12,12,0,[]
w6_persistent_bearing,27,4,collinear,10002,1,13,13,13,2,11,7522.111867,578.6239897692308,25360.559349634244,5072.111869926849,400,2000.0,385,385.0,13,0,65.0,0,-2.9268494472489692e-06,2.245978541999989,,13,13,0,0,169,29,153,11,0,25,0,all_resolved,8664.494319193347,169,160,2737.8988638386695,4784.213003161331,8,9,0,0,8,13,13,0,[]
w6_persistent_bearing,27,4,collinear,10003,1,16,16,16,4,12,5543.533719,346.4708574375,20777.668602501173,4155.533720500234,225,1125.0,183,183.0,16,0,80.0,0,-1.5002342479419895e-06,3.3516762090000043,,16,16,0,0,84,40,57,3,0,15,0,all_resolved,13892.282121701266,84,44,3242.4564243402533,2301.0772946597467,33,17,0,0,33,16,16,0,[]
w6_persistent_bearing,27,4,collinear,10004,1,14,14,14,2,12,7028.792531,502.05660935714286,26253.96265142971,5250.792530285942,289,1445.0,263,263.0,14,0,70.0,0,7.140579327824526e-07,1.955665582999984,,14,14,0,0,58,30,39,0,0,25,0,all_resolved,6580.9454779773905,58,39,1645.1890955954782,5383.603435404522,25,6,0,0,25,14,14,0,[]
w6_persistent_bearing,27,4,collinear,10005,1,16,16,16,6,10,5360.566251,335.0353906875,18607.831238878247,3721.5662477756496,262,1310.0,249,249.0,16,0,80.0,1,3.2243506211671047e-06,3.54892991600002,,16,16,0,0,87,27,72,5,0,16,0,all_resolved,5203.808490050051,87,77,1552.7616980100102,3807.80455298999,16,3,0,0,16,15,15,0,[]
w6_persistent_bearing,27,4,collinear,10006,1,11,11,11,3,8,7521.139874,683.7399885454546,26065.699356036515,5213.139871207303,378,1890.0,363,363.0,11,0,55.0,0,2.7926971597480588e-06,4.029434084000002,,11,11,0,0,97,17,87,5,0,25,0,all_resolved,15251.202819094517,97,84,3619.2405638189034,3901.899310181097,5,8,0,0,5,11,11,0,[]
w6_persistent_bearing,27,4,collinear,10007,1,12,12,12,6,6,6182.38352,515.1986266666667,22391.917593188486,4478.383518637697,277,1385.0,259,259.0,12,0,60.0,0,1.3623030099552125e-06,6.45429737500001,,12,12,0,0,38,21,23,2,0,25,0,all_resolved,2973.0349569508503,38,27,811.60699139017,5370.77652860983,15,0,0,0,15,12,12,0,[]
w6_persistent_bearing,27,4,collinear,10008,1,11,11,11,4,7,7350.360999,668.2146362727273,25936.80498909475,5187.360997818951,357,1785.0,323,323.0,11,0,55.0,0,1.1810498108388856e-06,1.616799125,,11,11,0,0,82,22,70,3,0,25,0,all_resolved,13020.30289914879,82,54,3068.060579829758,4282.300419170242,15,20,0,0,15,11,11,0,[]
w6_persistent_bearing,27,4,collinear,10009,1,12,12,12,4,8,7307.355455,608.9462879166666,26031.77726274444,5206.355452548888,345,1725.0,316,316.0,12,0,60.0,0,2.4511118681402877e-06,3.484185417000049,,12,12,0,0,77,22,63,4,0,25,0,all_resolved,5528.256481780329,77,55,1545.6512963560658,5761.704158643934,15,15,0,0,15,12,12,0,[]
w6_persistent_bearing,27,4,collinear,10010,1,14,14,14,4,10,7322.56142,523.0401014285715,25632.807107257362,5126.561421451473,359,1795.0,331,331.0,14,0,70.0,0,-1.4514725990011357e-06,11.572072791999972,,14,14,0,0,124,22,111,6,0,25,0,all_resolved,10468.730125096401,124,101,2814.7460250192803,4507.81539498072,15,12,0,0,15,14,14,0,[]
w6_persistent_bearing,27,4,collinear,10011,1,11,11,11,4,7,6962.435082,632.9486438181818,24977.17541493705,4995.43508298741,321,1605.0,307,307.0,11,0,55.0,0,-9.874102033791132e-07,4.261154417,,11,11,0,0,34,9,30,2,0,25,0,all_resolved,3087.771924894603,34,27,814.5543849789207,6147.880697021079,9,3,0,0,9,11,11,0,[]
w6_persistent_bearing,27,4,collinear,10012,1,13,13,13,6,7,6946.068368,534.3129513846154,23800.34183836661,4760.068367673322,357,1785.0,336,336.0,13,0,65.0,0,3.26677763951011e-07,4.085323625000001,,13,13,0,0,91,26,74,6,0,25,0,all_resolved,2216.7738045272476,91,80,978.3547609054496,5967.713607094551,12,3,0,0,12,13,13,0,[]
w6_persistent_bearing,27,4,collinear,10013,1,12,12,12,4,8,6947.500568,578.9583806666667,25327.502831869726,5065.500566373945,307,1535.0,287,287.0,12,0,60.0,0,1.6260555639746599e-06,2.9828165830000444,,12,12,0,0,42,23,29,1,0,25,0,all_resolved,4314.598839882102,42,29,1101.9197679764204,5845.58080002358,15,3,0,0,15,12,12,0,[]
w6_persistent_bearing,27,4,collinear,10014,1,13,13,13,5,8,6668.141817,512.9339859230769,22950.709072584377,4590.1418145168755,337,1685.0,328,328.0,13,0,65.0,0,2.4831242626532912e-06,2.041155833000005,,13,13,0,0,75,20,65,5,0,25,0,all_resolved,2205.8497513802495,75,72,888.1699502760499,5779.9718667239495,11,0,0,0,11,13,13,0,[]
w6_persistent_bearing,27,4,collinear,10015,1,11,11,11,5,6,6067.069618,551.5517834545454,20910.348078618437,4182.069615723687,308,1540.0,290,290.0,11,0,55.0,0,2.2763133529224433e-06,2.733704375000002,,11,11,0,0,53,14,47,2,0,25,0,all_resolved,1301.7106570123321,53,41,566.3421314024664,5500.727486597534,8,12,0,0,8,11,11,0,[]
w6_persistent_bearing,27,4,collinear,10016,1,13,13,13,3,10,6963.551013,535.6577702307693,23287.75506853398,4657.551013706796,375,1875.0,366,366.0,13,0,65.0,0,-7.067956175887957e-07,2.441737332999992,,13,13,0,0,58,14,53,2,0,25,0,all_resolved,4142.308447194399,58,54,1172.4616894388798,5791.08932356112,5,0,0,0,5,13,13,0,[]
w6_persistent_bearing,27,4,collinear,10017,1,14,14,14,2,12,6915.876059,493.9911470714286,25129.38029332665,5025.87605866533,306,1530.0,290,290.0,14,0,70.0,0,3.346704033901915e-07,2.416276584000002,,14,14,0,0,66,27,51,4,0,25,0,all_resolved,4967.969663700501,66,57,1380.5939327401002,5535.2821262599,18,0,0,0,18,14,14,0,[]
w6_persistent_bearing,27,4,collinear,10018,1,14,14,14,1,13,6716.073509,479.71953635714283,21815.367541683303,4363.073508336661,382,1910.0,373,373.0,14,0,70.0,0,6.633390512433834e-07,3.5283141250000085,,14,14,0,0,152,15,147,7,0,25,0,all_resolved,8154.660263653539,152,148,2538.9320527307077,4177.141456269292,5,0,0,0,5,14,14,0,[]
w6_persistent_bearing,27,4,collinear,10019,1,13,13,13,4,9,6981.086366,537.0066435384616,24170.431814405387,4834.086362881078,349,1745.0,337,337.0,13,0,65.0,0,3.1189229048322886e-06,2.3123594159999925,,13,13,0,0,58,22,45,5,0,25,0,all_resolved,3084.8139543360835,58,54,960.9627908672167,6020.123575132784,13,0,0,0,13,13,13,0,[]
w6_persistent_bearing,27,4,collinear,10020,1,15,15,15,7,8,6754.770504,450.3180336,24983.85251270147,4996.770502540294,283,1415.0,268,268.0,15,0,75.0,0,1.459706254536286e-06,6.6275463750000085,,15,15,0,0,56,12,50,3,0,25,0,all_resolved,7925.887227690701,56,46,1911.1774455381403,4843.59305846186,6,3,0,0,6,15,15,0,[]
w6_persistent_bearing,27,4,collinear,10021,1,14,14,14,3,11,7277.257165,519.8040832142857,27561.285811631835,5512.257162326367,288,1440.0,255,255.0,14,0,70.0,0,2.673633389349561e-06,5.100920583000004,,14,14,0,0,70,25,55,3,0,25,0,all_resolved,9042.955759592829,70,43,2201.5911519185656,5075.666013081434,17,18,0,0,17,14,14,0,[]
w6_persistent_bearing,27,4,collinear,10022,1,15,15,15,1,14,7194.722671,479.6481780666667,23943.613335434267,4788.722667086853,390,1950.0,381,381.0,15,0,75.0,0,3.913147338607814e-06,1.7635777919999782,,15,15,0,0,129,26,114,8,0,25,0,all_resolved,7604.252125394717,129,126,2291.8504250789433,4902.872245921057,12,0,0,0,12,15,15,0,[]
w6_persistent_bearing,27,4,collinear,10023,1,15,15,15,5,10,6878.910309,458.59402059999996,27089.55153535141,5417.910307070282,236,1180.0,206,206.0,15,0,75.0,0,1.929717655002605e-06,16.547877249999942,,15,15,0,0,58,23,46,2,0,25,0,all_resolved,5577.579765964832,58,35,1440.5159531929664,5438.394355807033,19,23,0,0,19,15,15,0,[]
w6_persistent_bearing,27,4,collinear,10024,1,11,11,11,2,9,6957.689442,632.517222,23898.447213976586,4779.6894427953175,356,1780.0,343,343.0,11,0,55.0,0,-7.953176464070566e-07,2.0600327919999017,,11,11,0,0,70,18,60,5,0,25,0,all_resolved,5082.804753374577,70,63,1429.5609506749154,5528.128491325085,9,0,0,0,9,11,11,0,[]
w6_persistent_bearing,27,4,collinear,10025,1,13,13,13,3,10,7674.983366,590.3833358461538,26634.916831158374,5326.983366231675,384,1920.0,363,363.0,13,0,65.0,0,-2.3167467588791624e-07,4.160493333999966,,13,13,0,0,105,19,97,8,0,25,0,all_resolved,9464.101949038222,105,90,2507.8203898076445,5167.162976192356,12,11,0,0,12,13,13,0,[]
w6_persistent_bearing,27,4,collinear,10026,1,14,14,14,4,10,6628.896749,473.49262492857144,23154.483738193245,4630.896747638649,323,1615.0,313,313.0,14,0,70.0,0,1.361351678497158e-06,3.3063629170000013,,14,14,0,0,95,28,77,4,0,25,0,all_resolved,9158.065489608616,95,89,2395.6130979217232,4233.283651078277,20,0,0,0,20,14,14,0,[]
w6_persistent_bearing,27,4,collinear,10027,1,11,11,11,2,9,6745.458409,613.2234917272727,22132.2920628694,4426.45841257388,380,1900.0,364,364.0,11,0,55.0,1,-3.5738803489948623e-06,1.8371070420000706,,11,11,0,0,124,27,108,7,0,25,0,all_resolved,4174.86768411533,124,114,1568.973536823066,5176.484872176934,19,3,0,0,19,10,10,0,[]
w6_persistent_bearing,27,4,collinear,10028,1,12,12,12,4,8,6983.633352,581.969446,23473.166755609658,4694.633351121932,374,1870.0,359,359.0,12,0,60.0,0,8.780680218478665e-07,1.77781887499998,,12,12,0,0,93,21,81,6,0,25,0,all_resolved,7167.671835082099,93,82,1980.5343670164198,5003.0989849835805,15,3,0,0,15,12,12,0,[]
w6_persistent_bearing,27,4,collinear,10029,1,11,11,11,3,8,7389.271107,671.7519188181818,25806.35553339352,5161.271106678703,367,1835.0,338,338.0,11,0,55.0,0,3.212962838006206e-07,1.9454775829999562,,11,11,0,0,80,21,69,2,0,25,0,all_resolved,5875.828795407237,80,59,1634.1657590814473,5755.105347918552,14,18,0,0,14,11,11,0,[]
w6_persistent_bearing,27,4,collinear,10030,1,14,14,14,2,12,8413.311295,600.9508067857142,27646.55646830948,5529.311293661896,475,2375.0,439,439.0,14,0,70.0,1,1.3381031749304384e-06,1.4810236249999207,,14,14,0,0,150,35,128,7,0,25,0,all_resolved,11238.989521778143,150,120,3117.797904355629,5295.513390644371,18,18,0,0,18,13,13,0,[]
w6_persistent_bearing,27,4,collinear,10031,1,12,12,12,4,8,6811.673034,567.6394195,24838.36518496721,4967.673036993442,302,1510.0,274,274.0,12,0,60.0,0,-2.9934417398180813e-06,4.06873533299995,,12,12,0,0,40,20,26,1,0,25,0,all_resolved,4183.101443308225,40,20,1056.620288661645,5755.052745338356,18,9,0,0,18,12,12,0,[]
w6_persistent_bearing,27,4,collinear,10032,1,10,10,10,5,5,7022.391809,702.2391809,24481.959038233264,4896.3918076466525,348,1740.0,336,336.0,10,0,50.0,0,1.3533472156268544e-06,1.631852915999957,,10,10,0,0,37,13,31,2,0,25,0,all_resolved,2509.742965782463,37,36,722.9485931564926,6299.4432158435075,5,0,0,0,5,10,10,0,[]
w6_persistent_bearing,27,4,collinear,10033,1,14,14,14,7,7,6151.796731,439.41405221428573,22318.983653079264,4463.7967306158525,272,1360.0,258,258.0,14,0,70.0,0,3.8414782466134056e-07,2.6993258339999784,,14,14,0,0,43,21,30,2,0,25,0,all_resolved,3000.2135737635717,43,35,850.0427147527143,5301.754016247286,17,0,0,0,17,14,14,0,[]
w6_persistent_bearing,27,4,collinear,10034,1,14,14,14,6,8,7127.318057,509.09414692857143,25821.590296719114,5164.318059343823,318,1590.0,303,303.0,14,0,70.0,0,-2.3438224161509424e-06,3.20171829100002,,14,14,0,0,83,18,72,4,0,25,0,all_resolved,12230.588108107642,83,74,2935.1176216215285,4192.200435378472,12,0,0,0,12,14,14,0,[]
w6_persistent_bearing,27,4,collinear,10035,1,16,16,16,8,8,2827.254351,176.7033969375,10696.271739115939,2139.254347823188,104,520.0,88,88.0,16,0,80.0,0,3.1768122426001355e-06,8.323183749999998,,16,16,0,0,39,30,20,0,0,4,0,all_resolved,5507.6048618226105,39,24,1320.520972364522,1506.733378635478,29,4,0,0,29,16,16,0,[]
w6_persistent_bearing,27,4,collinear,10036,1,12,12,12,4,8,7195.894512,599.657876,22824.472546703233,4564.894509340646,432,2160.0,411,411.0,12,0,60.0,0,2.6593534130370244e-06,1.5320665409999492,,12,12,0,0,141,26,127,11,0,25,0,all_resolved,8839.552428305386,141,127,2599.910485661077,4595.984026338923,8,6,0,0,8,12,12,0,[]
w6_persistent_bearing,27,4,collinear,10037,1,11,11,11,1,10,7752.395613,704.7632375454546,27421.978051048973,5484.3956102097945,374,1870.0,343,343.0,11,0,55.0,0,2.790205144265201e-06,1.0221114170000192,,11,11,0,0,75,20,64,3,0,25,0,all_resolved,13221.632971072175,75,48,3067.326594214435,4685.069018785565,15,18,0,0,15,11,11,0,[]
w6_persistent_bearing,27,4,collinear,10038,1,10,10,10,2,8,6943.42871,694.3428710000001,23467.14354169931,4693.428708339862,370,1850.0,350,350.0,10,0,50.0,0,1.6601379684288986e-06,1.4841872090000834,,10,10,0,0,48,15,40,4,0,25,0,all_resolved,3816.706918860969,48,35,1038.3413837721937,5905.087326227806,13,6,0,0,13,10,10,0,[]
w6_persistent_bearing,27,4,collinear,10039,1,11,11,11,2,9,7408.238813,673.4762557272727,25971.194068555145,5194.238813711029,364,1820.0,339,339.0,11,0,55.0,0,-7.110293154255487e-07,1.7323438330000727,,11,11,0,0,66,15,57,2,0,25,0,all_resolved,3769.301422392316,66,49,1132.8602844784632,6275.378528521536,10,9,0,0,10,11,11,0,[]
w6_persistent_bearing,27,4,collinear,10040,1,15,15,15,6,9,6751.890326,450.1260217333333,24709.451614835598,4941.89032296712,293,1465.0,270,270.0,15,0,75.0,0,3.0328801585710607e-06,4.194956124999976,,15,15,0,0,105,27,92,5,0,25,0,all_resolved,4779.851889883504,105,90,1570.9703779767008,5180.919948023299,13,9,0,0,13,15,15,0,[]
w6_persistent_bearing,27,4,collinear,10041,1,13,13,13,4,9,7013.192041,539.4763108461539,23970.960215379157,4794.192043075831,362,1810.0,344,344.0,13,0,65.0,0,-2.0758307073265314e-06,2.930356292000056,,13,13,0,0,94,27,75,5,0,25,0,all_resolved,7750.77241657815,94,81,2101.15448331563,4912.037557684371,16,3,0,0,16,13,13,0,[]
w6_persistent_bearing,27,4,collinear,10042,1,12,12,12,1,11,7061.647393,588.4706160833333,24988.23695730768,4997.647391461536,339,1695.0,309,309.0,12,0,60.0,0,1.5384639482363127e-06,5.589274791999969,,12,12,0,0,73,25,57,3,0,25,0,all_resolved,4462.050407677572,73,51,1308.4100815355146,5753.237311464485,18,18,0,0,18,12,12,0,[]
w6_persistent_bearing,27,4,collinear,10043,1,10,10,10,4,6,6521.067384,652.1067384,21645.336916914148,4329.06738338283,360,1800.0,342,342.0,10,0,50.0,0,6.171703716972843e-07,3.6020282499999894,,10,10,0,0,61,14,54,4,0,25,0,all_resolved,2760.8058399423485,61,56,913.1611679884697,5607.90621601153,9,0,0,0,9,10,10,0,[]
w6_persistent_bearing,27,4,collinear,10044,1,11,11,11,2,9,6926.87096,629.7155418181818,24784.354800361416,4956.870960072283,324,1620.0,295,295.0,11,0,55.0,0,-7.228300091810524e-08,1.9172161669999923,,11,11,0,0,55,35,30,0,0,25,0,all_resolved,5482.532185982276,55,32,1403.5064371964552,5523.364522803545,28,12,0,0,28,11,11,0,[]
w6_persistent_bearing,27,4,collinear,10045,1,12,12,12,4,8,6830.143404,569.178617,23660.71702443078,4732.1434048861565,342,1710.0,328,328.0,12,0,60.0,0,-8.861561582307331e-07,2.045516292000002,,12,12,0,0,70,23,57,3,0,25,0,all_resolved,3145.944261634667,70,62,1041.1888523269333,5788.954551673067,16,3,0,0,16,12,12,0,[]
w6_persistent_bearing,27,4,collinear,10046,1,12,12,12,5,7,7594.410002,632.8675001666667,24857.05001503325,4971.410003006649,431,2155.0,408,408.0,12,0,60.0,0,-1.0066496543004178e-06,3.852169333000006,,12,12,0,0,174,36,150,10,0,25,0,all_resolved,4273.680555847109,174,159,1883.7361111694217,5710.673890830578,11,9,0,0,11,12,12,0,[]
w6_persistent_bearing,27,4,collinear,10047,1,13,13,13,7,6,6927.317981,532.8706139230769,24771.589893779175,4954.317978755835,323,1615.0,293,293.0,13,0,65.0,0,2.2441654436988756e-06,8.032882374999986,,13,13,0,0,87,28,67,5,0,25,0,all_resolved,15732.487825759703,87,59,3640.4975651519408,3286.8204158480594,17,14,0,0,17,13,13,0,[]
w6_persistent_bearing,27,4,collinear,10048,1,15,15,15,8,7,6924.127186,461.60847906666663,25185.635919549768,5037.127183909954,306,1530.0,282,282.0,15,0,75.0,0,2.0900461095152423e-06,2.430779833000088,,15,15,0,0,99,37,76,1,0,25,0,all_resolved,3880.5180082623915,99,83,1354.1036016524783,5570.023584347521,16,9,0,0,16,15,15,0,[]
w6_persistent_bearing,27,4,collinear,10049,1,10,10,10,1,9,7191.607759,719.1607759000001,25148.03879619173,5029.607759238346,355,1775.0,337,337.0,10,0,50.0,2,-2.3834581952542067e-07,0.794497500000034,,10,10,0,0,33,14,25,1,0,25,0,all_resolved,2929.528277608513,33,20,770.9056555217026,6420.702103478297,11,3,0,0,11,8,8,0,[]
