id,title,status,modules,tests,source
P0-001,绝对禁止直接改坏 `q4/w5_policy.py`。** 当前 W5 必须保留为 baseline；新增 `W5ProPolicy`，建议文件 `q4/w5pro_policy.py`。,code_and_test_candidate,w5_geometry.py;w5_policy.py;w5pro_future_cost.py;w5pro_hypothesis.py;w5pro_nbv.py;w5pro_scheduler.py;w5pro_spatial.py;w5pro_tasks.py,test_w5pro_checklist_contract.py,C:\Users\14535\.codex\attachments\fa9ea29d-0df4-476b-86de-f949de640405\pasted-text-1.txt
P0-002,保留当前选定几何参数。** 当前真正运行的是：,code_and_test_candidate,w5_geometry.py;w5pro_future_cost.py;w5pro_hypothesis.py;w5pro_nbv.py;w5pro_scheduler.py;w5pro_spatial.py;w5pro_tasks.py,test_w5pro_checklist_contract.py,C:\Users\14535\.codex\attachments\fa9ea29d-0df4-476b-86de-f949de640405\pasted-text-1.txt
P0-003,保留 25 点构造公式。** `w5_detection_points()` 不应因为 W5Pro 动态规划而改变。它仍是：,code_and_test_candidate,w5_geometry.py;w5pro_future_cost.py;w5pro_hypothesis.py;w5pro_nbv.py;w5pro_scheduler.py;w5pro_spatial.py;w5pro_tasks.py,test_w5pro_checklist_contract.py,C:\Users\14535\.codex\attachments\fa9ea29d-0df4-476b-86de-f949de640405\pasted-text-1.txt
P0-004,原 W5 几何测试必须全部继续通过。** 包括 25 点数目、解析 side interval、边界 angular gap、6 supplement lower bound、no-ground-truth-access 等。现有测试已经明确这些 invariant。,code_and_test_candidate,w5_geometry.py;w5pro_future_cost.py;w5pro_hypothesis.py;w5pro_nbv.py;w5pro_scheduler.py;w5pro_spatial.py;w5pro_tasks.py,test_w5pro_foundation.py,C:\Users\14535\.codex\attachments\fa9ea29d-0df4-476b-86de-f949de640405\pasted-text-1.txt
P0-005,建立 W5 baseline artifact。** 固定当前 7-case 数据：,code_and_test_candidate,w5_geometry.py;w5_policy.py;w5pro_future_cost.py;w5pro_hypothesis.py;w5pro_nbv.py;w5pro_scheduler.py;w5pro_spatial.py;w5pro_tasks.py,test_w5pro_checklist_contract.py,C:\Users\14535\.codex\attachments\fa9ea29d-0df4-476b-86de-f949de640405\pasted-text-1.txt
P0-006,所有 W5Pro benchmark 必须 same-seed paired。** 不允许用不同 seed 宣称提升。,code_and_test_candidate,w5_geometry.py;w5pro_future_cost.py;w5pro_hypothesis.py;w5pro_nbv.py;w5pro_scheduler.py;w5pro_spatial.py;w5pro_tasks.py,test_w5pro_checklist_contract.py,C:\Users\14535\.codex\attachments\fa9ea29d-0df4-476b-86de-f949de640405\pasted-text-1.txt
P0-007,增加总开关配置。**,code_and_test_candidate,w5_geometry.py;w5pro_future_cost.py;w5pro_hypothesis.py;w5pro_nbv.py;w5pro_scheduler.py;w5pro_spatial.py;w5pro_tasks.py,test_w5pro_checklist_contract.py,C:\Users\14535\.codex\attachments\fa9ea29d-0df4-476b-86de-f949de640405\pasted-text-1.txt
P0-008,建立 identity mode。** 所有开关关闭时：,code_and_test_candidate,w5_geometry.py;w5pro_config.py;w5pro_future_cost.py;w5pro_hypothesis.py;w5pro_nbv.py;w5pro_scheduler.py;w5pro_spatial.py;w5pro_tasks.py,test_w5pro_checklist_contract.py,C:\Users\14535\.codex\attachments\fa9ea29d-0df4-476b-86de-f949de640405\pasted-text-1.txt
P0-010,W5Pro 不要把所有东西塞进原 `Q4TargetState`。**,code_and_test_candidate,w5_geometry.py;w5pro_future_cost.py;w5pro_hypothesis.py;w5pro_nbv.py;w5pro_scheduler.py;w5pro_spatial.py;w5pro_tasks.py,test_w5pro_acceptance.py;test_w5pro_advanced.py;test_w5pro_backbone.py;test_w5pro_checklist_contract.py;test_w5pro_clear_route.py;test_w5pro_corridor.py;test_w5pro_diagnostics.py;test_w5pro_experiment_matrix.py;test_w5pro_feasible.py;test_w5pro_foundation.py;test_w5pro_hypothesis.py;test_w5pro_information.py;test_w5pro_metrics.py;test_w5pro_nbv.py;test_w5pro_planner.py;test_w5pro_rotation.py;test_w5pro_safety.py;test_w5pro_scheduler.py;test_w5pro_state_tasks.py;test_w5pro_tail_fallback.py;test_w5pro_triangle_certificate.py;test_w5pro_tspn.py,C:\Users\14535\.codex\attachments\fa9ea29d-0df4-476b-86de-f949de640405\pasted-text-1.txt
P0-011,原 `ChannelStatus`/`SourceTrack` 仍是执行层权威。**,code_and_test_candidate,w5_geometry.py;w5pro_future_cost.py;w5pro_hypothesis.py;w5pro_nbv.py;w5pro_scheduler.py;w5pro_spatial.py;w5pro_tasks.py,test_w5pro_state_tasks.py,C:\Users\14535\.codex\attachments\fa9ea29d-0df4-476b-86de-f949de640405\pasted-text-1.txt
P0-012,`W5ProTargetState` 只补 planner 信息。**,code_and_test_candidate,w5_geometry.py;w5pro_future_cost.py;w5pro_hypothesis.py;w5pro_nbv.py;w5pro_planner.py;w5pro_scheduler.py;w5pro_spatial.py;w5pro_tasks.py,test_w5pro_state_tasks.py,C:\Users\14535\.codex\attachments\fa9ea29d-0df4-476b-86de-f949de640405\pasted-text-1.txt
P0-013,Directional hypothesis `H_c` 只用于：**,code_and_test_candidate,w5_geometry.py;w5pro_future_cost.py;w5pro_hypothesis.py;w5pro_nbv.py;w5pro_scheduler.py;w5pro_spatial.py;w5pro_tasks.py,test_w5pro_hypothesis.py,C:\Users\14535\.codex\attachments\fa9ea29d-0df4-476b-86de-f949de640405\pasted-text-1.txt
P0-014,禁止以下逻辑：**,code_and_test_candidate,w5_geometry.py;w5pro_future_cost.py;w5pro_hypothesis.py;w5pro_nbv.py;w5pro_scheduler.py;w5pro_spatial.py;w5pro_tasks.py,test_w5pro_checklist_contract.py,C:\Users\14535\.codex\attachments\fa9ea29d-0df4-476b-86de-f949de640405\pasted-text-1.txt
P0-015,H_c 不能直接触发 clear。**,code_and_test_candidate,w5_geometry.py;w5pro_clear.py;w5pro_future_cost.py;w5pro_hypothesis.py;w5pro_nbv.py;w5pro_scheduler.py;w5pro_spatial.py;w5pro_tasks.py,test_w5pro_checklist_contract.py,C:\Users\14535\.codex\attachments\fa9ea29d-0df4-476b-86de-f949de640405\pasted-text-1.txt
P0-016,clear 仍必须依赖原 localisation/MEC/near 物理条件。**,code_and_test_candidate,w5_geometry.py;w5pro_clear.py;w5pro_future_cost.py;w5pro_hypothesis.py;w5pro_nbv.py;w5pro_scheduler.py;w5pro_spatial.py;w5pro_tasks.py,test_w5pro_acceptance.py;test_w5pro_checklist_contract.py;test_w5pro_clear_route.py;test_w5pro_corridor.py;test_w5pro_information.py;test_w5pro_metrics.py;test_w5pro_planner.py;test_w5pro_safety.py;test_w5pro_scheduler.py;test_w5pro_state_tasks.py,C:\Users\14535\.codex\attachments\fa9ea29d-0df4-476b-86de-f949de640405\pasted-text-1.txt
P0-017,absence 的安全出口只能是：**,code_and_test_candidate,w5_geometry.py;w5pro_future_cost.py;w5pro_hypothesis.py;w5pro_nbv.py;w5pro_scheduler.py;w5pro_spatial.py;w5pro_tasks.py,test_w5pro_triangle_certificate.py,C:\Users\14535\.codex\attachments\fa9ea29d-0df4-476b-86de-f949de640405\pasted-text-1.txt
P0-020,新增 `q4/w5pro_hypothesis.py`。**,code_and_test_candidate,w5_geometry.py;w5pro_future_cost.py;w5pro_hypothesis.py;w5pro_nbv.py;w5pro_scheduler.py;w5pro_spatial.py;w5pro_tasks.py,test_w5pro_hypothesis.py,C:\Users\14535\.codex\attachments\fa9ea29d-0df4-476b-86de-f949de640405\pasted-text-1.txt
P0-021,迁移 `HypothesisGrid` 思想。**,code_and_test_candidate,w5_geometry.py;w5pro_future_cost.py;w5pro_hypothesis.py;w5pro_nbv.py;w5pro_scheduler.py;w5pro_spatial.py;w5pro_tasks.py,test_w5pro_hypothesis.py,C:\Users\14535\.codex\attachments\fa9ea29d-0df4-476b-86de-f949de640405\pasted-text-1.txt
P0-022,网格必须覆盖 arena 边缘 cell。**,code_and_test_candidate,w5_geometry.py;w5pro_future_cost.py;w5pro_hypothesis.py;w5pro_nbv.py;w5pro_scheduler.py;w5pro_spatial.py;w5pro_tasks.py,test_w5pro_hypothesis.py,C:\Users\14535\.codex\attachments\fa9ea29d-0df4-476b-86de-f949de640405\pasted-text-1.txt
P0-023,每个 channel 同时维护：**,code_and_test_candidate,w5_geometry.py;w5pro_future_cost.py;w5pro_hypothesis.py;w5pro_nbv.py;w5pro_scheduler.py;w5pro_spatial.py;w5pro_tasks.py,test_w5pro_hypothesis.py,C:\Users\14535\.codex\attachments\fa9ea29d-0df4-476b-86de-f949de640405\pasted-text-1.txt
P0-024,不要假设已知真实 source type。**,code_and_test_candidate,w5_geometry.py;w5pro_future_cost.py;w5pro_hypothesis.py;w5pro_nbv.py;w5pro_scheduler.py;w5pro_spatial.py;w5pro_tasks.py,test_w5pro_hypothesis.py,C:\Users\14535\.codex\attachments\fa9ea29d-0df4-476b-86de-f949de640405\pasted-text-1.txt
P0-025,NO_SIGNAL 对 omni 的删除条件：**,code_and_test_candidate,w5_geometry.py;w5pro_future_cost.py;w5pro_hypothesis.py;w5pro_nbv.py;w5pro_scheduler.py;w5pro_spatial.py;w5pro_tasks.py,test_w5pro_advanced.py;test_w5pro_checklist_contract.py;test_w5pro_hypothesis.py;test_w5pro_tail_fallback.py;test_w5pro_triangle_certificate.py,C:\Users\14535\.codex\attachments\fa9ea29d-0df4-476b-86de-f949de640405\pasted-text-1.txt
P0-026,NO_SIGNAL 对 directional 的删除还必须满足方向覆盖。**,code_and_test_candidate,w5_geometry.py;w5pro_future_cost.py;w5pro_hypothesis.py;w5pro_nbv.py;w5pro_scheduler.py;w5pro_spatial.py;w5pro_tasks.py,test_w5pro_advanced.py;test_w5pro_checklist_contract.py;test_w5pro_hypothesis.py;test_w5pro_tail_fallback.py;test_w5pro_triangle_certificate.py,C:\Users\14535\.codex\attachments\fa9ea29d-0df4-476b-86de-f949de640405\pasted-text-1.txt
P0-027,必须按 cell corners + heading-bin edges 做 conservative test。**,code_and_test_candidate,w5_geometry.py;w5pro_future_cost.py;w5pro_hypothesis.py;w5pro_nbv.py;w5pro_scheduler.py;w5pro_spatial.py;w5pro_tasks.py,test_w5pro_hypothesis.py,C:\Users\14535\.codex\attachments\fa9ea29d-0df4-476b-86de-f949de640405\pasted-text-1.txt
P0-028,禁止用 1500m 做 guaranteed-negative elimination。**,code_and_test_candidate,w5_geometry.py;w5pro_future_cost.py;w5pro_hypothesis.py;w5pro_nbv.py;w5pro_scheduler.py;w5pro_spatial.py;w5pro_tasks.py,test_w5pro_hypothesis.py,C:\Users\14535\.codex\attachments\fa9ea29d-0df4-476b-86de-f949de640405\pasted-text-1.txt
P0-029,bearing observation 更新 H_c。**,code_and_test_candidate,w5_geometry.py;w5pro_future_cost.py;w5pro_hypothesis.py;w5pro_nbv.py;w5pro_scheduler.py;w5pro_spatial.py;w5pro_tasks.py,test_w5pro_advanced.py;test_w5pro_feasible.py;test_w5pro_hypothesis.py;test_w5pro_nbv.py,C:\Users\14535\.codex\attachments\fa9ea29d-0df4-476b-86de-f949de640405\pasted-text-1.txt
P0-030,NEAR observation 更新 H_c。**,code_and_test_candidate,w5_geometry.py;w5pro_future_cost.py;w5pro_hypothesis.py;w5pro_nbv.py;w5pro_scheduler.py;w5pro_spatial.py;w5pro_tasks.py,test_w5pro_advanced.py;test_w5pro_checklist_contract.py;test_w5pro_feasible.py;test_w5pro_hypothesis.py;test_w5pro_nbv.py;test_w5pro_tspn.py,C:\Users\14535\.codex\attachments\fa9ea29d-0df4-476b-86de-f949de640405\pasted-text-1.txt
P0-031,实现：**,code_and_test_candidate,w5_geometry.py;w5pro_future_cost.py;w5pro_hypothesis.py;w5pro_nbv.py;w5pro_scheduler.py;w5pro_spatial.py;w5pro_tasks.py,test_w5pro_hypothesis.py,C:\Users\14535\.codex\attachments\fa9ea29d-0df4-476b-86de-f949de640405\pasted-text-1.txt
P0-032,为每次 measurement 建 observation adapter。**,code_and_test_candidate,w5_geometry.py;w5pro_future_cost.py;w5pro_hypothesis.py;w5pro_nbv.py;w5pro_scheduler.py;w5pro_spatial.py;w5pro_tasks.py,test_w5pro_checklist_contract.py,C:\Users\14535\.codex\attachments\fa9ea29d-0df4-476b-86de-f949de640405\pasted-text-1.txt
P0-033,不得调用 simulator ground truth。**,code_and_test_candidate,w5_geometry.py;w5pro_future_cost.py;w5pro_hypothesis.py;w5pro_nbv.py;w5pro_scheduler.py;w5pro_spatial.py;w5pro_tasks.py,test_w5pro_checklist_contract.py,C:\Users\14535\.codex\attachments\fa9ea29d-0df4-476b-86de-f949de640405\pasted-text-1.txt
P0-034,增加 hypothesis soundness property test。**,code_and_test_candidate,w5_geometry.py;w5pro_future_cost.py;w5pro_hypothesis.py;w5pro_nbv.py;w5pro_scheduler.py;w5pro_spatial.py;w5pro_tasks.py,test_w5pro_checklist_contract.py,C:\Users\14535\.codex\attachments\fa9ea29d-0df4-476b-86de-f949de640405\pasted-text-1.txt
P0-035,重点压力测试 arena boundary。**,code_and_test_candidate,w5_geometry.py;w5pro_future_cost.py;w5pro_hypothesis.py;w5pro_nbv.py;w5pro_scheduler.py;w5pro_spatial.py;w5pro_tasks.py,test_w5pro_hypothesis.py,C:\Users\14535\.codex\attachments\fa9ea29d-0df4-476b-86de-f949de640405\pasted-text-1.txt
P0-040,新增 `W5BackboneState`。**,code_and_test_candidate,w5_geometry.py;w5pro_backbone.py;w5pro_future_cost.py;w5pro_hypothesis.py;w5pro_nbv.py;w5pro_scheduler.py;w5pro_spatial.py;w5pro_tasks.py,test_w5pro_backbone.py,C:\Users\14535\.codex\attachments\fa9ea29d-0df4-476b-86de-f949de640405\pasted-text-1.txt
P0-041,仍使用原 25 个 `w5_detection_points()`。**,code_and_test_candidate,w5_geometry.py;w5pro_future_cost.py;w5pro_hypothesis.py;w5pro_nbv.py;w5pro_scheduler.py;w5pro_spatial.py;w5pro_tasks.py,test_w5pro_backbone.py,C:\Users\14535\.codex\attachments\fa9ea29d-0df4-476b-86de-f949de640405\pasted-text-1.txt
P0-042,预计算 anchor → hypothesis visibility mask。**,code_and_test_candidate,w5_geometry.py;w5pro_future_cost.py;w5pro_hypothesis.py;w5pro_nbv.py;w5pro_scheduler.py;w5pro_spatial.py;w5pro_tasks.py,test_w5pro_backbone.py,C:\Users\14535\.codex\attachments\fa9ea29d-0df4-476b-86de-f949de640405\pasted-text-1.txt
P0-043,这些 mask 只用于 planning gain。**,code_and_test_candidate,w5_geometry.py;w5pro_future_cost.py;w5pro_hypothesis.py;w5pro_nbv.py;w5pro_scheduler.py;w5pro_spatial.py;w5pro_tasks.py,test_w5pro_backbone.py,C:\Users\14535\.codex\attachments\fa9ea29d-0df4-476b-86de-f949de640405\pasted-text-1.txt
P0-044,定义 channel-specific anchor gain：**,code_and_test_candidate,w5_geometry.py;w5pro_future_cost.py;w5pro_hypothesis.py;w5pro_nbv.py;w5pro_scheduler.py;w5pro_spatial.py;w5pro_tasks.py,test_w5pro_backbone.py,C:\Users\14535\.codex\attachments\fa9ea29d-0df4-476b-86de-f949de640405\pasted-text-1.txt
P0-045,定义总 anchor gain：**,code_and_test_candidate,w5_geometry.py;w5pro_future_cost.py;w5pro_hypothesis.py;w5pro_nbv.py;w5pro_scheduler.py;w5pro_spatial.py;w5pro_tasks.py,test_w5pro_backbone.py,C:\Users\14535\.codex\attachments\fa9ea29d-0df4-476b-86de-f949de640405\pasted-text-1.txt
P0-046,再加入 coverage debt。**,code_and_test_candidate,w5_geometry.py;w5pro_future_cost.py;w5pro_hypothesis.py;w5pro_nbv.py;w5pro_scheduler.py;w5pro_spatial.py;w5pro_tasks.py,test_w5pro_backbone.py,C:\Users\14535\.codex\attachments\fa9ea29d-0df4-476b-86de-f949de640405\pasted-text-1.txt
P0-047,最终 backbone candidate score 至少考虑：**,code_and_test_candidate,w5_geometry.py;w5pro_backbone.py;w5pro_future_cost.py;w5pro_hypothesis.py;w5pro_nbv.py;w5pro_scheduler.py;w5pro_spatial.py;w5pro_tasks.py,test_w5pro_backbone.py,C:\Users\14535\.codex\attachments\fa9ea29d-0df4-476b-86de-f949de640405\pasted-text-1.txt
P0-048,不要只按距离选择下一个 backbone 点。**,code_and_test_candidate,w5_geometry.py;w5pro_backbone.py;w5pro_future_cost.py;w5pro_hypothesis.py;w5pro_nbv.py;w5pro_scheduler.py;w5pro_spatial.py;w5pro_tasks.py,test_w5pro_backbone.py,C:\Users\14535\.codex\attachments\fa9ea29d-0df4-476b-86de-f949de640405\pasted-text-1.txt
P0-049,也不要只按信息增益。**,code_and_test_candidate,w5_geometry.py;w5pro_future_cost.py;w5pro_hypothesis.py;w5pro_nbv.py;w5pro_scheduler.py;w5pro_spatial.py;w5pro_tasks.py,test_w5pro_backbone.py,C:\Users\14535\.codex\attachments\fa9ea29d-0df4-476b-86de-f949de640405\pasted-text-1.txt
P0-050,hard anchors 允许动态重排序。**,code_and_test_candidate,w5_geometry.py;w5pro_future_cost.py;w5pro_hypothesis.py;w5pro_nbv.py;w5pro_scheduler.py;w5pro_spatial.py;w5pro_tasks.py,test_w5pro_acceptance.py;test_w5pro_checklist_contract.py;test_w5pro_planner.py;test_w5pro_safety.py;test_w5pro_scheduler.py;test_w5pro_triangle_certificate.py,C:\Users\14535\.codex\attachments\fa9ea29d-0df4-476b-86de-f949de640405\pasted-text-1.txt
P0-051,soft planner 可以暂时 defer 某个 hard anchor。**,code_and_test_candidate,w5_geometry.py;w5pro_future_cost.py;w5pro_hypothesis.py;w5pro_nbv.py;w5pro_planner.py;w5pro_scheduler.py;w5pro_spatial.py;w5pro_tasks.py,test_w5pro_planner.py,C:\Users\14535\.codex\attachments\fa9ea29d-0df4-476b-86de-f949de640405\pasted-text-1.txt
P0-052,但如果 `<16 sources discovered` 且 hard completeness 未完成，则不能永久删除 required anchor。**,code_and_test_candidate,w5_geometry.py;w5pro_future_cost.py;w5pro_hypothesis.py;w5pro_nbv.py;w5pro_scheduler.py;w5pro_spatial.py;w5pro_tasks.py,test_w5pro_backbone.py,C:\Users\14535\.codex\attachments\fa9ea29d-0df4-476b-86de-f949de640405\pasted-text-1.txt
P0-053,如果已发现16个源，可清空剩余 discovery backbone。**,code_and_test_candidate,w5_geometry.py;w5pro_backbone.py;w5pro_future_cost.py;w5pro_hypothesis.py;w5pro_nbv.py;w5pro_scheduler.py;w5pro_spatial.py;w5pro_tasks.py,test_w5pro_backbone.py,C:\Users\14535\.codex\attachments\fa9ea29d-0df4-476b-86de-f949de640405\pasted-text-1.txt
P0-054,如果不足16源，则最后必须进入 verification/completion mode。**,code_and_test_candidate,w5_geometry.py;w5pro_future_cost.py;w5pro_hypothesis.py;w5pro_nbv.py;w5pro_scheduler.py;w5pro_spatial.py;w5pro_tasks.py,test_w5pro_backbone.py,C:\Users\14535\.codex\attachments\fa9ea29d-0df4-476b-86de-f949de640405\pasted-text-1.txt
P0-055,verification mode 必须补完所需 hard coverage。**,code_and_test_candidate,w5_geometry.py;w5pro_future_cost.py;w5pro_hypothesis.py;w5pro_nbv.py;w5pro_scheduler.py;w5pro_spatial.py;w5pro_tasks.py,test_w5pro_scheduler.py,C:\Users\14535\.codex\attachments\fa9ea29d-0df4-476b-86de-f949de640405\pasted-text-1.txt
P0-060,新增 `q4/w5pro_nbv.py`。**,code_and_test_candidate,w5_geometry.py;w5pro_future_cost.py;w5pro_hypothesis.py;w5pro_nbv.py;w5pro_scheduler.py;w5pro_spatial.py;w5pro_tasks.py,test_w5pro_nbv.py,C:\Users\14535\.codex\attachments\fa9ea29d-0df4-476b-86de-f949de640405\pasted-text-1.txt
P0-061,W3 `reacquisition_point()` 不再作为正常主策略。**,code_and_test_candidate,w5_geometry.py;w5pro_future_cost.py;w5pro_hypothesis.py;w5pro_nbv.py;w5pro_scheduler.py;w5pro_spatial.py;w5pro_tasks.py,test_w5pro_tail_fallback.py,C:\Users\14535\.codex\attachments\fa9ea29d-0df4-476b-86de-f949de640405\pasted-text-1.txt
P0-062,保留 W3 coarse，不能删。**,code_and_test_candidate,w5_geometry.py;w5pro_future_cost.py;w5pro_hypothesis.py;w5pro_nbv.py;w5pro_scheduler.py;w5pro_spatial.py;w5pro_tasks.py,test_w5pro_tail_fallback.py,C:\Users\14535\.codex\attachments\fa9ea29d-0df4-476b-86de-f949de640405\pasted-text-1.txt
P0-063,候选 viewpoint 第一类：MEC center。**,code_and_test_candidate,w5_geometry.py;w5pro_future_cost.py;w5pro_hypothesis.py;w5pro_nbv.py;w5pro_scheduler.py;w5pro_spatial.py;w5pro_tasks.py,test_w5pro_nbv.py,C:\Users\14535\.codex\attachments\fa9ea29d-0df4-476b-86de-f949de640405\pasted-text-1.txt
P0-064,候选第二类：effective-region centroid。**,code_and_test_candidate,w5_geometry.py;w5pro_future_cost.py;w5pro_hypothesis.py;w5pro_nbv.py;w5pro_scheduler.py;w5pro_spatial.py;w5pro_tasks.py,test_w5pro_nbv.py,C:\Users\14535\.codex\attachments\fa9ea29d-0df4-476b-86de-f949de640405\pasted-text-1.txt
P0-065,候选第三类：ring。**,code_and_test_candidate,w5_geometry.py;w5pro_future_cost.py;w5pro_hypothesis.py;w5pro_nbv.py;w5pro_scheduler.py;w5pro_spatial.py;w5pro_tasks.py,test_w5pro_nbv.py,C:\Users\14535\.codex\attachments\fa9ea29d-0df4-476b-86de-f949de640405\pasted-text-1.txt
P0-066,候选第四类：现有 bearing 垂线方向。**,code_and_test_candidate,w5_geometry.py;w5pro_future_cost.py;w5pro_hypothesis.py;w5pro_nbv.py;w5pro_scheduler.py;w5pro_spatial.py;w5pro_tasks.py,test_w5pro_nbv.py,C:\Users\14535\.codex\attachments\fa9ea29d-0df4-476b-86de-f949de640405\pasted-text-1.txt
P0-067,候选第五类：未来 backbone waypoint。**,code_and_test_candidate,w5_geometry.py;w5pro_backbone.py;w5pro_future_cost.py;w5pro_hypothesis.py;w5pro_nbv.py;w5pro_scheduler.py;w5pro_spatial.py;w5pro_tasks.py,test_w5pro_nbv.py,C:\Users\14535\.codex\attachments\fa9ea29d-0df4-476b-86de-f949de640405\pasted-text-1.txt
P0-068,候选第六类：其他任务 route waypoint。**,code_and_test_candidate,w5_geometry.py;w5pro_future_cost.py;w5pro_hypothesis.py;w5pro_nbv.py;w5pro_scheduler.py;w5pro_spatial.py;w5pro_tasks.py,test_w5pro_nbv.py,C:\Users\14535\.codex\attachments\fa9ea29d-0df4-476b-86de-f949de640405\pasted-text-1.txt
P0-069,已经针对该 channel 测过的相同 viewpoint 直接 prune。**,code_and_test_candidate,w5_geometry.py;w5pro_future_cost.py;w5pro_hypothesis.py;w5pro_nbv.py;w5pro_scheduler.py;w5pro_spatial.py;w5pro_tasks.py,test_w5pro_nbv.py,C:\Users\14535\.codex\attachments\fa9ea29d-0df4-476b-86de-f949de640405\pasted-text-1.txt
P0-070,NO_SIGNAL 位置进入禁重复集合。**,code_and_test_candidate,w5_geometry.py;w5pro_future_cost.py;w5pro_hypothesis.py;w5pro_nbv.py;w5pro_scheduler.py;w5pro_spatial.py;w5pro_tasks.py,test_w5pro_advanced.py;test_w5pro_checklist_contract.py;test_w5pro_hypothesis.py;test_w5pro_nbv.py;test_w5pro_tail_fallback.py;test_w5pro_triangle_certificate.py,C:\Users\14535\.codex\attachments\fa9ea29d-0df4-476b-86de-f949de640405\pasted-text-1.txt
P0-071,允许机器人去 arena 外。**,code_and_test_candidate,w5_geometry.py;w5pro_future_cost.py;w5pro_hypothesis.py;w5pro_nbv.py;w5pro_scheduler.py;w5pro_spatial.py;w5pro_tasks.py,test_w5pro_nbv.py,C:\Users\14535\.codex\attachments\fa9ea29d-0df4-476b-86de-f949de640405\pasted-text-1.txt
P0-080,对每个候选 q 计算 directional visible fraction。**,code_and_test_candidate,w5_geometry.py;w5pro_future_cost.py;w5pro_hypothesis.py;w5pro_nbv.py;w5pro_scheduler.py;w5pro_spatial.py;w5pro_tasks.py,test_w5pro_nbv.py,C:\Users\14535\.codex\attachments\fa9ea29d-0df4-476b-86de-f949de640405\pasted-text-1.txt
P0-081,计算 guaranteed/robust miss proxy。**,code_and_test_candidate,w5_geometry.py;w5pro_future_cost.py;w5pro_hypothesis.py;w5pro_nbv.py;w5pro_scheduler.py;w5pro_spatial.py;w5pro_tasks.py,test_w5pro_nbv.py,C:\Users\14535\.codex\attachments\fa9ea29d-0df4-476b-86de-f949de640405\pasted-text-1.txt
P0-082,计算位置 feasible-region shrink。**,code_and_test_candidate,w5_geometry.py;w5pro_future_cost.py;w5pro_hypothesis.py;w5pro_nbv.py;w5pro_scheduler.py;w5pro_spatial.py;w5pro_tasks.py,test_w5pro_nbv.py,C:\Users\14535\.codex\attachments\fa9ea29d-0df4-476b-86de-f949de640405\pasted-text-1.txt
P0-083,不要只优化 crossing angle。**,code_and_test_candidate,w5_geometry.py;w5pro_future_cost.py;w5pro_hypothesis.py;w5pro_nbv.py;w5pro_scheduler.py;w5pro_spatial.py;w5pro_tasks.py,test_w5pro_nbv.py,C:\Users\14535\.codex\attachments\fa9ea29d-0df4-476b-86de-f949de640405\pasted-text-1.txt
P0-084,推荐第一版评分：**,code_and_test_candidate,w5_geometry.py;w5pro_future_cost.py;w5pro_hypothesis.py;w5pro_nbv.py;w5pro_scheduler.py;w5pro_spatial.py;w5pro_tasks.py,test_w5pro_nbv.py,C:\Users\14535\.codex\attachments\fa9ea29d-0df4-476b-86de-f949de640405\pasted-text-1.txt
P0-085,如果 minimax 下所有 q 都可能 NO_SIGNAL，不要卡死。**,code_and_test_candidate,w5_geometry.py;w5pro_future_cost.py;w5pro_hypothesis.py;w5pro_nbv.py;w5pro_scheduler.py;w5pro_spatial.py;w5pro_tasks.py,test_w5pro_nbv.py,C:\Users\14535\.codex\attachments\fa9ea29d-0df4-476b-86de-f949de640405\pasted-text-1.txt
P0-086,记录 NBV 诊断：**,code_and_test_candidate,w5_geometry.py;w5pro_future_cost.py;w5pro_hypothesis.py;w5pro_nbv.py;w5pro_scheduler.py;w5pro_spatial.py;w5pro_tasks.py,test_w5pro_diagnostics.py,C:\Users\14535\.codex\attachments\fa9ea29d-0df4-476b-86de-f949de640405\pasted-text-1.txt
P0-087,连续 NBV NO_SIGNAL 后不要无限重复同类 candidate。**,code_and_test_candidate,w5_geometry.py;w5pro_future_cost.py;w5pro_hypothesis.py;w5pro_nbv.py;w5pro_scheduler.py;w5pro_spatial.py;w5pro_tasks.py,test_w5pro_nbv.py,C:\Users\14535\.codex\attachments\fa9ea29d-0df4-476b-86de-f949de640405\pasted-text-1.txt
P0-088,多次 NO_SIGNAL 后，应优先 lateral/perpendicular 或 backbone-opportunity，而不是继续沿上次 bearing 向前。**,code_and_test_candidate,w5_geometry.py;w5pro_backbone.py;w5pro_future_cost.py;w5pro_hypothesis.py;w5pro_nbv.py;w5pro_scheduler.py;w5pro_spatial.py;w5pro_tasks.py,test_w5pro_nbv.py,C:\Users\14535\.codex\attachments\fa9ea29d-0df4-476b-86de-f949de640405\pasted-text-1.txt
P0-090,新增 `W5ProTask`，不要强行改原 `Task`。**,code_and_test_candidate,w5_geometry.py;w5pro_future_cost.py;w5pro_hypothesis.py;w5pro_nbv.py;w5pro_scheduler.py;w5pro_spatial.py;w5pro_tasks.py,test_w5pro_state_tasks.py,C:\Users\14535\.codex\attachments\fa9ea29d-0df4-476b-86de-f949de640405\pasted-text-1.txt
P0-091,task kinds 至少包括：**,code_and_test_candidate,w5_geometry.py;w5pro_future_cost.py;w5pro_hypothesis.py;w5pro_nbv.py;w5pro_scheduler.py;w5pro_spatial.py;w5pro_tasks.py,test_w5pro_checklist_contract.py;test_w5pro_clear_route.py;test_w5pro_corridor.py;test_w5pro_information.py;test_w5pro_planner.py;test_w5pro_safety.py;test_w5pro_state_tasks.py,C:\Users\14535\.codex\attachments\fa9ea29d-0df4-476b-86de-f949de640405\pasted-text-1.txt
P0-092,所有 FOUND channel 必须进入 RemainingTaskPool。**,code_and_test_candidate,w5_geometry.py;w5pro_future_cost.py;w5pro_hypothesis.py;w5pro_nbv.py;w5pro_scheduler.py;w5pro_spatial.py;w5pro_tasks.py,test_w5pro_state_tasks.py,C:\Users\14535\.codex\attachments\fa9ea29d-0df4-476b-86de-f949de640405\pasted-text-1.txt
P0-093,不能出现“FOUND 了，但 planner 当前没有任何关于它的任务”。**,code_and_test_candidate,w5_geometry.py;w5pro_future_cost.py;w5pro_hypothesis.py;w5pro_nbv.py;w5pro_planner.py;w5pro_scheduler.py;w5pro_spatial.py;w5pro_tasks.py,test_w5pro_state_tasks.py,C:\Users\14535\.codex\attachments\fa9ea29d-0df4-476b-86de-f949de640405\pasted-text-1.txt
P0-094,CLEAR-ready channel 必须始终有 CLEAR task。**,code_and_test_candidate,w5_geometry.py;w5pro_clear.py;w5pro_future_cost.py;w5pro_hypothesis.py;w5pro_nbv.py;w5pro_scheduler.py;w5pro_spatial.py;w5pro_tasks.py,test_w5pro_state_tasks.py,C:\Users\14535\.codex\attachments\fa9ea29d-0df4-476b-86de-f949de640405\pasted-text-1.txt
P0-095,未访问 hard backbone anchor 必须能生成 SEARCH/VERIFY task。**,code_and_test_candidate,w5_geometry.py;w5pro_backbone.py;w5pro_future_cost.py;w5pro_hypothesis.py;w5pro_nbv.py;w5pro_scheduler.py;w5pro_spatial.py;w5pro_tasks.py,test_w5pro_state_tasks.py,C:\Users\14535\.codex\attachments\fa9ea29d-0df4-476b-86de-f949de640405\pasted-text-1.txt
P0-096,task pool 每次 observation 后 `sync()`。**,code_and_test_candidate,w5_geometry.py;w5pro_future_cost.py;w5pro_hypothesis.py;w5pro_nbv.py;w5pro_scheduler.py;w5pro_spatial.py;w5pro_tasks.py,test_w5pro_checklist_contract.py;test_w5pro_clear_route.py;test_w5pro_corridor.py;test_w5pro_information.py;test_w5pro_planner.py;test_w5pro_safety.py;test_w5pro_state_tasks.py,C:\Users\14535\.codex\attachments\fa9ea29d-0df4-476b-86de-f949de640405\pasted-text-1.txt
P0-097,任务状态属于 planner，不要修改物理 `ChannelStatus`。**,code_and_test_candidate,w5_geometry.py;w5pro_future_cost.py;w5pro_hypothesis.py;w5pro_nbv.py;w5pro_planner.py;w5pro_scheduler.py;w5pro_spatial.py;w5pro_tasks.py,test_w5pro_state_tasks.py,C:\Users\14535\.codex\attachments\fa9ea29d-0df4-476b-86de-f949de640405\pasted-text-1.txt
P0-100,每个 FOUND channel 计算 `dedicated_cost`.**,code_and_test_candidate,w5_geometry.py;w5pro_future_cost.py;w5pro_hypothesis.py;w5pro_nbv.py;w5pro_scheduler.py;w5pro_spatial.py;w5pro_tasks.py,test_w5pro_corridor.py,C:\Users\14535\.codex\attachments\fa9ea29d-0df4-476b-86de-f949de640405\pasted-text-1.txt
P0-101,检查未来 route 上每个 waypoint 是否能服务该 channel。**,code_and_test_candidate,w5_geometry.py;w5pro_future_cost.py;w5pro_hypothesis.py;w5pro_nbv.py;w5pro_scheduler.py;w5pro_spatial.py;w5pro_tasks.py,test_w5pro_corridor.py,C:\Users\14535\.codex\attachments\fa9ea29d-0df4-476b-86de-f949de640405\pasted-text-1.txt
P0-102,"定义 `viable(channel, waypoint)`。**",code_and_test_candidate,w5_geometry.py;w5pro_future_cost.py;w5pro_hypothesis.py;w5pro_nbv.py;w5pro_scheduler.py;w5pro_spatial.py;w5pro_tasks.py,test_w5pro_corridor.py,C:\Users\14535\.codex\attachments\fa9ea29d-0df4-476b-86de-f949de640405\pasted-text-1.txt
P0-103,计算 route opportunity insertion cost。**,code_and_test_candidate,w5_geometry.py;w5pro_corridor.py;w5pro_future_cost.py;w5pro_hypothesis.py;w5pro_nbv.py;w5pro_scheduler.py;w5pro_spatial.py;w5pro_tasks.py,test_w5pro_corridor.py,C:\Users\14535\.codex\attachments\fa9ea29d-0df4-476b-86de-f949de640405\pasted-text-1.txt
P0-104,如果：**,code_and_test_candidate,w5_geometry.py;w5pro_future_cost.py;w5pro_hypothesis.py;w5pro_nbv.py;w5pro_scheduler.py;w5pro_spatial.py;w5pro_tasks.py,test_w5pro_corridor.py,C:\Users\14535\.codex\attachments\fa9ea29d-0df4-476b-86de-f949de640405\pasted-text-1.txt
P0-105,增加 `wait_age`。**,code_and_test_candidate,w5_geometry.py;w5pro_future_cost.py;w5pro_hypothesis.py;w5pro_nbv.py;w5pro_scheduler.py;w5pro_spatial.py;w5pro_tasks.py,test_w5pro_state_tasks.py,C:\Users\14535\.codex\attachments\fa9ea29d-0df4-476b-86de-f949de640405\pasted-text-1.txt
P0-106,增加 `skipped_count`。**,code_and_test_candidate,w5_geometry.py;w5pro_future_cost.py;w5pro_hypothesis.py;w5pro_nbv.py;w5pro_scheduler.py;w5pro_spatial.py;w5pro_tasks.py,test_w5pro_state_tasks.py,C:\Users\14535\.codex\attachments\fa9ea29d-0df4-476b-86de-f949de640405\pasted-text-1.txt
P0-107,初始 starvation limit 可设 6～8 planner decisions。**,code_and_test_candidate,w5_geometry.py;w5pro_future_cost.py;w5pro_hypothesis.py;w5pro_nbv.py;w5pro_planner.py;w5pro_scheduler.py;w5pro_spatial.py;w5pro_tasks.py,test_w5pro_state_tasks.py,C:\Users\14535\.codex\attachments\fa9ea29d-0df4-476b-86de-f949de640405\pasted-text-1.txt
P0-108,额外增加真实时间 starvation。**,code_and_test_candidate,w5_geometry.py;w5pro_future_cost.py;w5pro_hypothesis.py;w5pro_nbv.py;w5pro_scheduler.py;w5pro_spatial.py;w5pro_tasks.py,test_w5pro_state_tasks.py,C:\Users\14535\.codex\attachments\fa9ea29d-0df4-476b-86de-f949de640405\pasted-text-1.txt
P0-109,一旦超过阈值，该任务 mandatory promotion。**,code_and_test_candidate,w5_geometry.py;w5pro_future_cost.py;w5pro_hypothesis.py;w5pro_nbv.py;w5pro_scheduler.py;w5pro_spatial.py;w5pro_tasks.py,test_w5pro_state_tasks.py,C:\Users\14535\.codex\attachments\fa9ea29d-0df4-476b-86de-f949de640405\pasted-text-1.txt
P0-110,service 完成后 `mark_served()` 清零 debt。**,code_and_test_candidate,w5_geometry.py;w5pro_future_cost.py;w5pro_hypothesis.py;w5pro_nbv.py;w5pro_scheduler.py;w5pro_spatial.py;w5pro_tasks.py,test_w5pro_state_tasks.py,C:\Users\14535\.codex\attachments\fa9ea29d-0df4-476b-86de-f949de640405\pasted-text-1.txt
P0-111,WAIT 不能改变 channel belief 状态。**,code_and_test_candidate,w5_geometry.py;w5pro_future_cost.py;w5pro_hypothesis.py;w5pro_nbv.py;w5pro_scheduler.py;w5pro_spatial.py;w5pro_tasks.py,test_w5pro_checklist_contract.py;test_w5pro_corridor.py;test_w5pro_state_tasks.py,C:\Users\14535\.codex\attachments\fa9ea29d-0df4-476b-86de-f949de640405\pasted-text-1.txt
P0-112,必须日志记录每次 wait：**,code_and_test_candidate,w5_geometry.py;w5pro_future_cost.py;w5pro_hypothesis.py;w5pro_nbv.py;w5pro_scheduler.py;w5pro_spatial.py;w5pro_tasks.py,test_w5pro_state_tasks.py,C:\Users\14535\.codex\attachments\fa9ea29d-0df4-476b-86de-f949de640405\pasted-text-1.txt
P0-120,不要一开始删除原 task。**,code_and_test_candidate,w5_geometry.py;w5pro_future_cost.py;w5pro_hypothesis.py;w5pro_nbv.py;w5pro_scheduler.py;w5pro_spatial.py;w5pro_tasks.py,test_w5pro_state_tasks.py,C:\Users\14535\.codex\attachments\fa9ea29d-0df4-476b-86de-f949de640405\pasted-text-1.txt
P0-121,新增 `SpatialStop`。**,code_and_test_candidate,w5_geometry.py;w5pro_future_cost.py;w5pro_hypothesis.py;w5pro_nbv.py;w5pro_scheduler.py;w5pro_spatial.py;w5pro_tasks.py,test_w5pro_state_tasks.py,C:\Users\14535\.codex\attachments\fa9ea29d-0df4-476b-86de-f949de640405\pasted-text-1.txt
P0-122,对 SEARCH / REFINE / VERIFY candidate 做空间聚类。**,code_and_test_candidate,w5_geometry.py;w5pro_future_cost.py;w5pro_hypothesis.py;w5pro_nbv.py;w5pro_scheduler.py;w5pro_spatial.py;w5pro_tasks.py,test_w5pro_state_tasks.py,C:\Users\14535\.codex\attachments\fa9ea29d-0df4-476b-86de-f949de640405\pasted-text-1.txt
P0-123,第一版可用 DBSCAN 或简单 radius clustering。**,code_and_test_candidate,w5_geometry.py;w5pro_future_cost.py;w5pro_hypothesis.py;w5pro_nbv.py;w5pro_scheduler.py;w5pro_spatial.py;w5pro_tasks.py,test_w5pro_clear_route.py,C:\Users\14535\.codex\attachments\fa9ea29d-0df4-476b-86de-f949de640405\pasted-text-1.txt
P0-124,不要盲抄 Way4 的 1000m cluster radius。**,code_and_test_candidate,w5_geometry.py;w5pro_future_cost.py;w5pro_hypothesis.py;w5pro_nbv.py;w5pro_scheduler.py;w5pro_spatial.py;w5pro_tasks.py,test_w5pro_clear_route.py,C:\Users\14535\.codex\attachments\fa9ea29d-0df4-476b-86de-f949de640405\pasted-text-1.txt
P0-125,只有真的存在共享服务时才生成 SpatialStop。**,code_and_test_candidate,w5_geometry.py;w5pro_future_cost.py;w5pro_hypothesis.py;w5pro_nbv.py;w5pro_scheduler.py;w5pro_spatial.py;w5pro_tasks.py,test_w5pro_state_tasks.py,C:\Users\14535\.codex\attachments\fa9ea29d-0df4-476b-86de-f949de640405\pasted-text-1.txt
P0-126,clear target 可以 fold into nearby stop。**,code_and_test_candidate,w5_geometry.py;w5pro_clear.py;w5pro_future_cost.py;w5pro_hypothesis.py;w5pro_nbv.py;w5pro_scheduler.py;w5pro_spatial.py;w5pro_tasks.py,test_w5pro_acceptance.py;test_w5pro_checklist_contract.py;test_w5pro_clear_route.py;test_w5pro_corridor.py;test_w5pro_information.py;test_w5pro_metrics.py;test_w5pro_planner.py;test_w5pro_safety.py;test_w5pro_scheduler.py;test_w5pro_state_tasks.py,C:\Users\14535\.codex\attachments\fa9ea29d-0df4-476b-86de-f949de640405\pasted-text-1.txt
P0-127,内部移动必须真实计费。**,code_and_test_candidate,w5_geometry.py;w5pro_future_cost.py;w5pro_hypothesis.py;w5pro_nbv.py;w5pro_scheduler.py;w5pro_spatial.py;w5pro_tasks.py,test_w5pro_state_tasks.py,C:\Users\14535\.codex\attachments\fa9ea29d-0df4-476b-86de-f949de640405\pasted-text-1.txt
P0-128,记录：**,code_and_test_candidate,w5_geometry.py;w5pro_future_cost.py;w5pro_hypothesis.py;w5pro_nbv.py;w5pro_scheduler.py;w5pro_spatial.py;w5pro_tasks.py,test_w5pro_clear_route.py,C:\Users\14535\.codex\attachments\fa9ea29d-0df4-476b-86de-f949de640405\pasted-text-1.txt
P0-129,SpatialStop 的 representative point 应 route-aware。**,code_and_test_candidate,w5_geometry.py;w5pro_future_cost.py;w5pro_hypothesis.py;w5pro_nbv.py;w5pro_scheduler.py;w5pro_spatial.py;w5pro_tasks.py,test_w5pro_state_tasks.py,C:\Users\14535\.codex\attachments\fa9ea29d-0df4-476b-86de-f949de640405\pasted-text-1.txt
P0-130,同时评估未来路线，不只是 nearest member。**,code_and_test_candidate,w5_geometry.py;w5pro_future_cost.py;w5pro_hypothesis.py;w5pro_nbv.py;w5pro_scheduler.py;w5pro_spatial.py;w5pro_tasks.py,test_w5pro_state_tasks.py,C:\Users\14535\.codex\attachments\fa9ea29d-0df4-476b-86de-f949de640405\pasted-text-1.txt
P0-140,新增 `W5ProPlanner`。**,code_and_test_candidate,w5_geometry.py;w5pro_future_cost.py;w5pro_hypothesis.py;w5pro_nbv.py;w5pro_planner.py;w5pro_scheduler.py;w5pro_spatial.py;w5pro_tasks.py,test_w5pro_checklist_contract.py;test_w5pro_planner.py,C:\Users\14535\.codex\attachments\fa9ea29d-0df4-476b-86de-f949de640405\pasted-text-1.txt
P0-141,第一版 horizon=1。**,code_and_test_candidate,w5_geometry.py;w5pro_future_cost.py;w5pro_hypothesis.py;w5pro_nbv.py;w5pro_scheduler.py;w5pro_spatial.py;w5pro_tasks.py,test_w5pro_planner.py,C:\Users\14535\.codex\attachments\fa9ea29d-0df4-476b-86de-f949de640405\pasted-text-1.txt
P0-142,定义：**,code_and_test_candidate,w5_geometry.py;w5pro_future_cost.py;w5pro_hypothesis.py;w5pro_nbv.py;w5pro_scheduler.py;w5pro_spatial.py;w5pro_tasks.py,test_w5pro_planner.py,C:\Users\14535\.codex\attachments\fa9ea29d-0df4-476b-86de-f949de640405\pasted-text-1.txt
P0-143,Immediate cost 必须统一使用秒。**,code_and_test_candidate,w5_geometry.py;w5pro_future_cost.py;w5pro_hypothesis.py;w5pro_nbv.py;w5pro_scheduler.py;w5pro_spatial.py;w5pro_tasks.py,test_w5pro_checklist_contract.py;test_w5pro_planner.py,C:\Users\14535\.codex\attachments\fa9ea29d-0df4-476b-86de-f949de640405\pasted-text-1.txt
P0-144,严禁出现部分 score 用 m、部分 score 用 s。**,code_and_test_candidate,w5_geometry.py;w5pro_future_cost.py;w5pro_hypothesis.py;w5pro_nbv.py;w5pro_scheduler.py;w5pro_spatial.py;w5pro_tasks.py,test_w5pro_planner.py,C:\Users\14535\.codex\attachments\fa9ea29d-0df4-476b-86de-f949de640405\pasted-text-1.txt
P0-145,每种 action 预测 representative outcomes。**,code_and_test_candidate,w5_geometry.py;w5pro_future_cost.py;w5pro_hypothesis.py;w5pro_nbv.py;w5pro_scheduler.py;w5pro_spatial.py;w5pro_tasks.py,test_w5pro_planner.py,C:\Users\14535\.codex\attachments\fa9ea29d-0df4-476b-86de-f949de640405\pasted-text-1.txt
P0-146,"默认 `outcome_mode=""robust""`。**",code_and_test_candidate,w5_geometry.py;w5pro_future_cost.py;w5pro_hypothesis.py;w5pro_nbv.py;w5pro_scheduler.py;w5pro_spatial.py;w5pro_tasks.py,test_w5pro_planner.py,C:\Users\14535\.codex\attachments\fa9ea29d-0df4-476b-86de-f949de640405\pasted-text-1.txt
P0-147,不要复制完整环境做 rollout tree。**,code_and_test_candidate,w5_geometry.py;w5pro_future_cost.py;w5pro_hypothesis.py;w5pro_nbv.py;w5pro_scheduler.py;w5pro_spatial.py;w5pro_tasks.py,test_w5pro_planner.py,C:\Users\14535\.codex\attachments\fa9ea29d-0df4-476b-86de-f949de640405\pasted-text-1.txt
P0-148,每次只执行一个 macro，然后重新规划。**,code_and_test_candidate,w5_geometry.py;w5pro_future_cost.py;w5pro_hypothesis.py;w5pro_nbv.py;w5pro_scheduler.py;w5pro_spatial.py;w5pro_tasks.py,test_w5pro_planner.py,C:\Users\14535\.codex\attachments\fa9ea29d-0df4-476b-86de-f949de640405\pasted-text-1.txt
P0-150,`J_clear`。**,code_and_test_candidate,w5_geometry.py;w5pro_clear.py;w5pro_future_cost.py;w5pro_hypothesis.py;w5pro_nbv.py;w5pro_scheduler.py;w5pro_spatial.py;w5pro_tasks.py,test_w5pro_planner.py,C:\Users\14535\.codex\attachments\fa9ea29d-0df4-476b-86de-f949de640405\pasted-text-1.txt
P0-151,`J_localize`。**,code_and_test_candidate,w5_geometry.py;w5pro_future_cost.py;w5pro_hypothesis.py;w5pro_nbv.py;w5pro_scheduler.py;w5pro_spatial.py;w5pro_tasks.py,test_w5pro_planner.py,C:\Users\14535\.codex\attachments\fa9ea29d-0df4-476b-86de-f949de640405\pasted-text-1.txt
P0-152,`J_backbone`。**,code_and_test_candidate,w5_geometry.py;w5pro_backbone.py;w5pro_future_cost.py;w5pro_hypothesis.py;w5pro_nbv.py;w5pro_scheduler.py;w5pro_spatial.py;w5pro_tasks.py,test_w5pro_planner.py,C:\Users\14535\.codex\attachments\fa9ea29d-0df4-476b-86de-f949de640405\pasted-text-1.txt
P0-153,`J_sensing`。**,code_and_test_candidate,w5_geometry.py;w5pro_future_cost.py;w5pro_hypothesis.py;w5pro_nbv.py;w5pro_scheduler.py;w5pro_spatial.py;w5pro_tasks.py,test_w5pro_planner.py,C:\Users\14535\.codex\attachments\fa9ea29d-0df4-476b-86de-f949de640405\pasted-text-1.txt
P0-154,`J_starvation`。**,code_and_test_candidate,w5_geometry.py;w5pro_future_cost.py;w5pro_hypothesis.py;w5pro_nbv.py;w5pro_scheduler.py;w5pro_spatial.py;w5pro_tasks.py,test_w5pro_planner.py,C:\Users\14535\.codex\attachments\fa9ea29d-0df4-476b-86de-f949de640405\pasted-text-1.txt
P0-155,所有项单位必须为 seconds。**,code_and_test_candidate,w5_geometry.py;w5pro_future_cost.py;w5pro_hypothesis.py;w5pro_nbv.py;w5pro_scheduler.py;w5pro_spatial.py;w5pro_tasks.py,test_w5pro_planner.py,C:\Users\14535\.codex\attachments\fa9ea29d-0df4-476b-86de-f949de640405\pasted-text-1.txt
P0-160,先实现 additive baseline：**,code_and_test_candidate,w5_geometry.py;w5_policy.py;w5pro_future_cost.py;w5pro_hypothesis.py;w5pro_nbv.py;w5pro_scheduler.py;w5pro_spatial.py;w5pro_tasks.py,test_w5pro_clear_route.py,C:\Users\14535\.codex\attachments\fa9ea29d-0df4-476b-86de-f949de640405\pasted-text-1.txt
P0-161,再实现 joint route。**,code_and_test_candidate,w5_geometry.py;w5pro_future_cost.py;w5pro_hypothesis.py;w5pro_nbv.py;w5pro_scheduler.py;w5pro_spatial.py;w5pro_tasks.py,test_w5pro_clear_route.py,C:\Users\14535\.codex\attachments\fa9ea29d-0df4-476b-86de-f949de640405\pasted-text-1.txt
P0-162,对 localisation task 可先用 representative NBV point。**,code_and_test_candidate,w5_geometry.py;w5pro_future_cost.py;w5pro_hypothesis.py;w5pro_nbv.py;w5pro_scheduler.py;w5pro_spatial.py;w5pro_tasks.py,test_w5pro_clear_route.py,C:\Users\14535\.codex\attachments\fa9ea29d-0df4-476b-86de-f949de640405\pasted-text-1.txt
P0-163,route synergy：**,code_and_test_candidate,w5_geometry.py;w5pro_future_cost.py;w5pro_hypothesis.py;w5pro_nbv.py;w5pro_scheduler.py;w5pro_spatial.py;w5pro_tasks.py,test_w5pro_checklist_contract.py;test_w5pro_clear_route.py;test_w5pro_corridor.py;test_w5pro_nbv.py;test_w5pro_planner.py;test_w5pro_state_tasks.py;test_w5pro_tail_fallback.py,C:\Users\14535\.codex\attachments\fa9ea29d-0df4-476b-86de-f949de640405\pasted-text-1.txt
P0-164,如果 joint proxy 反而比 additive 大，可先采用 Way4Pro 的 conservative cap：**,code_and_test_candidate,w5_geometry.py;w5pro_future_cost.py;w5pro_hypothesis.py;w5pro_nbv.py;w5pro_scheduler.py;w5pro_spatial.py;w5pro_tasks.py,test_w5pro_clear_route.py,C:\Users\14535\.codex\attachments\fa9ea29d-0df4-476b-86de-f949de640405\pasted-text-1.txt
P0-165,记录 route synergy。**,code_and_test_candidate,w5_geometry.py;w5pro_future_cost.py;w5pro_hypothesis.py;w5pro_nbv.py;w5pro_scheduler.py;w5pro_spatial.py;w5pro_tasks.py,test_w5pro_clear_route.py,C:\Users\14535\.codex\attachments\fa9ea29d-0df4-476b-86de-f949de640405\pasted-text-1.txt
P0-166,SpatialStop ranking 必须真正吃到 route synergy。**,code_and_test_candidate,w5_geometry.py;w5pro_future_cost.py;w5pro_hypothesis.py;w5pro_nbv.py;w5pro_scheduler.py;w5pro_spatial.py;w5pro_tasks.py,test_w5pro_clear_route.py,C:\Users\14535\.codex\attachments\fa9ea29d-0df4-476b-86de-f949de640405\pasted-text-1.txt
P1-170,新增三种 scheduler mode：**,code_and_test_candidate,w5_geometry.py;w5pro_future_cost.py;w5pro_hypothesis.py;w5pro_nbv.py;w5pro_scheduler.py;w5pro_spatial.py;w5pro_tasks.py,test_w5pro_scheduler.py,C:\Users\14535\.codex\attachments\fa9ea29d-0df4-476b-86de-f949de640405\pasted-text-1.txt
P1-171,EARLY。**,code_and_test_candidate,w5_geometry.py;w5pro_future_cost.py;w5pro_hypothesis.py;w5pro_nbv.py;w5pro_scheduler.py;w5pro_spatial.py;w5pro_tasks.py,test_w5pro_scheduler.py,C:\Users\14535\.codex\attachments\fa9ea29d-0df4-476b-86de-f949de640405\pasted-text-1.txt
P1-172,如果为了 hard certificate 必须测某 channel，该 channel 标记 `must_include`。**,code_and_test_candidate,w5_geometry.py;w5pro_future_cost.py;w5pro_hypothesis.py;w5pro_nbv.py;w5pro_scheduler.py;w5pro_spatial.py;w5pro_tasks.py;w5pro_triangle_certificate.py,test_w5pro_scheduler.py,C:\Users\14535\.codex\attachments\fa9ea29d-0df4-476b-86de-f949de640405\pasted-text-1.txt
P1-173,MID。**,code_and_test_candidate,w5_geometry.py;w5pro_future_cost.py;w5pro_hypothesis.py;w5pro_nbv.py;w5pro_scheduler.py;w5pro_spatial.py;w5pro_tasks.py,test_w5pro_scheduler.py,C:\Users\14535\.codex\attachments\fa9ea29d-0df4-476b-86de-f949de640405\pasted-text-1.txt
P1-174,MID 初始 cap 可以 6。**,code_and_test_candidate,w5_geometry.py;w5pro_future_cost.py;w5pro_hypothesis.py;w5pro_nbv.py;w5pro_scheduler.py;w5pro_spatial.py;w5pro_tasks.py,test_w5pro_scheduler.py,C:\Users\14535\.codex\attachments\fa9ea29d-0df4-476b-86de-f949de640405\pasted-text-1.txt
P1-175,VERIFICATION。**,code_and_test_candidate,w5_geometry.py;w5pro_future_cost.py;w5pro_hypothesis.py;w5pro_nbv.py;w5pro_scheduler.py;w5pro_spatial.py;w5pro_tasks.py,test_w5pro_scheduler.py,C:\Users\14535\.codex\attachments\fa9ea29d-0df4-476b-86de-f949de640405\pasted-text-1.txt
P1-176,CLEARED 不再扫。**,code_and_test_candidate,w5_geometry.py;w5pro_clear.py;w5pro_future_cost.py;w5pro_hypothesis.py;w5pro_nbv.py;w5pro_scheduler.py;w5pro_spatial.py;w5pro_tasks.py,test_w5pro_metrics.py,C:\Users\14535\.codex\attachments\fa9ea29d-0df4-476b-86de-f949de640405\pasted-text-1.txt
P1-177,clear-ready channel 不继续无意义 refine。**,code_and_test_candidate,w5_geometry.py;w5pro_clear.py;w5pro_future_cost.py;w5pro_hypothesis.py;w5pro_nbv.py;w5pro_scheduler.py;w5pro_spatial.py;w5pro_tasks.py,test_w5pro_scheduler.py,C:\Users\14535\.codex\attachments\fa9ea29d-0df4-476b-86de-f949de640405\pasted-text-1.txt
P1-178,同一 waypoint 优先当前 radio channel，降低 switch。**,code_and_test_candidate,w5_geometry.py;w5pro_future_cost.py;w5pro_hypothesis.py;w5pro_nbv.py;w5pro_scheduler.py;w5pro_spatial.py;w5pro_tasks.py,test_w5pro_scheduler.py,C:\Users\14535\.codex\attachments\fa9ea29d-0df4-476b-86de-f949de640405\pasted-text-1.txt
P1-179,实现 value decomposition。**,code_and_test_candidate,w5_geometry.py;w5pro_future_cost.py;w5pro_hypothesis.py;w5pro_nbv.py;w5pro_scheduler.py;w5pro_spatial.py;w5pro_tasks.py,test_w5pro_scheduler.py,C:\Users\14535\.codex\attachments\fa9ea29d-0df4-476b-86de-f949de640405\pasted-text-1.txt
P1-180,第四问额外增加：**,code_and_test_candidate,w5_geometry.py;w5pro_future_cost.py;w5pro_hypothesis.py;w5pro_nbv.py;w5pro_scheduler.py;w5pro_spatial.py;w5pro_tasks.py,test_w5pro_scheduler.py,C:\Users\14535\.codex\attachments\fa9ea29d-0df4-476b-86de-f949de640405\pasted-text-1.txt
P1-181,scheduler 评分建议：**,code_and_test_candidate,w5_geometry.py;w5pro_future_cost.py;w5pro_hypothesis.py;w5pro_nbv.py;w5pro_scheduler.py;w5pro_spatial.py;w5pro_tasks.py,test_w5pro_checklist_contract.py;test_w5pro_scheduler.py,C:\Users\14535\.codex\attachments\fa9ea29d-0df4-476b-86de-f949de640405\pasted-text-1.txt
P1-182,计算 marginal sensing efficiency：**,code_and_test_candidate,w5_geometry.py;w5pro_future_cost.py;w5pro_hypothesis.py;w5pro_nbv.py;w5pro_scheduler.py;w5pro_spatial.py;w5pro_tasks.py,test_w5pro_scheduler.py,C:\Users\14535\.codex\attachments\fa9ea29d-0df4-476b-86de-f949de640405\pasted-text-1.txt
P1-183,但 hard-required channel 不得因为 \(\eta\) 低而被永久跳过。**,code_and_test_candidate,w5_geometry.py;w5pro_future_cost.py;w5pro_hypothesis.py;w5pro_nbv.py;w5pro_scheduler.py;w5pro_spatial.py;w5pro_tasks.py,test_w5pro_scheduler.py,C:\Users\14535\.codex\attachments\fa9ea29d-0df4-476b-86de-f949de640405\pasted-text-1.txt
P1-190,不要到某点后一次性锁死 channel list。**,code_and_test_candidate,w5_geometry.py;w5pro_future_cost.py;w5pro_hypothesis.py;w5pro_nbv.py;w5pro_scheduler.py;w5pro_spatial.py;w5pro_tasks.py,test_w5pro_clear_route.py,C:\Users\14535\.codex\attachments\fa9ea29d-0df4-476b-86de-f949de640405\pasted-text-1.txt
P1-191,支持显式 STOP。**,code_and_test_candidate,w5_geometry.py;w5pro_future_cost.py;w5pro_hypothesis.py;w5pro_nbv.py;w5pro_scheduler.py;w5pro_spatial.py;w5pro_tasks.py,test_w5pro_clear_route.py,C:\Users\14535\.codex\attachments\fa9ea29d-0df4-476b-86de-f949de640405\pasted-text-1.txt
P1-192,STOP 只允许结束 soft optional scans。**,code_and_test_candidate,w5_geometry.py;w5pro_future_cost.py;w5pro_hypothesis.py;w5pro_nbv.py;w5pro_scheduler.py;w5pro_spatial.py;w5pro_tasks.py,test_w5pro_checklist_contract.py;test_w5pro_clear_route.py;test_w5pro_scheduler.py;test_w5pro_state_tasks.py,C:\Users\14535\.codex\attachments\fa9ea29d-0df4-476b-86de-f949de640405\pasted-text-1.txt
P1-193,`must_include` hard scan 不允许被 STOP 掉。**,code_and_test_candidate,w5_geometry.py;w5pro_future_cost.py;w5pro_hypothesis.py;w5pro_nbv.py;w5pro_scheduler.py;w5pro_spatial.py;w5pro_tasks.py,test_w5pro_clear_route.py,C:\Users\14535\.codex\attachments\fa9ea29d-0df4-476b-86de-f949de640405\pasted-text-1.txt
P1-194,观测到新 source 后立刻更新 candidate pool。**,code_and_test_candidate,w5_geometry.py;w5pro_future_cost.py;w5pro_hypothesis.py;w5pro_nbv.py;w5pro_scheduler.py;w5pro_spatial.py;w5pro_tasks.py,test_w5pro_clear_route.py,C:\Users\14535\.codex\attachments\fa9ea29d-0df4-476b-86de-f949de640405\pasted-text-1.txt
P1-195,如果在一个 backbone point 上已经同时解决了多个 FOUND target，后续原计划任务必须失效重建。**,code_and_test_candidate,w5_geometry.py;w5pro_backbone.py;w5pro_future_cost.py;w5pro_hypothesis.py;w5pro_nbv.py;w5pro_scheduler.py;w5pro_spatial.py;w5pro_tasks.py,test_w5pro_clear_route.py,C:\Users\14535\.codex\attachments\fa9ea29d-0df4-476b-86de-f949de640405\pasted-text-1.txt
P1-200,记录 `clear_ready_time`.**,code_and_test_candidate,w5_geometry.py;w5pro_clear.py;w5pro_future_cost.py;w5pro_hypothesis.py;w5pro_nbv.py;w5pro_scheduler.py;w5pro_spatial.py;w5pro_tasks.py,test_w5pro_clear_route.py,C:\Users\14535\.codex\attachments\fa9ea29d-0df4-476b-86de-f949de640405\pasted-text-1.txt
P1-201,计算：**,code_and_test_candidate,w5_geometry.py;w5pro_future_cost.py;w5pro_hypothesis.py;w5pro_nbv.py;w5pro_scheduler.py;w5pro_spatial.py;w5pro_tasks.py,test_w5pro_clear_route.py,C:\Users\14535\.codex\attachments\fa9ea29d-0df4-476b-86de-f949de640405\pasted-text-1.txt
P1-202,CLEAR task 一旦产生，不得从 task pool 消失。**,code_and_test_candidate,w5_geometry.py;w5pro_clear.py;w5pro_future_cost.py;w5pro_hypothesis.py;w5pro_nbv.py;w5pro_scheduler.py;w5pro_spatial.py;w5pro_tasks.py,test_w5pro_acceptance.py;test_w5pro_checklist_contract.py;test_w5pro_clear_route.py;test_w5pro_corridor.py;test_w5pro_information.py;test_w5pro_metrics.py;test_w5pro_planner.py;test_w5pro_safety.py;test_w5pro_scheduler.py;test_w5pro_state_tasks.py,C:\Users\14535\.codex\attachments\fa9ea29d-0df4-476b-86de-f949de640405\pasted-text-1.txt
P1-203,CLEAR candidate 必须 protected。**,code_and_test_candidate,w5_geometry.py;w5pro_clear.py;w5pro_future_cost.py;w5pro_hypothesis.py;w5pro_nbv.py;w5pro_scheduler.py;w5pro_spatial.py;w5pro_tasks.py,test_w5pro_acceptance.py;test_w5pro_checklist_contract.py;test_w5pro_clear_route.py;test_w5pro_corridor.py;test_w5pro_information.py;test_w5pro_metrics.py;test_w5pro_planner.py;test_w5pro_safety.py;test_w5pro_scheduler.py;test_w5pro_state_tasks.py,C:\Users\14535\.codex\attachments\fa9ea29d-0df4-476b-86de-f949de640405\pasted-text-1.txt
P1-204,路线经过 clear target 附近时优先 fold into SpatialStop。**,code_and_test_candidate,w5_geometry.py;w5pro_clear.py;w5pro_future_cost.py;w5pro_hypothesis.py;w5pro_nbv.py;w5pro_scheduler.py;w5pro_spatial.py;w5pro_tasks.py,test_w5pro_clear_route.py,C:\Users\14535\.codex\attachments\fa9ea29d-0df4-476b-86de-f949de640405\pasted-text-1.txt
P1-205,clear-ready 后停止普通 refinement。**,code_and_test_candidate,w5_geometry.py;w5pro_clear.py;w5pro_future_cost.py;w5pro_hypothesis.py;w5pro_nbv.py;w5pro_scheduler.py;w5pro_spatial.py;w5pro_tasks.py,test_w5pro_clear_route.py,C:\Users\14535\.codex\attachments\fa9ea29d-0df4-476b-86de-f949de640405\pasted-text-1.txt
P1-206,clear failed 后：**,code_and_test_candidate,w5_geometry.py;w5pro_clear.py;w5pro_future_cost.py;w5pro_hypothesis.py;w5pro_nbv.py;w5pro_scheduler.py;w5pro_spatial.py;w5pro_tasks.py,test_w5pro_acceptance.py;test_w5pro_checklist_contract.py;test_w5pro_clear_route.py;test_w5pro_corridor.py;test_w5pro_information.py;test_w5pro_metrics.py;test_w5pro_planner.py;test_w5pro_safety.py;test_w5pro_scheduler.py;test_w5pro_state_tasks.py,C:\Users\14535\.codex\attachments\fa9ea29d-0df4-476b-86de-f949de640405\pasted-text-1.txt
P1-207,clear starvation 设比普通 refine 更严格的上限。**,code_and_test_candidate,w5_geometry.py;w5pro_clear.py;w5pro_future_cost.py;w5pro_hypothesis.py;w5pro_nbv.py;w5pro_scheduler.py;w5pro_spatial.py;w5pro_tasks.py,test_w5pro_acceptance.py;test_w5pro_checklist_contract.py;test_w5pro_clear_route.py;test_w5pro_corridor.py;test_w5pro_information.py;test_w5pro_metrics.py;test_w5pro_planner.py;test_w5pro_safety.py;test_w5pro_scheduler.py;test_w5pro_state_tasks.py,C:\Users\14535\.codex\attachments\fa9ea29d-0df4-476b-86de-f949de640405\pasted-text-1.txt
P1-210,每次重要 observation 后重新构造 remaining route。**,code_and_test_candidate,w5_geometry.py;w5pro_future_cost.py;w5pro_hypothesis.py;w5pro_nbv.py;w5pro_scheduler.py;w5pro_spatial.py;w5pro_tasks.py,test_w5pro_clear_route.py,C:\Users\14535\.codex\attachments\fa9ea29d-0df4-476b-86de-f949de640405\pasted-text-1.txt
P1-211,当前只锁定正在执行的 macro。**,code_and_test_candidate,w5_geometry.py;w5pro_future_cost.py;w5pro_hypothesis.py;w5pro_nbv.py;w5pro_scheduler.py;w5pro_spatial.py;w5pro_tasks.py,test_w5pro_clear_route.py,C:\Users\14535\.codex\attachments\fa9ea29d-0df4-476b-86de-f949de640405\pasted-text-1.txt
P1-212,剩余路线允许 repair。**,code_and_test_candidate,w5_geometry.py;w5pro_future_cost.py;w5pro_hypothesis.py;w5pro_nbv.py;w5pro_scheduler.py;w5pro_spatial.py;w5pro_tasks.py,test_w5pro_clear_route.py,C:\Users\14535\.codex\attachments\fa9ea29d-0df4-476b-86de-f949de640405\pasted-text-1.txt
P1-213,至少支持简单：**,code_and_test_candidate,w5_geometry.py;w5pro_future_cost.py;w5pro_hypothesis.py;w5pro_nbv.py;w5pro_scheduler.py;w5pro_spatial.py;w5pro_tasks.py,test_w5pro_clear_route.py,C:\Users\14535\.codex\attachments\fa9ea29d-0df4-476b-86de-f949de640405\pasted-text-1.txt
P1-214,route repair 的优化目标必须是 total seconds。**,code_and_test_candidate,w5_geometry.py;w5pro_future_cost.py;w5pro_hypothesis.py;w5pro_nbv.py;w5pro_route_repair.py;w5pro_scheduler.py;w5pro_spatial.py;w5pro_tasks.py,test_w5pro_checklist_contract.py;test_w5pro_clear_route.py;test_w5pro_corridor.py;test_w5pro_nbv.py;test_w5pro_planner.py;test_w5pro_state_tasks.py;test_w5pro_tail_fallback.py,C:\Users\14535\.codex\attachments\fa9ea29d-0df4-476b-86de-f949de640405\pasted-text-1.txt
P1-215,禁止因为“已经计划好了”继续执行明显失效 waypoint。**,code_and_test_candidate,w5_geometry.py;w5pro_future_cost.py;w5pro_hypothesis.py;w5pro_nbv.py;w5pro_scheduler.py;w5pro_spatial.py;w5pro_tasks.py,test_w5pro_clear_route.py,C:\Users\14535\.codex\attachments\fa9ea29d-0df4-476b-86de-f949de640405\pasted-text-1.txt
P1-220,先做一个独立 ablation：`W5 + W3 intersection`。**,code_and_test_candidate,w5_geometry.py;w5pro_future_cost.py;w5pro_hypothesis.py;w5pro_nbv.py;w5pro_scheduler.py;w5pro_spatial.py;w5pro_tasks.py,test_w5pro_nbv.py,C:\Users\14535\.codex\attachments\fa9ea29d-0df4-476b-86de-f949de640405\pasted-text-1.txt
P1-221,将 intersection point 加入 NBV candidate family。**,code_and_test_candidate,w5_geometry.py;w5pro_future_cost.py;w5pro_hypothesis.py;w5pro_nbv.py;w5pro_scheduler.py;w5pro_spatial.py;w5pro_tasks.py,test_w5pro_nbv.py,C:\Users\14535\.codex\attachments\fa9ea29d-0df4-476b-86de-f949de640405\pasted-text-1.txt
P1-222,不要让 intersection 覆盖 Minimax NBV。**,code_and_test_candidate,w5_geometry.py;w5pro_future_cost.py;w5pro_hypothesis.py;w5pro_nbv.py;w5pro_scheduler.py;w5pro_spatial.py;w5pro_tasks.py,test_w5pro_nbv.py,C:\Users\14535\.codex\attachments\fa9ea29d-0df4-476b-86de-f949de640405\pasted-text-1.txt
P1-223,如果 intersection candidate 具有更好的 future-cost，自然选它。**,code_and_test_candidate,w5_geometry.py;w5pro_future_cost.py;w5pro_hypothesis.py;w5pro_nbv.py;w5pro_scheduler.py;w5pro_spatial.py;w5pro_tasks.py,test_w5pro_nbv.py,C:\Users\14535\.codex\attachments\fa9ea29d-0df4-476b-86de-f949de640405\pasted-text-1.txt
P1-224,日志中 `intersection_attempts` 必须终于 >0，才能证明机制真实进入执行链。**,code_and_test_candidate,w5_geometry.py;w5pro_future_cost.py;w5pro_hypothesis.py;w5pro_nbv.py;w5pro_scheduler.py;w5pro_spatial.py;w5pro_tasks.py,test_w5pro_nbv.py,C:\Users\14535\.codex\attachments\fa9ea29d-0df4-476b-86de-f949de640405\pasted-text-1.txt
P2-230,保留 geometry acceleration。**,code_and_test_candidate,w5_geometry.py;w5pro_future_cost.py;w5pro_hypothesis.py;w5pro_nbv.py;w5pro_scheduler.py;w5pro_spatial.py;w5pro_tasks.py,test_w5pro_tail_fallback.py,C:\Users\14535\.codex\attachments\fa9ea29d-0df4-476b-86de-f949de640405\pasted-text-1.txt
P2-231,只有以下条件触发：**,code_and_test_candidate,w5_geometry.py;w5pro_future_cost.py;w5pro_hypothesis.py;w5pro_nbv.py;w5pro_scheduler.py;w5pro_spatial.py;w5pro_tasks.py,test_w5pro_tail_fallback.py,C:\Users\14535\.codex\attachments\fa9ea29d-0df4-476b-86de-f949de640405\pasted-text-1.txt
P2-232,保留 lateral rescue。**,code_and_test_candidate,w5_geometry.py;w5pro_future_cost.py;w5pro_hypothesis.py;w5pro_nbv.py;w5pro_scheduler.py;w5pro_spatial.py;w5pro_tasks.py,test_w5pro_tail_fallback.py,C:\Users\14535\.codex\attachments\fa9ea29d-0df4-476b-86de-f949de640405\pasted-text-1.txt
P2-233,rescue 必须有 budget。**,code_and_test_candidate,w5_geometry.py;w5pro_future_cost.py;w5pro_hypothesis.py;w5pro_nbv.py;w5pro_scheduler.py;w5pro_spatial.py;w5pro_tasks.py,test_w5pro_checklist_contract.py;test_w5pro_tail_fallback.py,C:\Users\14535\.codex\attachments\fa9ea29d-0df4-476b-86de-f949de640405\pasted-text-1.txt
P2-234,rescue candidate 不得重复 prior NO_SIGNAL point。**,code_and_test_candidate,w5_geometry.py;w5pro_future_cost.py;w5pro_hypothesis.py;w5pro_nbv.py;w5pro_scheduler.py;w5pro_spatial.py;w5pro_tasks.py,test_w5pro_checklist_contract.py;test_w5pro_tail_fallback.py,C:\Users\14535\.codex\attachments\fa9ea29d-0df4-476b-86de-f949de640405\pasted-text-1.txt
P2-235,rescue 失败后不要连续无限 rescue。**,code_and_test_candidate,w5_geometry.py;w5pro_future_cost.py;w5pro_hypothesis.py;w5pro_nbv.py;w5pro_scheduler.py;w5pro_spatial.py;w5pro_tasks.py,test_w5pro_checklist_contract.py;test_w5pro_tail_fallback.py,C:\Users\14535\.codex\attachments\fa9ea29d-0df4-476b-86de-f949de640405\pasted-text-1.txt
P2-236,达到失败阈值后：**,code_and_test_candidate,w5_geometry.py;w5pro_future_cost.py;w5pro_hypothesis.py;w5pro_nbv.py;w5pro_scheduler.py;w5pro_spatial.py;w5pro_tasks.py,test_w5pro_tail_fallback.py,C:\Users\14535\.codex\attachments\fa9ea29d-0df4-476b-86de-f949de640405\pasted-text-1.txt
P2-237,W6 仍保留独立 benchmark，作为 ablation control。**,code_and_test_candidate,w5_geometry.py;w5pro_future_cost.py;w5pro_hypothesis.py;w5pro_nbv.py;w5pro_scheduler.py;w5pro_spatial.py;w5pro_tasks.py,test_w5pro_tail_fallback.py,C:\Users\14535\.codex\attachments\fa9ea29d-0df4-476b-86de-f949de640405\pasted-text-1.txt
P0-240,绝不能一次执行整条 route。**,code_and_test_candidate,w5_geometry.py;w5pro_future_cost.py;w5pro_hypothesis.py;w5pro_nbv.py;w5pro_scheduler.py;w5pro_spatial.py;w5pro_tasks.py,test_w5pro_checklist_contract.py,C:\Users\14535\.codex\attachments\fa9ea29d-0df4-476b-86de-f949de640405\pasted-text-1.txt
P0-241,每个 macro 后重新规划。**,code_and_test_candidate,w5_geometry.py;w5pro_future_cost.py;w5pro_hypothesis.py;w5pro_nbv.py;w5pro_scheduler.py;w5pro_spatial.py;w5pro_tasks.py,test_w5pro_planner.py,C:\Users\14535\.codex\attachments\fa9ea29d-0df4-476b-86de-f949de640405\pasted-text-1.txt
P0-242,hard safety/completion 与 soft planning 分开。**,code_and_test_candidate,w5_geometry.py;w5pro_future_cost.py;w5pro_hypothesis.py;w5pro_nbv.py;w5pro_scheduler.py;w5pro_spatial.py;w5pro_tasks.py,test_w5pro_acceptance.py;test_w5pro_checklist_contract.py;test_w5pro_planner.py;test_w5pro_safety.py;test_w5pro_scheduler.py;test_w5pro_triangle_certificate.py,C:\Users\14535\.codex\attachments\fa9ea29d-0df4-476b-86de-f949de640405\pasted-text-1.txt
P0-T01,给 W5 25 个点建立显式三角形拓扑，而不再只保存 point list。**,code_and_test_candidate,w5pro_triangle_certificate.py,test_w5pro_triangle_certificate.py,C:\Users\14535\.codex\attachments\fa9ea29d-0df4-476b-86de-f949de640405\pasted-text-2.txt
P0-T02,枚举所有边长不超过 guaranteed radius 的合法三角形。**,code_and_test_candidate,w5pro_triangle_certificate.py,test_w5pro_triangle_certificate.py,C:\Users\14535\.codex\attachments\fa9ea29d-0df4-476b-86de-f949de640405\pasted-text-2.txt
P0-T03,从这些三角形中选择一组能够完整覆盖 \(D_{1800}\) 的 certificate mesh。**,code_and_test_candidate,w5pro_triangle_certificate.py,test_w5pro_triangle_certificate.py,C:\Users\14535\.codex\attachments\fa9ea29d-0df4-476b-86de-f949de640405\pasted-text-2.txt
P0-T04,实现离线连续覆盖验证。**,code_and_test_candidate,w5pro_triangle_certificate.py,test_w5pro_triangle_certificate.py,C:\Users\14535\.codex\attachments\fa9ea29d-0df4-476b-86de-f949de640405\pasted-text-2.txt
P0-T05,每个频道单独维护 triangle certificate。**,code_and_test_candidate,w5pro_triangle_certificate.py,test_w5pro_triangle_certificate.py,C:\Users\14535\.codex\attachments\fa9ea29d-0df4-476b-86de-f949de640405\pasted-text-2.txt
P0-T06,只有一个三角形三个顶点针对频道 c 都完成 NO_SIGNAL 后，才能 hard certify 这个 triangle。**,code_and_test_candidate,w5pro_hypothesis.py;w5pro_triangle_certificate.py,test_w5pro_triangle_certificate.py,C:\Users\14535\.codex\attachments\fa9ea29d-0df4-476b-86de-f949de640405\pasted-text-2.txt
P0-T07,如果其中某个顶点发现 signal，说明频道 PRESENT。**,code_and_test_candidate,w5pro_triangle_certificate.py,test_w5pro_triangle_certificate.py,C:\Users\14535\.codex\attachments\fa9ea29d-0df4-476b-86de-f949de640405\pasted-text-2.txt
P0-T08,未知频道 hard-complete 条件改成：**,code_and_test_candidate,w5pro_triangle_certificate.py,test_w5pro_triangle_certificate.py,C:\Users\14535\.codex\attachments\fa9ea29d-0df4-476b-86de-f949de640405\pasted-text-2.txt
P0-T10,计算 anchor 的 certificate marginal gain。**,code_and_test_candidate,w5pro_triangle_certificate.py,test_w5pro_triangle_certificate.py,C:\Users\14535\.codex\attachments\fa9ea29d-0df4-476b-86de-f949de640405\pasted-text-2.txt
P0-T11,跨频道累加。**,code_and_test_candidate,w5pro_policy.py,test_w5pro_triangle_certificate.py,C:\Users\14535\.codex\attachments\fa9ea29d-0df4-476b-86de-f949de640405\pasted-text-2.txt
P0-T12,anchor 排序不再只看距离。**,code_and_test_candidate,w5pro_backbone.py,test_w5pro_backbone.py,C:\Users\14535\.codex\attachments\fa9ea29d-0df4-476b-86de-f949de640405\pasted-text-2.txt
P0-T13,允许部分 anchor 永远不访问。**,code_and_test_candidate,w5pro_backbone.py,test_w5pro_triangle_certificate.py,C:\Users\14535\.codex\attachments\fa9ea29d-0df4-476b-86de-f949de640405\pasted-text-2.txt
P0-B01,positive bearing 进入 hard \(F_c\)。**,code_and_test_candidate,w5pro_hypothesis.py,test_w5pro_feasible.py;test_w5pro_triangle_certificate.py,C:\Users\14535\.codex\attachments\fa9ea29d-0df4-476b-86de-f949de640405\pasted-text-2.txt
P0-B02,arena constraint 永远存在：**,code_and_test_candidate,w5pro_feasible.py,test_w5pro_feasible.py;test_w5pro_nbv.py,C:\Users\14535\.codex\attachments\fa9ea29d-0df4-476b-86de-f949de640405\pasted-text-2.txt
P0-B03,Q4 directional source 的 NO_SIGNAL 不允许直接：**,code_and_test_candidate,w5pro_hypothesis.py,test_w5pro_acceptance.py;test_w5pro_advanced.py;test_w5pro_backbone.py;test_w5pro_checklist_contract.py;test_w5pro_clear_route.py;test_w5pro_corridor.py;test_w5pro_diagnostics.py;test_w5pro_experiment_matrix.py;test_w5pro_feasible.py;test_w5pro_foundation.py;test_w5pro_hypothesis.py;test_w5pro_information.py;test_w5pro_metrics.py;test_w5pro_nbv.py;test_w5pro_planner.py;test_w5pro_rotation.py;test_w5pro_safety.py;test_w5pro_scheduler.py;test_w5pro_state_tasks.py;test_w5pro_tail_fallback.py;test_w5pro_triangle_certificate.py;test_w5pro_tspn.py,C:\Users\14535\.codex\attachments\fa9ea29d-0df4-476b-86de-f949de640405\pasted-text-2.txt
P0-B04,"NO_SIGNAL 主要更新 \(H_c=(x,y,\phi,type)\)。**",code_and_test_candidate,w5pro_hypothesis.py,test_w5pro_advanced.py;test_w5pro_checklist_contract.py;test_w5pro_hypothesis.py;test_w5pro_tail_fallback.py;test_w5pro_triangle_certificate.py,C:\Users\14535\.codex\attachments\fa9ea29d-0df4-476b-86de-f949de640405\pasted-text-2.txt
P0-B05,增加 effective region。**,code_and_test_candidate,w5pro_hypothesis.py,test_w5pro_feasible.py,C:\Users\14535\.codex\attachments\fa9ea29d-0df4-476b-86de-f949de640405\pasted-text-2.txt
P0-S01,增加 GlobalMapMaturity。**,code_and_test_candidate,w5pro_scheduler.py,test_w5pro_scheduler.py,C:\Users\14535\.codex\attachments\fa9ea29d-0df4-476b-86de-f949de640405\pasted-text-2.txt
P0-S02,EARLY 阶段不要固定靠时间切换。**,code_and_test_candidate,w5pro_scheduler.py,test_w5pro_backbone.py;test_w5pro_scheduler.py,C:\Users\14535\.codex\attachments\fa9ea29d-0df4-476b-86de-f949de640405\pasted-text-2.txt
P0-S03,在第一批高价值 backbone anchor 上允许完整 20-channel sweep。**,code_and_test_candidate,w5pro_backbone.py,test_w5pro_scheduler.py,C:\Users\14535\.codex\attachments\fa9ea29d-0df4-476b-86de-f949de640405\pasted-text-2.txt
P0-S04,EARLY broad scan 获得的 negative 也不是没用。**,code_and_test_candidate,w5pro_hypothesis.py,test_w5pro_backbone.py;test_w5pro_scheduler.py,C:\Users\14535\.codex\attachments\fa9ea29d-0df4-476b-86de-f949de640405\pasted-text-2.txt
P0-S05,每测一次后立刻更新全局地图。**,code_and_test_candidate,w5pro_scheduler.py,test_w5pro_scheduler.py,C:\Users\14535\.codex\attachments\fa9ea29d-0df4-476b-86de-f949de640405\pasted-text-2.txt
P1-G01,新增 skeleton rotation 参数。**,code_and_test_candidate,w5pro_rotation.py,test_w5pro_rotation.py,C:\Users\14535\.codex\attachments\fa9ea29d-0df4-476b-86de-f949de640405\pasted-text-2.txt
P1-G02,所有 orientation 必须通过同一个 triangle certificate verifier。**,code_and_test_candidate,w5pro_triangle_certificate.py,test_w5pro_rotation.py,C:\Users\14535\.codex\attachments\fa9ea29d-0df4-476b-86de-f949de640405\pasted-text-2.txt
P1-G03,用第一轮 \(H_c/F_c\) 预测每个 orientation 的：**,code_and_test_candidate,w5pro_rotation.py,test_w5pro_rotation.py,C:\Users\14535\.codex\attachments\fa9ea29d-0df4-476b-86de-f949de640405\pasted-text-2.txt
P1-G04,选：**,code_and_test_candidate,w5pro_rotation.py,test_w5pro_rotation.py,C:\Users\14535\.codex\attachments\fa9ea29d-0df4-476b-86de-f949de640405\pasted-text-2.txt
P1-G05,一旦离开 origin 开始访问 backbone 后就冻结 orientation。**,code_and_test_candidate,w5pro_backbone.py,test_w5pro_rotation.py,C:\Users\14535\.codex\attachments\fa9ea29d-0df4-476b-86de-f949de640405\pasted-text-2.txt
P0-Q01,定义 backlog pressure。**,code_and_test_candidate,w5pro_tasks.py,test_w5pro_scheduler.py,C:\Users\14535\.codex\attachments\fa9ea29d-0df4-476b-86de-f949de640405\pasted-text-2.txt
P0-Q02,backlog 高时自动降低 SEARCH priority。**,code_and_test_candidate,w5pro_scheduler.py,test_w5pro_scheduler.py;test_w5pro_state_tasks.py,C:\Users\14535\.codex\attachments\fa9ea29d-0df4-476b-86de-f949de640405\pasted-text-2.txt
P0-Q03,同时提高 REFINE/CLEAR priority。**,code_and_test_candidate,w5pro_clear.py,test_w5pro_scheduler.py,C:\Users\14535\.codex\attachments\fa9ea29d-0df4-476b-86de-f949de640405\pasted-text-2.txt
P0-Q04,如果出现：**,code_and_test_candidate,w5pro_tasks.py,test_w5pro_state_tasks.py,C:\Users\14535\.codex\attachments\fa9ea29d-0df4-476b-86de-f949de640405\pasted-text-2.txt
P0-Q05,clear-ready backlog 要比 FOUND backlog 更高优先级。**,code_and_test_candidate,w5pro_clear.py,test_w5pro_scheduler.py,C:\Users\14535\.codex\attachments\fa9ea29d-0df4-476b-86de-f949de640405\pasted-text-2.txt
P1-Q10,FOUND task 使用 nonlinear age penalty。**,code_and_test_candidate,w5pro_tasks.py,test_w5pro_checklist_contract.py;test_w5pro_foundation.py;test_w5pro_metrics.py;test_w5pro_state_tasks.py,C:\Users\14535\.codex\attachments\fa9ea29d-0df4-476b-86de-f949de640405\pasted-text-2.txt
P1-Q11,CLEAR-ready 使用更激进 penalty。**,code_and_test_candidate,w5pro_clear.py,test_w5pro_scheduler.py,C:\Users\14535\.codex\attachments\fa9ea29d-0df4-476b-86de-f949de640405\pasted-text-2.txt
P1-Q12,planner 日志输出：**,code_and_test_candidate,w5pro_planner.py,test_w5pro_checklist_contract.py;test_w5pro_planner.py;test_w5pro_state_tasks.py,C:\Users\14535\.codex\attachments\fa9ea29d-0df4-476b-86de-f949de640405\pasted-text-2.txt
P1-I01,候选共享点来源至少包括：**,code_and_test_candidate,w5pro_information_ridge.py,test_w5pro_information.py,C:\Users\14535\.codex\attachments\fa9ea29d-0df4-476b-86de-f949de640405\pasted-text-2.txt
P1-I02,对每个候选 q 算：**,code_and_test_candidate,w5pro_information_ridge.py,test_w5pro_information.py,C:\Users\14535\.codex\attachments\fa9ea29d-0df4-476b-86de-f949de640405\pasted-text-2.txt
P1-I03,再除以 route insertion cost：**,code_and_test_candidate,w5pro_information_ridge.py,test_w5pro_information.py,C:\Users\14535\.codex\attachments\fa9ea29d-0df4-476b-86de-f949de640405\pasted-text-2.txt
P1-I04,如果一个点同时能：**,code_and_test_candidate,w5pro_information_ridge.py,test_w5pro_information.py,C:\Users\14535\.codex\attachments\fa9ea29d-0df4-476b-86de-f949de640405\pasted-text-2.txt
P0-E01,不要默认 bearing error 是 IID Gaussian。**,code_and_test_candidate,w5pro_hypothesis.py,test_w5pro_feasible.py,C:\Users\14535\.codex\attachments\fa9ea29d-0df4-476b-86de-f949de640405\pasted-text-2.txt
P0-E02,使用 set-membership wedge intersection。**,code_and_test_candidate,w5pro_nbv.py,test_w5pro_feasible.py,C:\Users\14535\.codex\attachments\fa9ea29d-0df4-476b-86de-f949de640405\pasted-text-2.txt
P0-E03,新增 viewpoint novelty penalty。**,code_and_test_candidate,w5pro_nbv.py,test_w5pro_nbv.py,C:\Users\14535\.codex\attachments\fa9ea29d-0df4-476b-86de-f949de640405\pasted-text-2.txt
P0-E04,增加 crossing-angle quality。**,code_and_test_candidate,w5pro_nbv.py,test_w5pro_nbv.py,C:\Users\14535\.codex\attachments\fa9ea29d-0df4-476b-86de-f949de640405\pasted-text-2.txt
P0-E05,细长 feasible region 重点沿主轴法线取 NBV。**,code_and_test_candidate,w5pro_nbv.py,test_w5pro_nbv.py,C:\Users\14535\.codex\attachments\fa9ea29d-0df4-476b-86de-f949de640405\pasted-text-2.txt
P1-R01,route opportunity 从“点”扩展为“segment”。**,code_and_test_candidate,w5pro_corridor.py,test_w5pro_checklist_contract.py;test_w5pro_clear_route.py;test_w5pro_corridor.py;test_w5pro_nbv.py;test_w5pro_planner.py;test_w5pro_state_tasks.py;test_w5pro_tail_fallback.py,C:\Users\14535\.codex\attachments\fa9ea29d-0df4-476b-86de-f949de640405\pasted-text-2.txt
P1-R02,对于 FOUND channel，在未来 route 每条 segment 上搜索低 insertion-cost NBV。**,code_and_test_candidate,w5pro_nbv.py;w5pro_triangle_certificate.py,test_w5pro_corridor.py,C:\Users\14535\.codex\attachments\fa9ea29d-0df4-476b-86de-f949de640405\pasted-text-2.txt
P1-R03,如果：**,code_and_test_candidate,w5pro_corridor.py,test_w5pro_corridor.py,C:\Users\14535\.codex\attachments\fa9ea29d-0df4-476b-86de-f949de640405\pasted-text-2.txt
P1-R04,同样适用于 CLEAR。**,code_and_test_candidate,w5pro_clear.py,test_w5pro_corridor.py,C:\Users\14535\.codex\attachments\fa9ea29d-0df4-476b-86de-f949de640405\pasted-text-2.txt
P2-R10,第一版可以离散 sample neighborhood。**,code_and_test_candidate,w5pro_tspn.py,test_w5pro_tspn.py,C:\Users\14535\.codex\attachments\fa9ea29d-0df4-476b-86de-f949de640405\pasted-text-2.txt
P2-R11,route planner 可以从 route 附近候选中选择最省路的一个。**,code_and_test_candidate,w5pro_planner.py,test_w5pro_checklist_contract.py;test_w5pro_clear_route.py;test_w5pro_corridor.py;test_w5pro_nbv.py;test_w5pro_planner.py;test_w5pro_state_tasks.py;test_w5pro_tail_fallback.py,C:\Users\14535\.codex\attachments\fa9ea29d-0df4-476b-86de-f949de640405\pasted-text-2.txt
P2-R12,后续再升级到真正 Open-TSPN。**,code_and_test_candidate,w5pro_tspn.py,test_w5pro_tspn.py,C:\Users\14535\.codex\attachments\fa9ea29d-0df4-476b-86de-f949de640405\pasted-text-2.txt
P0-L01,每个 macro 记录 progress signature。**,code_and_test_candidate,w5pro_safety.py,test_w5pro_checklist_contract.py,C:\Users\14535\.codex\attachments\fa9ea29d-0df4-476b-86de-f949de640405\pasted-text-2.txt
P0-L02,连续 K 次 signature 无变化，触发 fallback。**,code_and_test_candidate,w5pro_tail_fallback.py,test_w5pro_checklist_contract.py,C:\Users\14535\.codex\attachments\fa9ea29d-0df4-476b-86de-f949de640405\pasted-text-2.txt
P0-L03,blacklist 最近失败 action signature。**,code_and_test_candidate,w5pro_safety.py,test_w5pro_checklist_contract.py;test_w5pro_safety.py,C:\Users\14535\.codex\attachments\fa9ea29d-0df4-476b-86de-f949de640405\pasted-text-2.txt
P0-L04,连续 NBV failure 后 candidate family 自动切换：**,code_and_test_candidate,w5pro_nbv.py,test_w5pro_safety.py,C:\Users\14535\.codex\attachments\fa9ea29d-0df4-476b-86de-f949de640405\pasted-text-2.txt
P1-P01,定义 candidate feature：**,code_and_test_candidate,w5pro_nbv.py,test_w5pro_information.py,C:\Users\14535\.codex\attachments\fa9ea29d-0df4-476b-86de-f949de640405\pasted-text-2.txt
P1-P02,如果 candidate A：**,code_and_test_candidate,w5pro_nbv.py,test_w5pro_information.py,C:\Users\14535\.codex\attachments\fa9ea29d-0df4-476b-86de-f949de640405\pasted-text-2.txt
P1-P03,以下候选禁止被 Pareto prune：**,code_and_test_candidate,w5pro_planner.py,test_w5pro_information.py,C:\Users\14535\.codex\attachments\fa9ea29d-0df4-476b-86de-f949de640405\pasted-text-2.txt
P1-P04,每类保留 top-K。**,code_and_test_candidate,w5pro_planner.py,test_w5pro_information.py,C:\Users\14535\.codex\attachments\fa9ea29d-0df4-476b-86de-f949de640405\pasted-text-2.txt
P1-O01,从 H_c 估计：**,code_and_test_candidate,w5pro_outcomes.py,test_w5pro_planner.py,C:\Users\14535\.codex\attachments\fa9ea29d-0df4-476b-86de-f949de640405\pasted-text-2.txt
P1-O02,默认 planner 仍采用 robust/minimax。**,code_and_test_candidate,w5pro_planner.py,test_w5pro_planner.py,C:\Users\14535\.codex\attachments\fa9ea29d-0df4-476b-86de-f949de640405\pasted-text-2.txt
P1-O03,expected cost 作为 tie-break 或独立 ablation。**,code_and_test_candidate,w5pro_future_cost.py,test_w5pro_checklist_contract.py;test_w5pro_planner.py,C:\Users\14535\.codex\attachments\fa9ea29d-0df4-476b-86de-f949de640405\pasted-text-2.txt
P1-O04,后续可以试 CVaR。**,code_and_test_candidate,w5pro_future_cost.py,test_w5pro_planner.py,C:\Users\14535\.codex\attachments\fa9ea29d-0df4-476b-86de-f949de640405\pasted-text-2.txt
P1-G10,side sweep。**,code_and_test_candidate,w5pro_geometry_sweep.py,test_w5pro_checklist_contract.py;test_w5pro_hypothesis.py;test_w5pro_nbv.py,C:\Users\14535\.codex\attachments\fa9ea29d-0df4-476b-86de-f949de640405\pasted-text-2.txt
P1-G11,cap_extension sweep。**,code_and_test_candidate,w5pro_geometry_sweep.py,test_w5pro_checklist_contract.py,C:\Users\14535\.codex\attachments\fa9ea29d-0df4-476b-86de-f949de640405\pasted-text-2.txt
P1-G12,不要盲目取 a=1000。**,code_and_test_candidate,w5pro_geometry_sweep.py,test_q4_w5pro_geometry_sweep.py,C:\Users\14535\.codex\attachments\fa9ea29d-0df4-476b-86de-f949de640405\pasted-text-2.txt
