run,suite,seed,channel,time_s,observation_count,feasible_vertices,mec_radius_m,mec_center_x,mec_center_y,valid,clear_ready
25,random,25,5,29.0,1,4,750.1268544100561,363.06848157836106,656.4080860192889,1,0
25,random,25,15,89.0,1,4,750.1297551941274,-664.4428809409778,-348.15270729157464,1,0
25,random,25,16,95.0,1,5,750.1385057101288,-491.0933218409231,-567.0406749010747,1,0
25,random,25,18,107.0,1,5,750.1337894687814,73.48683016400402,746.5255440339871,1,0
25,random,25,19,113.0,1,4,750.1345092993516,493.5202468520731,564.924373689831,1,0
25,random,25,5,343.0,2,5,258.54181305659137,599.6001927177464,1087.664815013323,1,0
25,random,25,10,373.0,1,5,651.7947009516265,1110.6757650563572,657.3805532195635,1,0
25,random,25,17,415.0,1,4,471.91756653947635,405.28394054001336,1305.1806857190008,1,0
25,random,25,18,421.0,2,4,20.07197527885583,62.235403957707476,629.4562955929717,1,0
25,random,25,19,618.112869,2,4,500.11440066984954,658.4297845576148,752.793731985597,1,0
25,random,25,19,729.866902,3,5,250.11755688030843,827.4169259268436,937.0096265275696,1,0
25,random,25,5,788.641156,3,4,7.425494397781265,614.2060764618739,1107.0579448077845,1,1
25,random,25,19,800.652429,4,4,125.09504065209762,908.9049030556814,1031.8226787131728,1,0
25,random,25,19,830.663525,5,3,62.567428452796676,948.8264821638262,1079.9244729306092,1,0
25,random,25,10,1119.791677,2,4,34.226391831795645,1270.2407224979474,625.1033351919116,1,0
25,random,25,17,1161.791677,2,4,17.119889247955456,380.93828748886574,1519.912354249702,1,1
25,random,25,14,1816.540875,1,7,606.4485671994493,-1391.144162863481,891.580594421647,1,0
25,random,25,14,2106.540875,2,4,53.41614227601077,-1577.108438132708,544.8791022866988,1,0
25,random,25,7,2148.540875,1,4,440.7746972127806,-855.2293743664288,1079.2360797686351,1,0
25,random,25,7,2283.691206,2,4,9.826150375109966,-865.2596451004921,1095.3991089127312,1,1
25,random,25,14,2493.126159,3,4,30.360588415411897,-1582.1453698679384,544.0068901795446,1,0
25,random,25,14,2611.126159,4,5,22.754726691177158,-1577.1349834742089,546.0033459660631,1,0
25,random,25,15,3375.165777,2,4,500.1042122231761,-887.0652408379085,-461.86677670467043,1,0
25,random,25,15,3548.676155,3,4,24.670172313453882,-1043.5354271921428,-543.2538125383572,1,0
25,random,25,15,3686.12881,4,4,19.123619881817813,-1046.4567818607804,-544.904024185003,1,1
25,random,25,13,4250.348829,1,7,678.874236571677,-712.6137058495405,-900.0127680480496,1,0
25,random,25,13,4489.775071,2,4,16.123214766720558,-797.7977945057985,-1158.5938642458932,1,1
25,random,25,16,4799.915529,2,4,36.41908772495062,-306.4280630478214,-353.8274660033928,1,0
25,random,25,1,4859.915529,1,5,750.1393533351161,578.8412909384275,-1202.9605697573497,1,0
25,random,25,1,4959.915529,2,6,276.11171921166,881.3953622088828,-970.0036649013335,1,0
25,random,25,16,5043.452011,3,4,30.91449721611049,-302.79830357296055,-349.4963167341045,1,0
25,random,25,16,5098.452011,4,4,19.668038810731346,-310.83248876585174,-358.4270167135156,1,1
25,random,25,1,5467.04272,3,4,40.57561306669892,976.792015261277,-871.6676480553033,1,0
25,random,25,1,5727.04272,4,4,17.04657637285222,970.5388255985652,-872.2130467188099,1,1
25,random,25,20,6110.723602,1,4,750.1266126789337,1062.660536757088,-200.70147823561965,1,0
25,random,25,20,6198.723602,2,4,397.28356881001895,998.0342781267527,-109.4002081060987,1,0
25,random,25,20,6399.733806,3,5,23.73839892610415,1078.5043531438444,-227.7754110364853,1,0
25,random,25,10,6417.733806,3,6,34.226391831795645,1270.2407224979474,625.1033351919116,1,0
25,random,25,2,6453.733806,1,5,659.1900343213181,1286.677212079688,529.8091005959029,1,0
25,random,25,10,6554.766332,4,6,34.226391831795645,1270.2407224979474,625.1033351919116,1,0
25,random,25,10,6695.925649,5,4,10.979662420450317,1272.289696166629,626.3037733350907,1,1
25,random,25,10,6783.925649,6,4,9.372576905006898,1273.6302793104146,625.3579092081181,1,1
25,random,25,10,6854.827093,7,4,8.195842594294971,1274.1390898864884,624.8184585141887,1,1
25,random,25,2,6976.367341,2,4,500.13011556506876,1164.2048465389241,631.1847295110102,1,0
25,random,25,20,7069.116201,4,5,17.17668077366664,1079.6335061707464,-229.33174271062978,1,1
25,random,25,2,7260.139414,3,4,17.9181967582153,1171.654328404423,624.7445142518163,1,1
25,random,25,2,7332.160454,4,4,12.717976520303065,1172.070848975225,624.2608615096152,1,1
26,random,26,1,5.0,1,5,750.1390850755944,-624.5904653211381,415.44602247220695,1,0
26,random,26,2,11.0,1,5,750.1366196212535,302.93433349886783,-686.2475775435538,1,0
26,random,26,3,17.0,1,4,750.139010819554,501.0432656392574,558.2689150498109,1,0
26,random,26,6,35.0,1,5,750.1414166208282,624.766598853668,-415.1853102973724,1,0
26,random,26,8,47.0,1,4,750.1259014997626,-720.3103045930594,-209.3846536828555,1,0
26,random,26,14,83.0,1,5,750.1338532210015,749.2389470965496,36.630559671412705,1,0
26,random,26,15,89.0,1,4,750.1284445448944,-675.2050032608884,326.7887496331618,1,0
26,random,26,20,119.0,1,5,750.1402709247195,-722.5011404370165,-201.7486756591605,1,0
26,random,26,15,348.0,2,4,31.32731652762433,-1010.1475987209719,489.37282708350915,1,0
26,random,26,14,354.0,2,4,35.031081525242925,365.12919938607735,17.18905627152158,1,0
26,random,26,13,360.0,1,4,558.000988154922,-198.73601026702136,1319.020665041634,1,0
26,random,26,8,390.0,2,4,22.196798987335924,-480.6278696304448,-140.0077046823063,1,0
26,random,26,3,420.0,2,4,20.93237459112453,338.6281544779939,378.10348200698945,1,0
26,random,26,1,620.844295,2,6,625.145036992147,-727.6210548712718,486.2535913578338,1,0
26,random,26,1,718.482968,3,3,20.20583026199393,-329.70860105903074,217.8155646619752,1,0
26,random,26,20,837.43656,2,4,500.15368991798107,-963.6216352834275,-267.8305853145137,1,0
26,random,26,8,844.406269,3,3,9.257202150643137,-471.98119172680117,-136.70153576821502,1,1
26,random,26,1,960.545664,4,3,12.113605233302366,-322.8861497464948,213.429283521791,1,1
26,random,26,3,972.545664,3,4,20.93237459112453,338.6281544779939,378.10348200698945,1,0
26,random,26,20,1068.545664,3,4,10.217997340015275,-938.6952220926722,-261.5502354483476,1,1
26,random,26,1,1075.5558,5,3,11.812399859690634,-322.6195255462028,213.28915424964845,1,1
26,random,26,20,1109.021717,4,4,9.020293389526126,-938.4345781742935,-261.43392486424455,1,1
26,random,26,14,1322.458105,3,5,29.70847809040519,370.1326593039696,12.168976680521492,1,0
26,random,26,10,1346.458105,1,5,750.141024372219,200.03910805904167,-534.3765588165259,1,0
26,random,26,3,1382.458105,4,4,20.93237459112453,338.6281544779939,378.10348200698945,1,0
26,random,26,2,1388.458105,2,4,55.9780550831658,544.9896020214208,-1235.7887310462106,1,0
26,random,26,1,1394.458105,6,3,11.812399859690634,-322.6195255462028,213.28915424964845,1,1
26,random,26,1,1400.468241,7,3,11.812399859690634,-322.6195255462028,213.28915424964845,1,1
26,random,26,14,1505.653219,4,5,21.471330287586568,372.7585297535784,14.467184186757564,1,0
26,random,26,10,1637.750634,2,4,500.1324347927579,427.865293736949,-431.4597501924055,1,0
26,random,26,2,1720.464657,3,4,44.500415588420765,542.2860738017658,-1230.2125444345172,1,0
26,random,26,2,1789.67775,4,4,38.80161524360022,544.1800441003377,-1234.8193302316397,1,0
26,random,26,2,1826.651329,5,4,36.05163730481564,544.5712253229192,-1235.863373100127,1,0
26,random,26,2,1847.463438,6,4,34.58121396738768,544.5108673871714,-1235.81256902713,1,0
26,random,26,3,1956.736941,5,5,20.691952190871287,338.9793645264537,377.89821030858275,1,0
26,random,26,4,1962.736941,1,4,564.6330821850415,1049.241126862994,-819.0097122876473,1,0
26,random,26,5,1968.736941,1,4,444.12483744121164,864.7880904461351,-1070.279038726285,1,0
26,random,26,6,1974.736941,2,4,25.469673501718905,884.9953811475582,-585.6221082356446,1,0
26,random,26,10,1992.736941,3,4,11.108263618452073,121.1299246844425,-568.7961439677792,1,1
26,random,26,14,2016.736941,5,7,15.707737854438903,374.390326702621,16.699846195217056,1,1
26,random,26,6,2102.549696,3,4,22.661282460968746,886.8364404941291,-586.9361923145293,1,0
26,random,26,10,2187.560817,4,4,6.708593547839757,122.92121376832456,-567.9055762829018,1,1
26,random,26,14,2312.136431,6,4,10.404594020707972,376.5798676047622,18.210878567562176,1,1
26,random,26,6,2405.80026,4,4,21.176344636034468,885.3176620102357,-585.9891763950147,1,0
26,random,26,6,2423.009323,5,4,20.79585106043866,885.8030184491342,-586.3283713797181,1,0
26,random,26,6,2434.105275,6,3,15.207549385267907,890.5140876684691,-583.4791295495708,1,1
26,random,26,4,2480.02705,2,4,31.45775311350815,1349.405806987712,-823.4779948676248,1,0
26,random,26,5,2608.104553,2,4,25.753494706814767,681.8629047801766,-963.6324974951981,1,0
26,random,26,7,2614.104553,1,5,750.1337863639643,1546.81462520735,-95.55100701526021,1,0
26,random,26,5,2720.104553,3,4,25.753494706814767,681.8629047801766,-963.6324974951981,1,0
26,random,26,7,2726.104553,2,5,284.3433092701854,1603.2934689513156,305.9855577078236,1,0
26,random,26,5,3000.114757,4,5,21.92937573176921,677.1788719019248,-964.468116074272,1,0
26,random,26,5,3144.843486,5,5,11.875709238911051,672.1153278889005,-960.6499355176733,1,1
26,random,26,3,3389.480582,6,6,17.688308205811875,340.8643176889416,377.57116826522116,1,1
26,random,26,14,3554.132843,7,4,10.404594020707972,376.5798676047622,18.210878567562176,1,1
26,random,26,11,3572.132843,1,4,562.2970943949422,1236.6216261595243,495.0665923176878,1,0
26,random,26,7,3584.132843,3,5,32.76927813330067,1598.8172888085674,309.4650337530077,1,0
26,random,26,3,3590.132843,7,6,13.26044925597566,343.0639337056374,382.8104065993483,1,1
26,random,26,14,3662.357197,8,5,9.641926868011481,376.73789902275155,17.089975584331988,1,1
26,random,26,7,3797.763226,4,4,27.46079232965048,1598.4044566332693,310.4315874392934,1,0
26,random,26,7,3838.974797,5,4,25.461420837349873,1598.3064490581546,312.28537224162835,1,0
26,random,26,7,3862.00478,6,4,23.978436739031533,1598.03091091941,310.8036358160804,1,0
26,random,26,7,3875.791911,7,3,21.650366142204252,1599.5821089112644,311.4207935485914,1,0
26,random,26,7,3885.121318,8,4,10.830177302459198,1609.3332930940253,316.11791446784906,1,1
26,random,26,11,4037.779649,2,5,32.66962092688238,1507.1221346834448,957.6946519449243,1,0
26,random,26,11,4303.779649,3,4,17.237027191434013,1506.7067769592122,961.0963307517593,1,1
26,random,26,9,4309.779649,1,5,750.1447359487072,1270.5369160128637,112.93358033466171,1,0
26,random,26,3,4315.779649,8,6,13.26044925597566,343.0639337056374,382.8104065993483,1,1
26,random,26,11,4403.779649,4,4,3.298917092470281,1508.757671227602,965.2098509961203,1,1
26,random,26,9,4409.779649,2,4,133.85965667160872,1315.3311019572627,303.54223696784055,1,0
26,random,26,3,4415.779649,9,6,13.26044925597566,343.0639337056374,382.8104065993483,1,1
26,random,26,3,4543.489814,10,6,13.26044925597566,343.0639337056374,382.8104065993483,1,1
26,random,26,9,4560.990261,3,5,19.52182265909166,1329.4373972976732,342.37400186114604,1,1
26,random,26,3,4949.918815,11,6,13.26044925597566,343.0639337056374,382.8104065993483,1,1
26,random,26,13,4961.918815,2,4,33.83574362176836,1.541234396991948,1686.506223845915,1,0
26,random,26,13,5103.692923,3,4,25.611805871737158,2.648753474329382,1688.7939902638955,1,0
26,random,26,3,5213.792505,12,6,13.26044925597566,343.0639337056374,382.8104065993483,1,1
26,random,26,13,5225.792505,4,4,8.743308349846567,-5.608080954891967,1689.2728528921762,1,1
26,random,26,13,5281.729775,5,4,8.475191579136952,-5.788444532876318,1689.296014759399,1,1
26,random,26,3,5313.151898,13,6,13.26044925597566,343.0639337056374,382.8104065993483,1,1
26,random,26,3,5461.151898,14,6,13.26044925597566,343.0639337056374,382.8104065993483,1,1
26,random,26,3,5573.956588,15,7,12.398295129807995,342.1011430821349,382.8875281466336,1,1
26,random,26,14,5585.956588,9,5,9.641926868011481,376.73789902275155,17.089975584331988,1,1
26,random,26,3,5670.992864,16,6,11.707328631298543,343.4763273687623,382.2546674339018,1,1
26,random,26,14,5691.482903,10,5,9.641926868011481,376.73789902275155,17.089975584331988,1,1
26,random,26,15,6093.233328,3,4,26.249347764016697,-1007.9459356660172,488.44087132968343,1,0
26,random,26,15,6130.782374,4,5,23.712993375782986,-1004.4603301342638,486.8291975947732,1,0
26,random,26,15,6151.649544,5,4,22.924000738865335,-1004.6838378429217,486.96608984208325,1,0
26,random,26,15,6164.524478,6,3,19.641185950132634,-1007.3756379239028,485.29857315447157,1,1
28,random,28,13,77.0,1,5,750.1415764182555,678.9332884474843,319.00152744015804,1,0
28,random,28,20,119.0,1,4,750.130631038583,688.1280365994202,-298.62312179095767,1,0
28,random,28,7,1486.010204,1,5,646.3148721436884,-1602.8611064622173,210.87057422226243,1,0
28,random,28,7,1634.010204,2,4,172.44620566155496,-1647.7938629568666,67.53874789623035,1,0
28,random,28,7,1843.69604,3,4,13.366175692980217,-1639.0855949943,120.88314685556989,1,1
28,random,28,7,1914.023651,4,5,13.36617548940383,-1639.0862591065447,120.88538316657635,1,1
28,random,28,17,1974.023651,1,6,636.640094247049,-1389.1086258145338,-665.2389298808181,1,0
28,random,28,6,2233.864921,1,4,425.0357865550403,-1376.3225045358035,-124.7294759077278,1,0
28,random,28,17,2293.864921,2,4,26.669491130616215,-1357.8054015793273,-701.5937871981939,1,0
28,random,28,6,2490.123516,2,4,15.187366963398494,-1726.8253038554772,-217.7589707805888,1,1
28,random,28,18,3769.571227,1,5,750.1364291913256,669.5398262314476,-1341.8274269496465,1,0
28,random,28,4,3835.571227,1,7,750.0090359834171,698.4196155118184,-1406.7331150830528,1,0
28,random,28,18,3899.571227,2,4,206.3839279480146,737.4642363797745,-1302.5512305299117,1,0
28,random,28,4,3965.571227,2,4,255.57623987403335,906.2768553150045,-1338.816083501492,1,0
28,random,28,8,4214.581431,1,5,650.0313252982227,1182.200363110518,-856.6855950350348,1,0
28,random,28,18,4268.581431,3,5,16.40579321926983,683.1586017057236,-1335.5949902472887,1,1
28,random,28,4,4394.209594,3,4,193.28482793482988,900.4696424244003,-1342.1411675172558,1,0
28,random,28,4,4470.461586,4,4,154.17698590391097,898.8295150194599,-1343.4854045177149,1,0
28,random,28,4,4539.417965,5,4,90.59961599778272,904.7754636227507,-1336.9807421427345,1,0
28,random,28,4,4765.520299,6,3,10.343836306611669,833.8317846128868,-1374.503862780325,1,1
28,random,28,8,4777.520299,2,4,29.272623667167473,1225.3300781143444,-695.135926600472,1,0
28,random,28,13,4807.520299,2,4,39.77090283776786,732.6303558809757,343.4409860238416,1,0
28,random,28,20,4837.520299,2,4,17.761072699871974,738.2701552729587,-319.2718379280834,1,1
28,random,28,4,4847.461342,7,3,9.789412394181479,833.3416906628911,-1374.7630804395458,1,1
28,random,28,20,4914.952589,3,4,15.207770525824733,739.1777368377911,-319.76320184028793,1,1
28,random,28,13,4965.78365,3,4,30.276455615568395,739.3697632455,346.3907351946373,1,0
28,random,28,13,5110.679562,4,5,15.232974957417536,733.8273710793434,342.4238555425663,1,1
28,random,28,11,5122.679562,1,4,585.5606518079245,1209.1488952734846,534.4989081702515,1,0
28,random,28,8,5140.679562,3,5,18.732299282889404,1224.7490661008742,-695.9531483030153,1,1
28,random,28,5,5146.679562,1,5,701.3662243998812,1055.5357904596353,696.1308851641306,1,0
28,random,28,13,5219.741417,5,5,14.476143997300651,735.7255234768298,343.99481737759515,1,1
28,random,28,11,5969.097512,2,4,41.03553804664496,1298.7009585055066,699.7816893488817,1,0
28,random,28,5,5993.097512,2,4,27.67566303148872,1039.1188658063375,487.87442420531204,1,0
28,random,28,11,6081.097512,3,6,41.03553804664496,1298.7009585055066,699.7816893488817,1,0
28,random,28,5,6105.097512,3,4,25.571371520594372,1038.923552756834,486.76567883498956,1,0
28,random,28,11,6160.193598,4,5,37.34889166973904,1296.9824779199946,696.2761572864673,1,0
28,random,28,11,6177.743844,5,4,30.023819461816405,1293.526567306294,693.2177752220562,1,0
28,random,28,5,6234.455575,4,4,18.687466516964584,1038.7647337673893,486.58033495988684,1,1
28,random,28,8,6544.555278,4,6,17.71680903076726,1226.1136526173245,-695.782941023497,1,1
28,random,28,8,6674.555278,5,6,17.23252720776699,1226.14091563023,-695.247416678128,1,1
28,random,28,8,6816.704189,6,5,11.894318497202068,1225.0947103813928,-697.6933010146145,1,1
28,random,28,8,6916.704189,7,4,11.175382187188692,1225.882104955747,-696.9514276255398,1,1
28,random,28,8,6992.730655,8,4,9.84731167472594,1224.117378489072,-698.7350429962889,1,1
