channel,clear_time_s,cleared,coarse_probe_count,error_field,fallback_probe_count,first_found_time_s,found_to_clear_s,intersection_probe_count,kind,max_planned_step_m,mean_planned_step_m,reacquisition_attempts,reacquisition_move_m,reacquisition_no_signal,reacquisition_successes,reacquisition_switch_count,reacquisition_time_s,seed,strategy,suite,supplement_measure_count
1,2953.315714,1,0,smooth,0,2528.231906,425.08380799999986,0,omni,0.0,0.0,0,0.0,0,0,0,0.0,2,w5pro,random,1
2,4973.40686,1,0,smooth,0,4618.440081,354.9667790000003,0,omni,0.0,0.0,0,0.0,0,0,0,0.0,2,w5pro,random,1
3,1618.777967,1,0,smooth,0,17.0,1601.777967,0,omni,0.0,0.0,0,0.0,0,0,0,0.0,2,w5pro,random,1
4,4548.934787,1,14,smooth,0,4051.377663,497.55712399999993,0,dir,375.0419189485673,65.7034382535099,14,639.4959142050985,9,5,0,197.8991828410197,2,w5pro,random,16
5,2857.666697,1,0,smooth,0,2546.231906,311.43479100000013,0,omni,0.0,0.0,0,0.0,0,0,0,0.0,2,w5pro,random,1
6,5224.402154,1,3,smooth,0,4624.440081,599.9620730000006,0,dir,165.10651559025706,94.99066298326625,3,260.0912372691642,0,3,0,67.01824745383284,2,w5pro,random,5
10,491.920942,1,0,smooth,0,59.0,432.920942,0,omni,0.0,0.0,0,0.0,0,0,0,0.0,2,w5pro,random,2
11,2517.743417,1,17,smooth,2,65.0,2452.743417,0,dir,375.1676270648828,89.17282041756475,19,3302.73471313684,16,3,2,757.546942627368,2,w5pro,random,21
12,6281.565012,1,12,smooth,0,5541.811058,739.7539539999998,0,dir,440.88904499657554,136.96523893433547,12,1278.613358891805,2,10,0,315.722671778361,2,w5pro,random,15
13,2179.754717,1,13,smooth,1,77.0,2102.754717,0,dir,248.9146810575896,42.8893479461576,14,1888.355921345048,9,5,1,448.6711842690096,2,w5pro,random,16
14,5389.788228,1,0,smooth,0,4654.440081,735.3481470000006,0,omni,0.0,0.0,0,0.0,0,0,0,0.0,2,w5pro,random,3
15,609.428351,1,0,smooth,0,89.0,520.428351,0,omni,0.0,0.0,0,0.0,0,0,0,0.0,2,w5pro,random,2
16,3363.131112,1,0,smooth,0,2588.231906,774.899206,0,omni,0.0,0.0,0,0.0,0,0,0,0.0,2,w5pro,random,1
17,5055.935282,1,0,smooth,0,4660.440081,395.49520100000063,0,dir,0.0,0.0,0,0.0,0,0,0,0.0,2,w5pro,random,1
19,3872.393952,1,22,smooth,0,2606.231906,1266.162046,0,dir,500.0,144.53125,22,1320.1307110327373,18,4,0,374.02614220654743,2,w5pro,random,23
20,2779.765225,1,0,smooth,0,2612.231906,167.53331900000012,0,omni,0.0,0.0,0,0.0,0,0,0,0.0,2,w5pro,random,1
1,9607.299424,1,19,smooth,0,9178.220967,429.07845700000144,0,dir,416.4747811918986,143.16320603471516,19,975.1009210480435,15,4,0,290.0201842096087,10000,w5pro,min_reff,20
2,837.308193,1,0,smooth,0,11.0,826.308193,0,dir,0.0,0.0,0,0.0,0,0,0,0.0,10000,w5pro,min_reff,2
3,2389.33434,1,1,smooth,0,1361.595784,1027.7385559999998,0,dir,273.1198691901263,273.1198691901263,1,253.94045896921344,0,1,0,55.78809179384269,10000,w5pro,min_reff,3
4,5813.62403,1,0,smooth,0,5530.629374,282.99465599999985,0,omni,0.0,0.0,0,0.0,0,0,0,0.0,10000,w5pro,min_reff,1
5,1200.096192,1,24,smooth,2,29.0,1171.096192,0,dir,500.0,123.28125,26,1908.9182122304637,22,4,1,512.7836424460927,10000,w5pro,min_reff,27
6,5408.497558,1,0,smooth,0,5125.782773,282.7147850000001,0,omni,0.0,0.0,0,0.0,0,0,0,0.0,10000,w5pro,min_reff,1
7,3044.036044,1,0,smooth,0,2824.557428,219.47861599999987,0,omni,0.0,0.0,0,0.0,0,0,0,0.0,10000,w5pro,min_reff,1
9,3179.318778,1,0,smooth,0,2836.557428,342.76134999999977,0,dir,0.0,0.0,0,0.0,0,0,0,0.0,10000,w5pro,min_reff,1
10,2648.622514,1,18,smooth,0,1397.595784,1251.02673,0,dir,500.0,203.99305555555554,18,2786.7365324830994,15,3,1,648.3473064966199,10000,w5pro,min_reff,20
13,8755.664965,1,7,smooth,0,8285.438282,470.2266830000008,0,dir,500.0,376.9915349882114,7,1220.9304816812237,5,2,0,279.18609633624476,10000,w5pro,min_reff,8
14,6515.649206,1,20,smooth,0,5560.629374,955.019832,0,dir,500.0,187.5,20,1706.1336876145308,16,4,0,441.22673752290615,10000,w5pro,min_reff,21
16,4235.306098,1,0,smooth,0,4059.636692,175.66940599999998,0,omni,0.0,0.0,0,0.0,0,0,0,0.0,10000,w5pro,min_reff,1
17,714.951895,1,0,smooth,0,101.0,613.951895,0,omni,0.0,0.0,0,0.0,0,0,0,0.0,10000,w5pro,min_reff,1
19,4549.133328,1,0,smooth,0,4071.636692,477.49663599999985,0,dir,0.0,0.0,0,0.0,0,0,0,0.0,10000,w5pro,min_reff,2
1,3024.197125,1,1,smooth,0,2161.766892,862.430233,0,dir,255.8426764406849,255.8426764406849,1,230.45512307968824,0,1,0,51.09102461593765,10001,w5pro,min_reff,3
2,1691.359292,1,0,smooth,0,1112.767484,578.5918080000001,0,omni,0.0,0.0,0,0.0,0,0,0,0.0,10001,w5pro,min_reff,2
3,403.872434,1,0,smooth,0,17.0,386.872434,0,omni,0.0,0.0,0,0.0,0,0,0,0.0,10001,w5pro,min_reff,1
4,5393.134206,1,0,smooth,0,5143.674879,249.45932699999958,0,omni,0.0,0.0,0,0.0,0,0,0,0.0,10001,w5pro,min_reff,1
5,5622.947632,1,0,smooth,0,5149.674879,473.2727530000002,0,omni,0.0,0.0,0,0.0,0,0,0,0.0,10001,w5pro,min_reff,3
8,3428.988974,1,0,smooth,0,3184.482222,244.50675199999978,0,dir,0.0,0.0,0,0.0,0,0,0,0.0,10001,w5pro,min_reff,2
9,996.22369,1,18,smooth,0,53.0,943.22369,0,dir,500.0,191.84027777777777,18,1603.1074280390135,15,3,0,410.6214856078027,10001,w5pro,min_reff,19
14,2528.43074,1,0,smooth,0,2221.766892,306.6638479999997,0,dir,0.0,0.0,0,0.0,0,0,0,0.0,10001,w5pro,min_reff,3
16,4274.693434,1,23,smooth,0,3840.273307,434.42012699999987,0,dir,390.45062195330695,116.44553195482456,23,1034.1257866891744,18,5,0,321.82515733783487,10001,w5pro,min_reff,24
17,2007.95769,1,0,smooth,0,1190.767484,817.190206,0,dir,0.0,0.0,0,0.0,0,0,0,0.0,10001,w5pro,min_reff,2
18,6590.50765,1,12,smooth,0,6048.284588,542.2230619999991,0,dir,500.0,270.8333333333333,12,1492.6705394505468,10,2,0,358.53410789010934,10001,w5pro,min_reff,13
20,1556.057223,1,0,smooth,0,1208.767484,347.28973900000005,0,dir,0.0,0.0,0,0.0,0,0,0,0.0,10001,w5pro,min_reff,3
