version,suite,seed,channel,time_s,selected_x,selected_y,selected_search_index,selected_p_clear,selected_route_marginal_s,selected_expected_future_cost_s,selected_objective_s,highest_p_clear_x,highest_p_clear_y,highest_p_clear,highest_p_clear_route_marginal_s,highest_p_clear_objective_s,abandoned_high_p_clear
v6,random,0,2,502.198537,1364.7835889858056,319.2555990631297,,1.0,1.4722542767256073,55.44304933982739,61.915303616553,1364.7835889858056,319.2555990631297,1.0,1.4722542767256073,61.915303616553,0
v6,random,0,9,527.918137,1412.5653626381127,405.5021525941404,,0.25,24.015918977023603,182.7326418980147,211.7485608750383,946.0590116920033,963.5148544863598,0.4166666666666667,79.29748990085,248.49963207958575,1
v6,random,0,1,598.154865,1342.0589840487705,718.851449924303,,0.9444444444444444,4.188320103308115,107.42547774054121,116.61379784384933,1342.0589840487705,718.851449924303,0.9444444444444444,4.188320103308115,116.61379784384933,0
v6,random,0,9,845.293021,977.6284088058873,682.0563576276083,,1.0,12.03337446361138,104.6711651130984,121.70453957670978,977.6284088058873,682.0563576276083,1.0,12.03337446361138,121.70453957670978,0
v6,random,0,12,1109.579568,796.6182165816278,521.6150461466018,,1.0,27.973414471307706,6.484957398961566,39.458371870269275,796.6182165816278,521.6150461466018,1.0,27.973414471307706,39.458371870269275,0
v6,random,0,18,1363.081033,5.743963417062496e-14,938.0604140004557,3,0.16666666666666666,0.0,185.8983168786689,190.8983168786689,-475.4475421902696,750.0000000000001,0.3333333333333333,0.045671744620904065,207.40750818717063,1
v6,random,0,13,1387.081033,5.743963417062496e-14,938.0604140004557,3,0.25,0.0,194.38896694348603,199.38896694348603,5.743963417062496e-14,938.0604140004557,0.25,0.0,199.38896694348603,0
v6,random,0,5,1411.081033,5.743963417062496e-14,938.0604140004557,3,0.5,0.0,185.61871251954,190.61871251954,18.50752780651851,973.6433915408561,0.5277777777777778,10.886065199766904,193.59381759371783,1
v6,random,0,18,1437.188028,45.966669872373586,991.5603945313345,,1.0,3.0150723092499447,7.222096755798701,15.237169065048645,45.966669872373586,991.5603945313345,1.0,3.0150723092499447,15.237169065048645,0
v6,random,0,5,1584.226184,54.21911329919271,1668.3474899262628,,1.0,107.15177564118926,54.857348551538806,167.00912419272805,54.21911329919271,1668.3474899262628,1.0,107.15177564118926,167.00912419272805,0
v6,random,0,10,1754.363408,-239.6064505501733,1657.233344212164,,0.3333333333333333,26.539369985481017,192.6953449203976,224.2347149058786,-922.6191524423926,974.2206423199448,0.6388888888888888,108.02722570494984,250.46308773594572,1
v6,random,0,13,1908.979878,-431.4640828268833,966.4765323614425,,1.0,2.9617035738708637,6.681236465593951,14.642940039464815,-431.4640828268833,966.4765323614425,1.0,2.9617035738708637,14.642940039464815,0
v6,random,0,14,2301.900885,-938.0604140004557,1.148792683412499e-13,5,0.1111111111111111,0.0,200.52408381431485,205.52408381431485,-836.6814045272796,232.64371720557517,0.16666666666666666,1.796578875243199,226.48921888593975,1
v6,random,0,8,2400.005916,-643.3485822366049,-180.36787122332908,,1.0,33.37074741263052,6.120694691843681,44.4914421044742,-643.3485822366049,-180.36787122332908,1.0,33.37074741263052,44.4914421044742,0
v6,random,0,16,2723.975395,-1.7231890251187485e-13,-938.0604140004557,7,0.3333333333333333,0.0,182.06082712078708,187.06082712078708,166.7595360141211,-706.3460241824115,0.4166666666666667,21.223814537077146,225.76356758195095,1
v6,random,0,3,2747.975395,-1.7231890251187485e-13,-938.0604140004557,7,0.3333333333333333,0.0,166.90271604963607,171.90271604963607,-1.7231890251187485e-13,-938.0604140004557,0.3333333333333333,0.0,171.90271604963607,0
v6,random,0,6,2906.463129,654.0087309855882,-904.3327151831563,,0.08333333333333333,10.970000222760689,208.32096224869304,224.29096247145372,654.0087309855882,-904.3327151831563,0.08333333333333333,10.970000222760689,224.29096247145372,0
v6,random,0,7,2920.233362,625.9106262152775,-931.1638425907705,,0.4444444444444444,3.6020719633234535,154.26142166900866,162.8634936323321,811.2058649396474,-739.6325972708183,0.5833333333333334,83.27618843122059,252.9365880392678,1
v6,random,0,16,2960.679152,674.9513326036848,-1096.2632658154575,,1.0,1.569332581609956,104.94178533136834,111.51111791297829,674.9513326036848,-1096.2632658154575,1.0,1.569332581609956,111.51111791297829,0
v6,random,0,6,3059.935433,810.7186874327616,-1492.422109990986,,0.8333333333333334,58.10506147491273,114.54400630998546,177.6490677848982,993.7313893249807,-1675.4348118832052,1.0,101.98315517061482,211.9855842682514,1
v6,random,0,20,3417.292214,66.41329976559655,-1444.7776187835652,,1.0,51.114820012437754,105.04333076810941,161.15815078054717,66.41329976559655,-1444.7776187835652,1.0,51.114820012437754,161.15815078054717,0
v6,random,1,3,324.612083,-663.3088799023825,-663.3088799023824,6,0.25,0.0,171.35287994162746,176.35287994162746,-1.7231890251187485e-13,-938.0604140004557,0.3888888888888889,0.0,193.47290267939775,1
v6,random,1,9,531.020149,-211.8316953687459,-925.4051583388955,,0.16666666666666666,4.203508112720783,228.2980811495797,237.50158926230048,-1077.8570991531847,-1425.4051583388955,0.5833333333333334,118.20642018362332,265.1370233059132,1
v6,random,1,13,772.484834,-159.60022427579588,-1364.2722852800498,,1.0,35.30367352725898,58.67385694551417,98.97753047277314,-159.60022427579588,-1364.2722852800498,1.0,35.30367352725898,98.97753047277314,0
v6,random,1,9,993.77761,-647.8168837077601,-1532.900336136417,,1.0,71.53613740717128,7.233724144329431,83.76986155150071,-647.8168837077601,-1532.900336136417,1.0,71.53613740717128,83.76986155150071,0
v6,random,1,16,1139.42779,-1192.1088597232279,-1095.5211358634288,,0.6666666666666666,1.6760371492989634,153.2542862054839,159.93032335478287,-1192.1088597232279,-95.52113586342887,0.7777777777777778,12.697964037882457,163.55040553239712,1
v6,random,1,4,1227.411184,-1480.7841561014377,-804.491074930372,,0.4444444444444444,1.4493955784405443,174.9849761953603,181.43437177380085,-1480.7841561014377,-804.491074930372,0.4444444444444444,1.4493955784405443,181.43437177380085,0
v6,random,1,17,1239.10416,-1481.6046615267405,-776.0380235955474,,0.0,5.17018851039029,238.43669663810397,248.60688514849426,-981.6046615267403,89.98738018889111,0.027777777777777776,7.552014361001056,249.29481645851,1
v6,random,1,16,1302.030344,-1620.9750015424092,-556.9852397926581,,1.0,0.21652430862468464,7.265424405033496,12.48194871365818,-1620.9750015424092,-556.9852397926581,1.0,0.21652430862468464,12.48194871365818,0
v6,random,1,17,1410.458976,-1734.4934061884555,-83.25321633853656,,0.75,44.46700967754293,57.79148015774298,107.25848983528591,-1234.4934061884555,-83.25321633853656,1.0,0.0347181849538174,109.55397073254977,1
v6,random,1,4,1482.936808,-1482.702735662859,-259.5755217990669,,1.0,27.842718705555512,6.674850829959846,39.51756953551536,-1482.702735662859,-259.5755217990669,1.0,27.842718705555512,39.51756953551536,0
v6,random,1,8,1872.196143,-663.3088799023824,663.3088799023825,4,0.3611111111111111,0.0,213.46272774051576,218.46272774051576,-976.3116066642006,919.3527435618118,0.4722222222222222,99.8424830944059,265.0697846156978,1
v6,random,1,8,2040.869538,-1031.6516426140315,1102.7099469434975,,0.8055555555555556,60.02896964624597,116.09632209776909,181.12529174401504,-1339.664344506251,1069.2162978896072,1.0,162.04079944292266,222.12441465943166,1
v6,random,1,8,2098.842253,-1217.558774886104,1291.3663875052848,,1.0,52.85204943989686,105.57274607144167,163.42479551133852,-1217.558774886104,1291.3663875052848,1.0,52.85204943989686,163.42479551133852,0
v6,random,1,11,2493.862726,-57.29454432632099,967.5604639517726,,0.25,1.856607948169767,191.17847431015593,198.0350822583257,9.692753781459828,1217.5604639517728,0.6666666666666666,66.16298821293617,211.3988227547053,1
v6,random,1,11,2637.013317,-0.418588045518959,1199.3698969209838,,1.0,49.216182234901,104.98169667946726,159.19787891436826,-0.418588045518959,1199.3698969209838,1.0,49.216182234901,159.19787891436826,0
v6,random,1,19,3177.334777,1094.2514660951679,564.0241858610273,,1.0,8.573544548969153,55.543875517025725,69.11742006599488,1094.2514660951679,564.0241858610273,1.0,8.573544548969153,69.11742006599488,0
v6,random,1,14,3280.965344,1195.8101608939621,628.6174167459776,,0.75,12.887471189476003,98.35609678910765,116.24356797858366,1070.8101608939621,1345.1237676920873,0.8055555555555556,211.00574555613207,339.37675020499887,1
v6,random,1,14,3366.93506,1369.9407011389374,994.1046661259131,,1.0,161.86130430560024,6.757665241086737,173.61896954668697,1369.9407011389374,994.1046661259131,1.0,161.86130430560024,173.61896954668697,0
v6,random,1,7,3743.197327,919.4005121703482,-422.18152785732883,,0.4166666666666667,11.275889659726715,185.53703079514986,201.81292045487658,1602.4132140625675,260.8311740348905,0.8333333333333334,262.663157799673,399.58893162661064,1
v6,random,1,7,3863.1181,1411.9205597427447,-718.1436954184135,,1.0,194.69500799127565,105.276647064644,304.97165505591965,1411.9205597427447,-718.1436954184135,1.0,194.69500799127565,304.97165505591965,0
v6,random,2,10,360.612083,663.3088799023823,-663.3088799023825,8,0.3055555555555556,0.0,183.29387778340782,188.29387778340782,-23.651319648086655,-782.7944873071973,0.3333333333333333,17.963643718223693,203.55043370859116,1
v6,random,2,16,501.033084,800.0429237267915,-1136.0362205236306,,0.75,37.26588864714358,104.10140741221605,146.36729605935963,1409.8323209156479,-709.2595252269938,0.8888888888888888,57.5797364680659,185.98619750333293,1
v6,random,2,16,581.33177,1151.5227766532696,-1132.9470598386235,,1.0,2.9400242354663533,6.511361995874104,14.451386231340457,1151.5227766532696,-1132.9470598386235,1.0,2.9400242354663533,14.451386231340457,0
v6,random,2,2,724.116326,1526.455369940488,-560.9541203360056,,1.0,0.24195705596594053,88.47112944941233,93.71308650537827,1526.455369940488,-560.9541203360056,1.0,0.24195705596594053,93.71308650537827,0
v6,random,2,14,798.299984,1270.7304564607007,-786.4093208821781,,0.6666666666666666,0.9267527929978314,118.73400982206638,124.66076261506421,1206.0256951850706,-44.927864309911,0.75,35.454536923794876,180.49401791885282,1
v6,random,2,4,841.921185,1158.41987015521,-937.3073020759928,,0.5555555555555556,14.936170395714953,129.36399399589888,149.30016439161383,1408.41987015521,-254.29460018377347,0.7777777777777778,26.102117139651682,159.6141608131802,1
v6,random,2,6,1356.488339,1336.6697612173311,-36.837876931181285,,1.0,135.2056651698365,6.498626820496883,146.7042919903334,1336.6697612173311,-36.837876931181285,1.0,135.2056651698365,146.7042919903334,0
v6,random,2,3,1763.012531,267.6377524660784,1119.0153986239861,,0.4166666666666667,58.66530164970857,182.40573087533573,246.0710325250443,1200.6504543582978,1369.0153986239861,0.7222222222222222,378.08625604534996,501.18051390500756,1
v6,random,2,3,1832.371271,353.34892159957747,1429.1843521734274,,1.0,123.26551321129375,105.14712158075785,233.41263479205162,353.34892159957747,1429.1843521734274,1.0,123.26551321129375,233.41263479205162,0
v6,random,2,12,2371.347634,-663.3088799023824,663.3088799023825,4,0.4444444444444444,0.0,167.77674912595694,172.77674912595694,-663.3088799023824,663.3088799023825,0.4444444444444444,0.0,172.77674912595694,0
v6,random,2,11,2591.413098,-1445.3944893114026,1017.7025685652127,,0.75,83.0048286476806,124.90624599119185,212.91107463887244,-1445.3944893114026,1017.7025685652127,0.75,83.0048286476806,212.91107463887244,0
v6,random,2,11,2697.128617,-1541.8761384627028,548.9512417449123,,1.0,39.27733362871584,6.235008850652299,50.51234247936814,-1541.8761384627028,548.9512417449123,1.0,39.27733362871584,50.51234247936814,0
v6,random,2,20,2740.375962,-1356.467860475701,566.4979975834264,,0.5,3.336426545996005,143.54953650101518,151.8859630470112,-1356.467860475701,566.4979975834264,0.5,3.336426545996005,151.8859630470112,0
v6,random,2,20,2842.384937,-1039.7855649142025,199.10059111305284,,1.0,20.314106924844623,104.72855478701294,130.04266171185756,-1039.7855649142025,199.10059111305284,1.0,20.314106924844623,130.04266171185756,0
v6,random,2,17,3179.390468,-1125.232610585494,-180.87996900672698,,0.8055555555555556,5.99966358050068,46.782084602284925,57.781748182785606,-1250.232610585494,35.626381939382696,1.0,16.225934647575457,76.60951956155301,1
v6,random,2,13,3285.129351,-887.8850522843463,-590.8220805043276,,1.0,5.665110430759114,6.810753819530831,17.475864250289945,-887.8850522843463,-590.8220805043276,1.0,5.665110430759114,17.475864250289945,0
v6,random,2,1,3305.697991,-843.1157811994715,-648.2837548467596,,0.4166666666666667,1.8866251178433089,173.71680296276946,180.6034280806128,-1026.1284830916907,-831.2964567389788,0.8333333333333334,77.47772065840176,204.4177497903247,1
v6,random,2,1,3348.399882,-974.5766121554545,-783.3906204910351,,1.0,60.900556418151695,105.00951175020795,170.91006816835966,-974.5766121554545,-783.3906204910351,1.0,60.900556418151695,170.91006816835966,0
v6,random,2,5,3635.25518,-559.2567774288618,-747.9218298205961,,0.3333333333333333,56.060357637182136,199.22640313794986,260.286760775132,-559.2567774288618,-747.9218298205961,0.3333333333333333,56.060357637182136,260.286760775132,0
v6,random,2,5,3766.182784,-80.40660840971074,-1117.0961137000768,,1.0,99.65934389196941,7.364723662853107,112.02406755482252,-80.40660840971074,-1117.0961137000768,1.0,99.65934389196941,112.02406755482252,0
v6,random,2,10,3794.921783,-138.53574131944833,-1214.8077104785157,,1.0,22.73899930764779,105.20752761489865,132.94652692254644,-138.53574131944833,-1214.8077104785157,1.0,22.73899930764779,132.94652692254644,0
v6,random,3,8,830.251379,-938.0604140004557,1.148792683412499e-13,5,0.3333333333333333,0.0,198.8510199595523,203.8510199595523,-1356.5652939369497,-534.7851919278627,0.3611111111111111,133.23660488304358,306.4482020627546,1
v6,random,3,11,1088.634433,-1672.9755011955685,214.44511847542321,,0.6666666666666666,32.23955617246156,151.44004909381945,188.67960526628102,-1672.9755011955685,214.44511847542321,0.6666666666666666,32.23955617246156,188.67960526628102,0
v6,random,3,1,1148.26552,-1733.0079557319605,475.7943916911183,,0.5833333333333334,3.773873612335592,144.56963529003937,153.34350890237496,-983.0079557319605,908.8070935833375,0.6666666666666666,23.05644718183339,168.24628434524632,1
v6,random,3,11,1266.71579,-1408.2763641265244,696.9146272215432,,1.0,9.846682125514576,6.328573969572609,21.175256095087185,-1408.2763641265244,696.9146272215432,1.0,9.846682125514576,21.175256095087185,0
v6,random,3,2,1851.860257,663.3088799023825,663.3088799023825,2,0.5,0.0,176.68679908892028,181.68679908892028,663.3088799023825,663.3088799023825,0.5,0.0,181.68679908892028,0
v6,random,3,2,2043.070043,1037.7714575451046,238.82193283739917,,1.0,4.2323334205246965,7.065478965945577,16.297812386470273,1037.7714575451046,238.82193283739917,1.0,4.2323334205246965,16.297812386470273,0
v6,random,3,18,2113.593743,938.0604140004557,0.0,1,1.0,0.0,42.63871884563091,47.63871884563091,938.0604140004557,0.0,1.0,0.0,47.63871884563091,0
v6,random,3,5,2414.812926,663.3088799023823,-663.3088799023825,8,1.0,0.0,100.68229169924521,105.68229169924521,663.3088799023823,-663.3088799023825,1.0,0.0,105.68229169924521,0
v6,random,3,16,2456.812926,663.3088799023823,-663.3088799023825,8,0.4166666666666667,0.0,185.9603476114611,190.9603476114611,721.7634631918655,-832.88678141422,0.5,41.31671461423309,220.2604420681223,1
v6,random,3,12,2557.772739,945.7057114919321,-967.1349700262052,,1.0,29.52659165306835,105.01370171583375,139.5402933689021,945.7057114919321,-967.1349700262052,1.0,29.52659165306835,139.5402933689021,0
v6,random,3,10,2838.648667,1312.2596172556487,-814.6030248343276,,0.8611111111111112,29.9074734464009,110.68465632915867,145.59212977555956,1312.2596172556487,-814.6030248343276,0.8611111111111112,29.9074734464009,145.59212977555956,0
v6,random,3,10,2937.580881,1096.0587105415352,-429.2242748731097,,1.0,6.366925465467546,55.077983544352286,66.44490900981984,1096.0587105415352,-429.2242748731097,1.0,6.366925465467546,66.44490900981984,0
v6,random,4,2,278.431912,558.7570653441991,-525.6656078456265,,0.4166666666666667,0.389614857054994,160.0068401653881,165.3964550224431,433.75706534419896,-742.1719587917361,0.5,6.194675683228297,193.2045276898144,1
v6,random,4,1,319.001698,663.3088799023823,-663.3088799023825,8,0.08333333333333333,0.0,204.25448504563695,209.25448504563695,797.6912953019662,-79.95617458563584,0.16666666666666666,0.18293968685566142,227.70299708963947,1
v6,random,4,1,841.240909,1409.7860624170592,-633.9015969286386,,1.0,10.516074890193067,105.77003009106969,121.28610498126275,1409.7860624170592,-633.9015969286386,1.0,10.516074890193067,121.28610498126275,0
v6,random,4,13,934.338494,1352.5771111432553,-1065.6154698284429,,0.9166666666666666,1.5139004450470566,109.02073170063781,115.53463214568487,1352.5771111432553,-1065.6154698284429,0.9166666666666666,1.5139004450470566,115.53463214568487,0
v6,random,4,10,1108.177332,841.2115629818172,-1193.4161543646287,,0.3611111111111111,0.44582704738400025,173.5772838851284,179.0231109325124,158.19886108959793,-1443.4161543646287,0.75,74.7460082732764,204.99234928222688,1
v6,random,4,10,1203.045739,562.2516161872413,-1513.1778040603403,,1.0,69.90393536598549,7.728324954907205,82.6322603208927,562.2516161872413,-1513.1778040603403,1.0,69.90393536598549,82.6322603208927,0
v6,random,4,16,1602.496369,-663.3088799023825,-663.3088799023824,6,0.16666666666666666,0.0,191.03283041721255,196.03283041721255,-333.94916471163725,-904.2002782667937,0.3055555555555556,5.150614844936172,204.8083879046598,1
v6,random,4,16,1748.888313,-852.2348828425404,-81.24216409728407,,1.0,0.7279248539299488,104.78525819320652,110.51318304713647,-852.2348828425404,-81.24216409728407,1.0,0.7279248539299488,110.51318304713647,0
v6,random,4,7,2186.422959,-663.3088799023824,663.3088799023825,4,1.0,0.0,89.50020229629881,94.50020229629881,-663.3088799023824,663.3088799023825,1.0,0.0,94.50020229629881,0
v6,random,4,15,2216.422959,-663.3088799023824,663.3088799023825,4,0.0,0.0,220.38906021955376,225.38906021955376,-660.0071863206509,465.1441921727771,0.16666666666666666,8.102085165499602,247.87653528748672,1
v6,random,4,15,2583.414396,5.743963417062496e-14,938.0604140004557,3,1.0,0.0,107.16821770813159,112.16821770813159,5.743963417062496e-14,938.0604140004557,1.0,0.0,112.16821770813159,0
v6,random,4,5,2916.128981,222.63218833652905,583.926410617474,,0.3333333333333333,1.7399714675766518,186.95088942400096,193.69086089157761,222.63218833652905,583.926410617474,0.3333333333333333,1.7399714675766518,193.69086089157761,0
v6,random,4,9,3164.471257,356.19177462161963,1011.0460649237297,,1.0,94.21130579992418,57.701698243261376,156.91300404318554,356.19177462161963,1011.0460649237297,1.0,94.21130579992418,156.91300404318554,0
v6,random,4,5,3218.855437,557.9288366919536,1144.5671503942795,,1.0,30.07297741780276,7.488066716134693,42.56104413393746,557.9288366919536,1144.5671503942795,1.0,30.07297741780276,42.56104413393746,0
v6,random,4,17,3417.088933,1323.8812650177128,781.500151752553,,0.8888888888888888,147.77179247971182,101.83411895364635,254.6059114333582,1323.8812650177128,781.500151752553,0.8888888888888888,147.77179247971182,254.6059114333582,0
v6,random,5,2,278.470089,526.2024384631835,-558.5138305558385,,0.5277777777777778,19.89554207282572,147.50142918249833,172.39697125532405,526.2024384631835,-558.5138305558385,0.5277777777777778,19.89554207282572,172.39697125532405,0
v6,random,5,8,303.824706,610.9693846515495,-605.1999654391288,,0.25,4.30362142198328,215.59641955780776,224.90004097979104,610.9693846515495,-605.1999654391288,0.25,4.30362142198328,224.90004097979104,0
v6,random,5,7,517.982458,558.317800928657,-1165.02461502133,,0.75,39.35596444323642,104.32116029526235,148.67712473849878,1299.799257500924,-1100.3198537456997,0.8333333333333334,47.87364395585814,177.02040917479124,1
v6,random,5,1,559.039201,600.7681488214232,-1335.0903330480119,,0.8055555555555556,16.390432516849614,128.8057769815293,150.19620949837892,704.3215394146969,-1414.5496443469574,0.8611111111111112,29.718485457643737,152.82832806816305,1
v6,random,5,4,666.388382,1047.0613124304396,-1377.7369184941904,,0.9166666666666666,0.8351971695499287,110.74803815719171,116.58323532674164,1480.074014322659,-627.7369184941904,0.9444444444444444,185.24389017239696,300.33184945640113,1
v6,random,5,1,720.144047,1224.304829093605,-1258.2132480890882,,1.0,1.0021450489889503,6.715710785067838,12.717855834056788,1224.304829093605,-1258.2132480890882,1.0,1.0021450489889503,12.717855834056788,0
v6,random,5,2,978.311261,411.9170154360579,-897.7288834554214,,1.0,18.331447999105194,5.71252732065179,29.043975319756985,411.9170154360579,-897.7288834554214,1.0,18.331447999105194,29.043975319756985,0
v6,random,5,3,1169.775194,-1.7231890251187485e-13,-938.0604140004557,7,0.3611111111111111,0.0,176.3538261157562,181.3538261157562,-1.7231890251187485e-13,-938.0604140004557,0.3611111111111111,0.0,181.3538261157562,0
v6,random,5,15,1507.080545,-960.5313485225834,-92.48797016129174,,0.5,4.9535074359392866,170.20382076287441,180.1573281988137,-1210.5313485225834,-25.50067205351104,0.8055555555555556,84.18686545016965,217.27009658077532,1
v6,random,5,15,1556.116267,-938.0604140004557,1.148792683412499e-13,5,0.027777777777777776,0.0,258.2058970777657,263.2058970777657,-1690.0915464670704,-174.64822253138993,1.0,282.56187850296806,342.5537239301536,1
v6,random,5,6,1580.116267,-938.0604140004557,1.148792683412499e-13,5,0.16666666666666666,0.0,186.91346907483728,191.91346907483728,-746.1871880334745,-421.0458358324189,0.4166666666666667,126.73105635507727,313.9864239106058,1
v6,random,5,15,1670.410557,-1254.2189501830462,-175.2295330179692,,0.0,60.116821154914874,209.82488170629085,274.9417028612057,-1687.2316520752656,74.77046698203083,1.0,181.15837454306995,291.21149464529526,1
v6,random,5,15,1780.142033,-1685.557950623574,-425.4411400033534,,1.0,163.6065856815004,6.97265634130649,175.5792420228069,-1685.557950623574,-425.4411400033534,1.0,163.6065856815004,175.5792420228069,0
v6,random,5,6,1967.877555,-988.3920492277225,117.55593963368548,,1.0,4.869481639114838,6.35068452159229,16.220166160707127,-988.3920492277225,117.55593963368548,1.0,4.869481639114838,16.220166160707127,0
v6,random,5,18,2136.924844,-663.3088799023824,663.3088799023825,4,0.4166666666666667,0.0,170.36982356229436,175.36982356229436,-663.3088799023824,663.3088799023825,0.4166666666666667,0.0,175.36982356229436,0
v6,random,5,12,3027.623645,663.3088799023825,663.3088799023825,2,0.08333333333333333,0.0,231.05096752367197,236.05096752367197,663.3088799023825,663.3088799023825,0.08333333333333333,0.0,236.05096752367197,0
v6,random,5,12,3213.978449,973.9076766537027,995.4161032449098,,1.0,72.72774559848557,7.217701884948032,84.9454474834336,973.9076766537027,995.4161032449098,1.0,72.72774559848557,84.9454474834336,0
v6,random,5,17,3299.968763,757.1341305094309,1331.5269281593723,,0.9166666666666666,79.99031364675182,101.32743288507339,186.3177465318252,757.1341305094309,1331.5269281593723,0.9166666666666666,79.99031364675182,186.3177465318252,0
v6,random,6,16,507.523108,837.9656458742098,1252.5227758089973,,0.7777777777777778,28.710297936260076,138.30508090454165,172.01537884080173,1337.9656458742097,386.4973720245587,0.8611111111111112,157.02503853672624,294.80412963507945,1
v6,random,6,16,631.956218,1294.6493469476743,907.829562204985,,1.0,53.40775883631068,6.417669682840302,64.82542851915098,1294.6493469476743,907.829562204985,1.0,53.40775883631068,64.82542851915098,0
v6,random,6,1,1002.557584,870.9117521909885,-488.0579061749789,,1.0,12.39195071985182,105.56437541693714,122.95632613678896,870.9117521909885,-488.0579061749789,1.0,12.39195071985182,122.95632613678896,0
v6,random,6,20,1203.006605,1086.2021285925916,-618.7736635804457,,0.8888888888888888,53.29006145906192,29.872167843719872,88.16222930278178,663.3088799023823,-663.3088799023825,1.0,0.0,95.04840669761073,1
v6,random,6,9,1470.1259,971.2409742618822,-1074.134619384845,,0.2777777777777778,9.620795298609892,168.88710011821013,183.50789541682002,479.7595176896149,-1571.8520825526946,0.75,106.46859294858973,220.30244533248813,1
v6,random,6,12,1485.375444,932.0083698792295,-1098.622464720759,,1.0,12.430322651376514,55.3541591866269,72.78448183800342,932.0083698792295,-1098.622464720759,1.0,12.430322651376514,72.78448183800342,0
v6,random,6,2,1562.765041,1023.2406011573067,-1443.714545490883,,0.75,0.12598352972565863,120.08679109355752,125.21277462328318,157.21519737286826,-1443.7145454908828,0.8333333333333334,84.29035717293993,197.65167885152317,1
v6,random,6,9,1620.700645,792.0299402855819,-1483.906629443877,,0.9722222222222222,0.4617633259176728,12.792522648215824,18.254285974133495,1042.029940285582,-1483.906629443877,1.0,12.365982764108253,72.67478818358654,1
v6,random,6,18,1852.146345,-1.7231890251187485e-13,-938.0604140004557,7,0.4166666666666667,0.0,166.94067285080482,171.94067285080482,-1.7231890251187485e-13,-938.0604140004557,0.4166666666666667,0.0,171.94067285080482,0
v6,random,6,3,1900.146345,-1.7231890251187485e-13,-938.0604140004557,7,0.2777777777777778,0.0,198.6313979553736,203.6313979553736,-204.47223455731262,-975.7320292642964,0.4444444444444444,20.91081786240568,206.49878166262602,1
v6,random,6,3,2018.918769,56.02057829605654,-1479.0296349964747,,1.0,150.31932889146742,7.347848471353662,162.6671773628211,56.02057829605654,-1479.0296349964747,1.0,150.31932889146742,162.6671773628211,0
v6,random,6,18,2178.840951,-405.7543820078397,-863.3472154250983,,1.0,8.2244961617115,6.605153480181205,19.829649641892704,-405.7543820078397,-863.3472154250983,1.0,8.2244961617115,19.829649641892704,0
v6,random,6,8,2335.344025,-617.3571029538705,-508.5894289596133,,1.0,24.436783448915094,6.651042155604665,36.08782560451976,-617.3571029538705,-508.5894289596133,1.0,24.436783448915094,36.08782560451976,0
v6,random,6,14,2479.416912,-938.0604140004557,1.148792683412499e-13,5,0.4722222222222222,0.0,185.9594797662808,190.9594797662808,-1210.7438021722226,-24.53236307856821,0.75,86.98416039697105,229.38793300701187,1
v6,random,6,14,2554.422436,-1086.2966988162498,-72.52667704606881,,1.0,63.939151251750616,104.90884065851031,173.84799191026093,-1086.2966988162498,-72.52667704606881,1.0,63.939151251750616,173.84799191026093,0
v6,random,6,10,2900.925765,-750.1591501706013,485.3342552317063,,0.25,31.55228393322085,218.72879724296575,255.2810811761866,-750.1591501706013,485.3342552317063,0.25,31.55228393322085,255.2810811761866,0
v6,random,6,19,2939.968529,-897.7170807341131,559.646193793042,,1.0,18.521767768377117,6.937752970129624,30.45952073850674,-897.7170807341131,559.646193793042,1.0,18.521767768377117,30.45952073850674,0
v6,random,6,6,2989.471379,-778.0986614316164,705.3000907421408,,0.08333333333333333,17.87290142103518,239.51718201474034,262.3900834357755,-778.0986614316164,705.3000907421408,0.08333333333333333,17.87290142103518,262.3900834357755,0
v6,random,6,4,3011.328832,-712.6128718101868,749.999999999999,,0.25,11.050317581113688,186.78584812570443,202.83616570681812,-462.6128718101868,749.999999999999,0.3333333333333333,16.273993950486158,216.11559866078682,1
v6,random,6,4,3086.862416,-977.6226540715082,982.6896547802385,,1.0,24.065707286782185,7.232213621472514,36.297920908254696,-977.6226540715082,982.6896547802385,1.0,24.065707286782185,36.297920908254696,0
v6,random,6,6,3139.663058,-871.5066638175883,1150.714916464011,,1.0,15.687440675017967,55.09743564786602,75.78487632288399,-871.5066638175883,1150.714916464011,1.0,15.687440675017967,75.78487632288399,0
v6,random,6,15,3414.349405,-42.72768379416004,1222.847781572207,,0.7222222222222222,255.61633799269597,134.72665012365786,395.34298811635387,-42.72768379416004,1222.847781572207,0.7222222222222222,255.61633799269597,395.34298811635387,0
v6,random,7,18,282.096115,-533.146795258142,576.8311963683135,,0.3333333333333333,0.7381891501142945,170.35597832267575,176.09416747279005,-533.146795258142,576.8311963683135,0.3333333333333333,0.7381891501142945,176.09416747279005,0
v6,random,7,5,308.874675,-477.01988965287705,664.2582172370214,,0.3333333333333333,26.782684605032046,168.7142771345201,200.49696173955215,-477.01988965287705,664.2582172370214,0.3333333333333333,26.782684605032046,200.49696173955215,0
v6,random,7,5,530.2842,-956.4337006714161,1031.6691024759796,,1.0,0.46614209872859647,56.142895100492126,61.60903719922072,-956.4337006714161,1031.6691024759796,1.0,0.46614209872859647,61.60903719922072,0
v6,random,7,4,581.801509,-771.3857878528688,1164.1564799876571,,0.75,29.182987262854112,101.36792362673759,135.5509108895917,-698.1624831495055,1420.3924865832396,0.8611111111111112,75.13523483804124,200.35554768792912,1
v6,random,7,10,734.032475,-1428.63997491372,1069.088745147676,,0.5833333333333334,27.34693046257189,137.93747259400737,170.28440305657927,-1428.6399749137202,203.0633413632375,0.75,141.45636008368956,273.1720283672392,1
v6,random,7,1,887.595495,-1293.0683628987374,650.311058380659,,0.3055555555555556,0.027714834810240063,168.07007217841303,173.09778701322327,-1478.3636016231071,841.8423037006112,0.5,55.44090897811475,226.41697428331662,1
v6,random,7,16,1223.796399,-916.0344676368707,-469.92450317162235,,0.8333333333333334,41.38265719807896,125.37682647108068,171.75948366915964,-1099.0471695290898,-652.9372050638415,1.0,93.45704336809649,204.02825894673026,1
v6,random,7,9,1478.254704,-112.12455164805561,-955.9754252784828,,0.16666666666666666,3.9303964654341144,214.2595092046924,223.1899056701265,-112.12455164805579,-1455.975425278483,0.5,122.90962167087491,278.3696425493644,1
v6,random,7,9,1548.964052,-1.7231890251187485e-13,-938.0604140004557,7,0.027777777777777776,0.0,220.5165779582518,225.5165779582518,-497.2674615150373,-1498.477862075884,1.0,260.1992438094443,272.12878613147853,1
v6,random,7,9,1625.419755,-22.03619373178151,-676.7092581709521,,0.1111111111111111,7.785298145749721,265.72607300405565,278.51137114980537,-497.0361937317816,-1499.4333917661688,1.0,295.0963974591932,307.1911374434979,1
v6,random,7,6,2085.774817,938.0604140004557,0.0,1,0.3055555555555556,0.0,176.23958424803672,181.23958424803672,951.913327867399,-167.6417489614263,0.3611111111111111,2.508084886934057,193.99432318556666,1
v6,random,7,6,2213.200254,410.1584581010439,161.7527581642903,,1.0,99.13370620263845,6.013795156918205,110.14750135955666,410.1584581010439,161.7527581642903,1.0,99.13370620263845,110.14750135955666,0
v6,random,7,2,2331.564604,663.3088799023825,663.3088799023825,2,0.16666666666666666,0.0,191.29241442249076,196.29241442249076,724.4679905986025,336.19218118121387,0.3333333333333333,26.08687857323264,218.19705990080877,1
v6,random,7,3,2533.654108,163.5291979016962,1168.2405083160522,,0.4444444444444444,31.79886186685451,182.84655475228163,219.64541661913614,230.51649600947684,1418.2405083160522,0.5833333333333334,124.89035742268936,274.0724805225698,1
v6,random,7,3,2556.203291,244.81055997113606,1201.2963072820517,,0.4444444444444444,34.96533191395997,163.33692184461754,203.3022537585775,177.82326186335536,1451.2963072820517,1.0,104.65550419986482,214.7242229367983,1
v6,random,7,3,2612.775907,177.78204599270873,1450.2953944193407,,1.0,81.9385181216561,104.96722728765651,191.9057454093126,177.78204599270873,1450.2953944193407,1.0,81.9385181216561,191.9057454093126,0
v6,random,7,19,2855.1399,60.570995906435314,1225.180411906242,,0.5277777777777778,25.988224697777127,149.2361543249053,180.22437902268243,60.570995906435314,1225.180411906242,0.5277777777777778,25.988224697777127,180.22437902268243,0
v6,random,7,9,3901.459499,-747.0361937317815,-1066.4206898739494,,1.0,206.86165744681944,104.71834749930014,316.5800049461196,-747.0361937317815,-1066.4206898739494,1.0,206.86165744681944,316.5800049461196,0
v6,random,8,5,473.096434,-312.83691163634177,-880.7050718266819,,0.3611111111111111,10.17038980512848,206.1168712315549,221.2872610366834,-312.83691163634194,-1380.7050718266821,0.8611111111111112,145.93183759037197,273.3125296114612,1
v6,random,8,5,608.368481,-786.1184697487508,-1290.9875517607356,,1.0,182.87386746431594,6.673865678081305,194.54773314239725,-786.1184697487508,-1290.9875517607356,1.0,182.87386746431594,194.54773314239725,0
v6,random,8,12,722.994162,-433.37283859177614,-877.9996748365022,,0.4722222222222222,6.55593355950009,182.66975133530298,194.22568489480307,-450.40992544724196,-748.5901522852416,0.5,30.78647663160791,224.38711988114767,1
v6,random,8,12,951.30378,82.34039731826681,-1241.1064322525508,,1.0,100.31039192557932,7.758015898329351,113.06840782390867,82.34039731826681,-1241.1064322525508,1.0,100.31039192557932,113.06840782390867,0
v6,random,8,9,1176.338438,663.3088799023823,-663.3088799023825,8,0.25,0.0,175.69898945894568,180.69898945894568,909.062548064468,-330.0684159165014,0.3611111111111111,12.736456495252696,199.18579932537418,1
v6,random,8,16,1206.338438,663.3088799023823,-663.3088799023825,8,0.3055555555555556,0.0,164.43214650476023,169.43214650476023,663.3088799023823,-663.3088799023825,0.3055555555555556,0.0,169.43214650476023,0
v6,random,8,9,1291.600305,631.0860794071639,-358.6991295519554,,1.0,0.04770346473844711,55.43393978986488,60.48164325460333,631.0860794071639,-358.6991295519554,1.0,0.04770346473844711,60.48164325460333,0
v6,random,8,16,1402.156125,416.5118961054321,-284.4755376873989,,0.8333333333333334,42.43652289246336,40.63787111852764,88.074394010991,849.5245979976514,-34.47553768739894,1.0,7.380620281086408,117.55414503904856,1
v6,random,8,2,1600.794074,938.0604140004557,0.0,1,0.4166666666666667,0.0,163.5295920563699,168.5295920563699,452.3054682110924,697.3417629227829,0.6111111111111112,1.6285298674303021,170.38063429307522,1
v6,random,8,2,1702.710585,541.6752230108989,212.1397058172767,,1.0,82.6340021439081,6.337496046569269,93.97149819047738,541.6752230108989,212.1397058172767,1.0,82.6340021439081,93.97149819047738,0
v6,random,8,4,1815.020458,663.3088799023825,663.3088799023825,2,1.0,0.0,146.60077629958644,151.60077629958644,663.3088799023825,663.3088799023825,1.0,0.0,151.60077629958644,0
v6,random,8,7,2530.821271,-663.3088799023824,663.3088799023825,4,0.3611111111111111,0.0,181.8241601994166,186.8241601994166,-663.3088799023824,663.3088799023825,0.3611111111111111,0.0,186.8241601994166,0
v6,random,8,13,2554.821271,-663.3088799023824,663.3088799023825,4,0.2222222222222222,0.0,209.4444594861546,214.4444594861546,-663.3088799023824,663.3088799023825,0.2222222222222222,0.0,214.4444594861546,0
v6,random,8,7,2720.911736,-1294.8636340897506,818.9585413779367,,1.0,77.05685006745284,55.41025369796495,137.4671037654178,-1294.8636340897506,818.9585413779367,1.0,77.05685006745284,137.4671037654178,0
v6,random,8,17,2822.919278,-1404.1486080536952,1130.0849204841309,,0.8611111111111112,28.483748060899416,102.5495182704746,136.03326633137402,-1404.1486080536952,1130.0849204841309,0.8611111111111112,28.483748060899416,136.03326633137402,0
v6,random,8,13,3028.181414,-1274.1638765297362,194.7140860637111,,0.75,0.9094305857361746,57.931895338910145,63.84132592464632,-1524.1638765297362,627.7267879559305,1.0,8.295331620796418,118.50717887498006,1
v6,random,8,19,3124.842655,-938.0604140004557,1.148792683412499e-13,5,0.08333333333333333,0.0,223.48630727174503,228.48630727174503,-1450.0585296060294,-251.51359815918892,0.1388888888888889,114.0878890053875,355.80555484318836,1
v6,random,8,19,3300.705163,-1066.6075533390895,595.5983563546762,,1.0,121.86250762634714,59.94980784988906,186.8123154762362,-1066.6075533390895,595.5983563546762,1.0,121.86250762634714,186.8123154762362,0
v6,random,9,9,581.204155,663.3088799023825,663.3088799023825,2,0.16666666666666666,0.0,213.27152024957536,218.27152024957536,1625.08531139307,616.1513112154664,0.3055555555555556,183.03200485973844,363.1648688483574,1
v6,random,9,18,715.352364,994.8956737608295,946.0109418131508,,1.0,2.3756909872802225,7.1082786109794,14.483969598259623,994.8956737608295,946.0109418131508,1.0,2.3756909872802225,14.483969598259623,0
v6,random,9,9,760.516091,1055.8531761853092,1087.653768264229,,1.0,1.3876138110249485,55.220579424218364,61.60819323524331,1055.8531761853092,1087.653768264229,1.0,1.3876138110249485,61.60819323524331,0
v6,random,9,8,1043.33741,121.90779853757556,953.5312399158765,,0.3333333333333333,4.718576294616241,192.82350168000667,202.5420779746229,987.9332023220143,1453.5312399158765,0.5833333333333334,135.674444035571,285.53964528191375,1
v6,random,9,8,1109.91452,5.743963417062496e-14,938.0604140004557,3,0.05555555555555555,0.0,240.17166658437523,245.17166658437523,-8.66309640435179,1609.868988837969,1.0,220.95788871955654,330.9770208331091,1
v6,random,9,6,1121.91452,5.743963417062496e-14,938.0604140004557,3,0.16666666666666666,0.0,188.95985712579565,193.95985712579565,-573.5522360354835,746.7883848579056,0.3333333333333333,1.844289173534662,195.39314679684935,1
v6,random,9,8,1182.98912,16.89085253943614,783.6082570842319,,0.0,2.3331413724206413,274.3956010219843,281.72874239440495,491.89085253943654,1606.3323906794485,1.0,299.1276004887111,311.3539970625387,1
v6,random,9,8,1378.071862,491.7824677870862,1606.8725949613931,,1.0,342.38629972560807,7.027062854332275,354.4133625799403,491.7824677870862,1606.8725949613931,1.0,342.38629972560807,354.4133625799403,0
v6,random,9,6,1647.637477,-488.9999483059769,764.5833422541943,,1.0,0.5819774857349103,104.9085930840871,110.49057056982201,-488.9999483059769,764.5833422541943,1.0,0.5819774857349103,110.49057056982201,0
v6,random,9,19,1981.631994,-750.061804085466,522.5233689662643,,0.2777777777777778,1.1089888885062464,217.08363135409544,223.1926202426017,-750.061804085466,522.5233689662643,0.2777777777777778,1.1089888885062464,223.1926202426017,0
v6,random,9,20,2098.694886,-938.0604140004557,1.148792683412499e-13,5,0.16666666666666666,0.0,188.11181656342455,193.11181656342455,-938.0604140004557,1.148792683412499e-13,0.16666666666666666,0.0,193.11181656342455,0
v6,random,9,1,2170.694886,-938.0604140004557,1.148792683412499e-13,5,0.3333333333333333,0.0,165.21357611339403,170.21357611339403,-663.7942070764279,-199.16897873742874,0.4166666666666667,6.167368618330215,203.53248098698828,1
v6,random,9,20,2321.909671,-563.2598527426752,227.29168138198838,,1.0,15.87562161003791,56.99969887115008,77.875320481188,-563.2598527426752,227.29168138198838,1.0,15.87562161003791,77.875320481188,0
v6,random,9,2,2431.934227,-491.1806592517833,-127.65512201338674,,1.0,12.275798593967124,6.7611242790255375,24.036922872992662,-491.1806592517833,-127.65512201338674,1.0,12.275798593967124,24.036922872992662,0
v6,random,9,14,2765.052398,-1.7231890251187485e-13,-938.0604140004557,7,0.1388888888888889,0.0,199.13814843300617,204.13814843300617,-214.30145981189554,-830.0274225279004,0.16666666666666666,54.3014200423965,280.7222977628301,1
v6,random,9,12,2777.052398,-1.7231890251187485e-13,-938.0604140004557,7,0.4166666666666667,0.0,159.52131006339806,164.52131006339806,174.83941586422281,-696.1225921274987,0.5,18.379466095377722,211.11422911054018,1
v6,random,9,5,2801.052398,-1.7231890251187485e-13,-938.0604140004557,7,0.3888888888888889,0.0,187.96169632309852,192.96169632309852,110.05374246377556,-981.6544399511936,0.5277777777777778,8.170301427320908,197.186839009545,1
v6,random,9,5,2884.466991,213.59138639816393,-1185.7607275866287,,1.0,10.318853820779083,104.80631826576135,120.12517208654043,213.59138639816393,-1185.7607275866287,1.0,10.318853820779083,120.12517208654043,0
v6,random,9,12,3048.151234,30.833907432920114,-1520.3951510628015,,1.0,37.118387539247124,55.40086856540414,97.51925610465126,30.833907432920114,-1520.3951510628015,1.0,37.118387539247124,97.51925610465126,0
v6,random,9,16,3329.962519,663.3088799023823,-663.3088799023825,8,0.16666666666666666,0.0,202.56877552624223,207.56877552624223,1462.612871810185,-750.0000000000005,0.19444444444444445,160.79828628235174,381.86367623428123,1
v6,random,9,11,3455.149313,1168.5559221330159,-766.6264981532688,,0.7222222222222222,49.36488923184334,104.94921285832012,159.31410209016346,991.7792268363788,-1443.4031934499058,0.8611111111111112,160.77779003530094,271.7807724027772,1
v6,random,9,11,3542.105669,1212.3122453273177,-1148.912259822556,,1.0,76.95635630525949,6.531732794463357,88.48808909972284,1212.3122453273177,-1148.912259822556,1.0,76.95635630525949,88.48808909972284,0
v6,min_reff,10000,10,281.630341,-536.7952817431922,-570.243298757538,,0.3333333333333333,17.963643718224148,168.8822369655033,191.84588068372744,-411.7952817431921,-786.7496497036477,0.3611111111111111,0.1853330530382209,205.4119950385061,1
v6,min_reff,10000,4,652.36248,-938.0604140004557,1.148792683412499e-13,5,0.3333333333333333,0.0,175.1503460609564,180.1503460609564,-938.0604140004557,1.148792683412499e-13,0.3333333333333333,0.0,180.1503460609564,0
v6,min_reff,10000,1,868.257324,-1355.6601268893269,-654.5991235304151,,0.8333333333333334,26.55154221775956,118.70692379367802,150.25846601143758,-1355.6601268893269,-654.5991235304151,0.8333333333333334,26.55154221775956,150.25846601143758,0
v6,min_reff,10000,19,946.573508,-1618.6823779761037,-406.4861320709782,,1.0,3.3110321266697156,96.50531143042639,104.8163435570961,-1618.6823779761037,-406.4861320709782,1.0,3.3110321266697156,104.8163435570961,0
v6,min_reff,10000,14,1258.408518,-702.4850122557203,588.1669523620883,,0.25,0.015537383104629043,201.37038502702018,206.3859224101248,-652.5348010034055,467.5764749133487,0.3333333333333333,6.957700247617595,219.94245269950636,1
v6,min_reff,10000,3,1287.356767,-663.3088799023824,663.3088799023825,4,0.0,0.0,213.12094831765734,218.12094831765734,-297.69129530196875,945.9815783700764,0.4444444444444444,45.42382648358239,219.52326275229177,1
v6,min_reff,10000,3,1475.884183,-632.8965142853825,267.17486988285555,,1.0,57.177450467851145,58.744462667046115,120.92191313489727,-632.8965142853825,267.17486988285555,1.0,57.177450467851145,120.92191313489727,0
v6,min_reff,10000,13,1961.018682,663.3088799023825,663.3088799023825,2,0.3333333333333333,0.0,195.05798718094525,200.05798718094525,808.8270661256067,741.5078910464773,0.6111111111111112,39.984745547924035,203.4756174668031,1
v6,min_reff,10000,13,2087.89834,1123.3771489245694,893.4018748586074,,1.0,141.77147042716308,105.07422981752856,251.84570024469164,1123.3771489245694,893.4018748586074,1.0,141.77147042716308,251.84570024469164,0
v6,min_reff,10000,9,2637.264703,1119.1239656276437,-532.1894532475694,,0.25,4.8839436970570205,175.0817871992089,184.9657308962659,1295.9006609242806,-855.4127579509326,0.6666666666666666,81.58368717930387,213.70434555529965,1
v6,min_reff,10000,9,2666.777412,1121.9766360314616,-654.7197957294331,,0.1388888888888889,19.14460522820832,195.72977547520125,219.87438070340957,1496.9766360314616,-871.2261466755429,1.0,182.90721887467362,243.09004126963097,1
v6,min_reff,10000,2,2887.331946,1021.6911733952404,-840.1221950131917,,0.75,15.525555240235917,124.59070749603127,145.11626273626717,1771.6911733952406,-407.1094931209725,0.9166666666666666,104.53904866616728,203.6521148506838,1
v6,min_reff,10000,2,2917.488428,1094.0123951335663,-943.0340777840308,,0.9722222222222222,47.9448376646892,107.82317254885712,160.76801021354632,1527.0250970257855,-693.0340777840308,1.0,198.18140839687788,209.56640047748905,1
v6,min_reff,10000,16,3408.938922,-1.7231890251187485e-13,-938.0604140004557,7,0.1388888888888889,0.0,207.7085690216545,212.7085690216545,223.9339440310817,-626.559230198738,0.25,52.013733855237035,281.5710263560636,1
v6,min_reff,10000,7,3438.938922,-1.7231890251187485e-13,-938.0604140004557,7,0.3888888888888889,0.0,175.9272333281196,180.9272333281196,633.638988928721,-1472.0994496341211,0.4166666666666667,83.94863400575849,271.8694562666492,1
v6,min_reff,10000,17,3557.942655,-86.02414269879296,-1408.937581813455,,1.0,6.399578537545608,104.88711246298689,116.2866910005325,-86.02414269879296,-1408.937581813455,1.0,6.399578537545608,116.2866910005325,0
v6,min_reff,10000,7,3797.559439,77.3536104469739,-1397.5185825110218,,1.0,0.42707583395051074,6.688574267158573,12.115650101109082,77.3536104469739,-1397.5185825110218,1.0,0.42707583395051074,12.115650101109082,0
v6,min_reff,10000,6,3935.110832,693.1817083701833,-1424.9966674303328,,0.7222222222222222,123.50570081591384,129.62797398879482,258.1336748047087,943.1817083701834,-1491.9839655381136,0.9166666666666666,174.2048846527069,268.9510423282707,1
v6,min_reff,10000,6,4044.4042,1186.46367540444,-1255.8796411313629,,1.0,104.293368453683,6.3868868968768435,115.68025535055985,1186.46367540444,-1255.8796411313629,1.0,104.293368453683,115.68025535055985,0
v6,min_reff,10001,20,476.112819,958.0445427504283,251.71162594602737,,1.0,65.35101580132869,6.53116584307669,76.88218164440538,958.0445427504283,251.71162594602737,1.0,65.35101580132869,76.88218164440538,0
v6,min_reff,10001,8,627.656973,663.3088799023825,663.3088799023825,2,1.0,0.0,121.14407278608178,126.14407278608178,663.3088799023825,663.3088799023825,1.0,0.0,126.14407278608178,0
v6,min_reff,10001,17,675.656973,663.3088799023825,663.3088799023825,2,0.16666666666666666,0.0,196.3251719038305,201.3251719038305,1315.8233617058627,740.378907202812,0.4166666666666667,148.91184614132362,339.8287247517418,1
v6,min_reff,10001,9,1041.076583,873.9290797465272,-578.4881155787424,,0.25,45.41164196231364,197.6383756776178,248.05001763993144,1806.9417816387465,-328.48811557874234,0.7222222222222222,238.3276029465494,355.42389335974474,1
v6,min_reff,10001,4,1477.00057,679.451966772529,-1157.8214259330575,,0.6666666666666666,98.18467163143669,117.13321400891544,220.31788564035213,645.9583177186385,-1465.8341278252767,0.9166666666666666,183.78060757495075,301.5389292671551,1
v6,min_reff,10001,2,2043.963354,-656.5725769765534,-732.486458044355,,1.0,26.544756824796366,104.92341063864268,136.46816746343904,-656.5725769765534,-732.486458044355,1.0,26.544756824796366,136.46816746343904,0
v6,min_reff,10001,5,2473.951166,-938.0604140004557,1.148792683412499e-13,5,0.3333333333333333,0.0,191.91908156968194,196.91908156968194,-973.1140756577001,225.05089005092228,0.4166666666666667,9.301279834721072,200.5390905817521,1
v6,min_reff,10001,5,2579.530464,-1369.077089182251,182.07622213545147,,1.0,37.500733347306834,55.28673154394791,97.78746489125474,-1369.077089182251,182.07622213545147,1.0,37.500733347306834,97.78746489125474,0
v6,min_reff,10001,14,2890.587364,-663.3088799023824,663.3088799023825,4,0.4444444444444444,0.0,169.21287442366673,174.21287442366673,-1548.2269256388786,544.7638920119805,0.5277777777777778,93.12045293540206,268.37782346440997,1
v6,min_reff,10001,16,3118.628402,-1291.017311174789,811.6998370589322,,0.7777777777777778,3.0099805327686227,138.051487134575,146.06146766734363,-424.99190739035026,1311.6998370589322,0.8333333333333334,96.54483606227939,236.76170408177532,1
v6,min_reff,10001,18,3172.108874,-1428.740751489668,1005.0702987816716,,0.7777777777777778,10.520992135534186,120.89051183049588,136.41150396603007,-678.7407514896679,1438.0830006738906,0.8333333333333334,56.79259622418573,182.03813726051916,1
v6,min_reff,10001,16,3313.36798,-1039.8652893032322,1401.784258438182,,1.0,63.225282572603476,6.852379339903906,75.07766191250738,-1039.8652893032322,1401.784258438182,1.0,63.225282572603476,75.07766191250738,0
v6,min_reff,10001,1,3333.054429,-1038.517898967216,1438.9909369478128,,0.75,13.439648947035323,127.55794255650208,145.99759150353742,-1038.517898967216,1438.9909369478128,0.75,13.439648947035323,145.99759150353742,0
v6,min_reff,10001,3,3626.572331,5.743963417062496e-14,938.0604140004557,3,0.16666666666666666,0.0,182.05785357300448,187.05785357300448,-452.9807729919003,879.1629159390945,0.3333333333333333,43.80571811120049,237.44788063799047,1
v6,min_reff,10001,3,3643.429744,51.27449634715552,967.8241860645837,,1.0,11.857413045246973,6.490860969833175,23.348274015080147,51.27449634715552,967.8241860645837,1.0,11.857413045246973,23.348274015080147,0
v6,min_reff,10002,6,276.891231,-758.128104164104,44.893525986579476,,0.3333333333333333,1.368804282752535,166.67040022952588,173.03920451227842,-443.42334288847377,719.3876844510659,0.4166666666666667,0.6748764251312878,188.6737264829631,1
v6,min_reff,10002,8,790.398982,-569.4726637637385,1158.1474293238991,,0.4722222222222222,11.753661201526711,140.23636837171804,156.99002957324475,-1310.9541203360056,1093.4426680482688,0.7777777777777778,96.2055194347397,224.41959640034045,1
v6,min_reff,10002,19,914.536603,-696.6687742002673,1421.773256933217,,0.9166666666666666,13.81716668215006,111.37390142398495,130.191068106135,-696.6687742002673,1421.773256933217,0.9166666666666666,13.81716668215006,130.191068106135,0
v6,min_reff,10002,9,1496.738816,-634.7541777561569,1358.9058551841285,,0.6944444444444444,95.06203608928979,131.61144289946284,231.67347898875263,-567.7668796483763,1608.9058551841285,0.8333333333333334,144.86531989725188,254.1170953907801,1
v6,min_reff,10002,9,1641.613912,11.152248345133046,1299.7451336885288,,1.0,35.965599349825766,105.05719904054868,146.02279839037445,11.152248345133046,1299.7451336885288,1.0,35.965599349825766,146.02279839037445,0
v6,min_reff,10002,12,1941.754902,297.6912953019696,945.981578370071,,0.3611111111111111,2.7335844824377773,185.35733808233124,193.09092256476902,194.13790470869577,866.5222670711254,0.4166666666666667,15.347474653405015,206.7422486909701,1
v6,min_reff,10002,2,2479.442858,1369.0352341288683,-238.66671662316247,,0.6666666666666666,131.17030509692285,117.5735261609332,253.74383125785604,1619.0352341288683,-421.67941851538177,1.0,238.36627779461156,337.29577219883265,1
v6,min_reff,10002,2,2569.738672,1712.7472558564018,13.81386562842644,,1.0,167.51204558095867,7.27849893760686,179.79054451856553,1712.7472558564018,13.81386562842644,1.0,167.51204558095867,179.79054451856553,0
v6,min_reff,10002,17,3084.561816,552.254772962041,-1531.827813828054,,1.0,135.52886818874333,84.21063804943765,224.73950623818098,552.254772962041,-1531.827813828054,1.0,135.52886818874333,224.73950623818098,0
v6,min_reff,10002,11,3199.865705,837.8947288389038,-1478.67428250254,,0.5277777777777778,27.87986592295175,158.35414942918953,191.23401535214128,-95.11797305331538,-1228.6742825025399,0.5833333333333334,63.15472701269573,215.15781398110323,1
v6,min_reff,10002,4,3581.043962,107.57483681235004,-1423.744856458637,,0.6666666666666666,22.019294631778337,110.62615875470901,137.64545338648736,-633.906619759917,-1359.040095183007,0.8333333333333334,58.46652516513387,187.46278256363578,1
v6,min_reff,10002,3,3658.889033,9.843835740663764,-1769.4202903191426,,0.6944444444444444,0.09149693598362774,128.32492656397437,133.416423499958,-740.1561642593363,-1336.4075884269232,0.75,47.1660652998288,176.7873556128904,1
v6,min_reff,10002,4,3714.868294,-219.057016756929,-1669.157822310754,,1.0,13.303370155665334,7.014988777051384,25.31835893271672,-219.057016756929,-1669.157822310754,1.0,13.303370155665334,25.31835893271672,0
v6,min_reff,10002,3,3772.211289,-443.8890665471707,-1703.9048684599322,,1.0,34.397336910760714,6.423122359955225,45.820459270715936,-443.8890665471707,-1703.9048684599322,1.0,34.397336910760714,45.820459270715936,0
v6,min_reff,10003,9,360.612083,-663.3088799023825,-663.3088799023824,6,0.3333333333333333,0.0,161.23327862947878,166.23327862947878,-663.3088799023825,-663.3088799023824,0.3333333333333333,0.0,166.23327862947878,0
v6,min_reff,10003,9,519.917463,-209.47262648750177,-461.8849055732852,,1.0,28.301019171749203,55.36628907056633,88.66730824231553,-209.47262648750177,-461.8849055732852,1.0,28.301019171749203,88.66730824231553,0
v6,min_reff,10003,14,996.337997,-1011.5872967128525,608.5562187187977,,0.6666666666666666,0.2661339598678296,117.6716987234059,122.93783268327373,-1011.5872967128525,608.5562187187977,0.6666666666666666,0.2661339598678296,122.93783268327373,0
v6,min_reff,10003,13,1244.449283,-663.3088799023824,663.3088799023825,4,0.3333333333333333,0.0,182.6246973447534,187.6246973447534,-642.9729974941715,914.555631881661,0.5,35.502104334569594,197.505695970752,1
v6,min_reff,10003,13,1359.586861,-958.7033585516804,1048.8407542717869,,1.0,33.23711672618515,55.183922864484686,93.42103959066984,-958.7033585516804,1048.8407542717869,1.0,33.23711672618515,93.42103959066984,0
v6,min_reff,10003,17,1537.601749,-989.5789681984112,1445.7834198345547,,1.0,28.842613804078155,80.84294370708227,114.68555751116043,-989.5789681984112,1445.7834198345547,1.0,28.842613804078155,114.68555751116043,0
v6,min_reff,10003,19,1866.657865,5.743963417062496e-14,938.0604140004557,3,0.3888888888888889,0.0,192.55578880460115,197.55578880460115,41.87287078595534,831.0239104798125,0.4166666666666667,8.123133556875246,198.74563777293767,1
v6,min_reff,10003,8,1890.657865,5.743963417062496e-14,938.0604140004557,3,0.3333333333333333,0.0,192.87895577823835,197.87895577823835,-503.8933940178023,1564.5535657976275,0.3611111111111111,83.9835572418308,281.20176426262145,1
v6,min_reff,10003,20,2363.828536,1172.5872866728237,545.6619200583056,,0.6388888888888888,21.754981245982208,115.85656071467389,142.6115419606561,1357.8825253971936,354.1306747383534,0.9166666666666666,55.269500763376755,178.47445189901552,1
v6,min_reff,10003,5,2470.203753,1155.2838492379437,944.4768415988441,,0.5555555555555556,0.37938799462438055,129.2426687426512,134.62205673727559,1405.2838492379437,261.4641397066248,0.7222222222222222,102.23154796722486,240.07731322802888,1
v6,min_reff,10003,3,2479.998616,1147.4559838364298,961.7612007796857,,0.4444444444444444,5.18400935748457,142.9060633420819,153.09007269956646,1397.4559838364298,278.74849888746644,0.6666666666666666,56.20718605782611,196.35520645841936,1
v6,min_reff,10003,5,2609.274956,1137.8246134881315,486.06813756608113,,1.0,5.875305147510858,104.14560442520218,115.02090957271304,1137.8246134881315,486.06813756608113,1.0,5.875305147510858,115.02090957271304,0
v6,min_reff,10003,19,2928.668644,685.2394442165947,234.35929013693135,,1.0,2.825271246084469,104.77179168652286,112.59706293260733,685.2394442165947,234.35929013693135,1.0,2.825271246084469,112.59706293260733,0
v6,min_reff,10003,7,3358.292609,1108.832599966436,-568.2293948900417,,0.6666666666666666,31.53382594592057,146.91150356398128,183.44532950990185,1358.8325999664362,-635.2166929978224,0.8333333333333334,111.64610797729324,242.42666693344893,1
v6,min_reff,10003,6,3471.942169,1646.53352747705,-592.4865367510783,,0.16666666666666666,5.876806778162859,189.62784467171912,200.50465144988198,1646.53352747705,-592.4865367510783,0.16666666666666666,5.876806778162859,200.50465144988198,0
v6,min_reff,10003,7,3506.194197,1747.8247603321383,-494.02581644651985,,1.0,48.86154660663095,55.096127759105904,108.95767436573686,1747.8247603321383,-494.02581644651985,1.0,48.86154660663095,108.95767436573686,0
v6,min_reff,10003,2,3964.09941,3.806954715956607,-1042.1377449782074,,0.0,2.6409942896352163,216.95834653265536,224.59934082229057,-252.4290518796259,-968.9144402748443,0.16666666666666666,50.508121914889585,256.0941392459647,1
v6,min_reff,10003,16,4162.3645,-247.68560994258826,-1406.798576974399,,0.75,4.5604698222777245,182.21424261550166,191.77471243777939,-1330.2173646731364,-781.7985769743987,0.8611111111111112,254.51491028907068,389.2603349370029,1
v6,min_reff,10003,15,4246.034009,-629.2800990251953,-1478.9058572272756,,0.9722222222222222,3.5027927410847894,104.63363184784151,113.1364245889263,-629.2800990251953,-1478.9058572272756,0.9722222222222222,3.5027927410847894,113.1364245889263,0
v6,min_reff,10003,16,4354.502763,-1003.4090143813472,-1178.3389875855046,,1.0,7.2995897432728,6.416482160695356,18.716071903968157,-1003.4090143813472,-1178.3389875855046,1.0,7.2995897432728,18.716071903968157,0
v6,min_reff,10004,8,792.190197,346.37917639098725,1129.7278865971305,,0.3333333333333333,9.581393926532996,163.89088840762193,178.47228233415493,1020.8733348554738,1444.4326478727608,0.5833333333333334,241.1205622407823,389.6616667840631,1
v6,min_reff,10004,8,874.06201,566.7102434824471,1444.6661511571351,,1.0,125.88306236286394,6.5895885397658684,137.4726509026298,566.7102434824471,1444.6661511571351,1.0,125.88306236286394,137.4726509026298,0
v6,min_reff,10004,6,1103.103179,5.743963417062496e-14,938.0604140004557,3,0.0,0.0,235.2980768331671,240.2980768331671,-248.48640184081262,584.033125821591,0.08333333333333333,34.841229959134125,266.4630422337924,1
v6,min_reff,10004,1,1127.103179,5.743963417062496e-14,938.0604140004557,3,0.08333333333333333,0.0,203.03613036497762,208.03613036497762,475.4475421902705,750.0,0.16666666666666666,135.1704934081016,370.099617130725,1
v6,min_reff,10004,1,1145.434644,-37.05654516064359,882.6527275988266,,1.0,20.87329634236812,6.868035264735276,32.7413316071034,-37.05654516064359,882.6527275988266,1.0,20.87329634236812,32.7413316071034,0
v6,min_reff,10004,16,1262.632396,-200.63293449057602,1367.6825416364613,,0.7777777777777778,6.143030288853765,104.42023587228904,115.5632661611428,549.367065509424,1367.6825416364613,0.8611111111111112,206.95667297040734,343.83504078774865,1
v6,min_reff,10004,6,1377.823776,-123.14695904966936,1647.9765405923472,,1.0,0.773336387865811,104.73846800519792,110.51180439306373,-123.14695904966936,1647.9765405923472,1.0,0.773336387865811,110.51180439306373,0
v6,min_reff,10004,9,1441.249764,-374.0228313589522,1787.6364807874588,,0.5833333333333334,29.771362950853245,135.07310814930153,169.84447110015478,-374.0228313589522,1787.6364807874588,0.5833333333333334,29.771362950853245,169.84447110015478,0
v6,min_reff,10004,13,1482.910719,-432.4107692668599,1619.1626211504267,,0.9444444444444444,3.389818934164623,106.11416623889733,114.50398517306195,433.6146345175788,1619.1626211504267,0.9722222222222222,272.94410536252303,381.4557885519658,1
v6,min_reff,10004,10,1548.201712,-548.3019076066216,1544.2454632209476,,0.25,1.537888032273031,198.9576828389165,205.49557087118953,-927.7114301578822,628.2698481841942,0.2777777777777778,35.421775623942494,221.8852638314312,1
v6,min_reff,10004,10,1914.006846,-968.7073135448327,1131.3692257640769,,1.0,56.42865231398628,6.893755454947726,68.322407768934,-968.7073135448327,1131.3692257640769,1.0,56.42865231398628,68.322407768934,0
v6,min_reff,10004,5,2051.342291,-663.3088799023824,663.3088799023825,4,0.3611111111111111,0.0,186.93670109564195,191.93670109564195,-735.7538241865666,1487.3805766721255,0.4166666666666667,126.84794517870864,319.9060454427258,1
v6,min_reff,10004,19,2093.342291,-663.3088799023824,663.3088799023825,4,0.3333333333333333,0.0,191.97440312299636,196.97440312299636,-663.3088799023824,663.3088799023825,0.3333333333333333,0.0,196.97440312299636,0
v6,min_reff,10004,5,2192.183931,-916.4662785284575,1016.0808925122718,,1.0,22.573478816389866,6.865437440572746,34.438916256962614,-916.4662785284575,1016.0808925122718,1.0,22.573478816389866,34.438916256962614,0
v6,min_reff,10004,17,2294.738418,-1365.9215647146366,1055.9478322452105,,0.9166666666666666,42.93343917773382,101.19155852282803,149.12499770056183,-615.9215647146366,1488.96053413743,0.9722222222222222,217.64333352660947,318.6388455442866,1
v6,min_reff,10004,14,3476.611822,664.8466447769738,-834.7361958276925,,0.6666666666666666,34.286842587888174,152.37012587671776,191.65696846460594,164.8466447769735,-1700.761599612131,0.75,230.1975452066657,376.07726238649525,1
v6,min_reff,10004,12,3508.225708,703.6075442687275,-712.6732157292744,,0.08333333333333333,1.4641171323420394,201.49290257858775,207.95701971092979,270.5948423765081,-462.6732157292744,0.5,155.97615259149978,348.0321348794205,1
v6,min_reff,10004,12,3544.970621,663.3088799023823,-663.3088799023825,8,1.0,0.0,36.58540270683162,41.58540270683162,663.3088799023823,-663.3088799023825,1.0,0.0,41.58540270683162,0
v6,min_reff,10004,14,3725.747911,576.6578804541697,-1413.5317046897046,,1.0,118.92915399525775,6.536028669657845,130.4651826649156,576.6578804541697,-1413.5317046897046,1.0,118.92915399525775,130.4651826649156,0
v6,collinear,10000,5,516.990324,-179.00558890478314,-264.55143018242825,,1.0,43.205914842640595,6.322169173348471,54.528084015989066,-179.00558890478314,-264.55143018242825,1.0,43.205914842640595,54.528084015989066,0
v6,collinear,10000,13,699.612371,-663.3088799023825,-663.3088799023824,6,0.3333333333333333,0.0,179.79691163221148,184.79691163221148,-663.3088799023825,-663.3088799023824,0.3333333333333333,0.0,184.79691163221148,0
v6,collinear,10000,19,717.612371,-663.3088799023825,-663.3088799023824,6,0.08333333333333333,0.0,205.9929205517248,210.9929205517248,-945.9815783700719,-297.69129530196415,0.1111111111111111,10.912012781764815,231.8995754931786,1
v6,collinear,10000,19,950.100427,-692.878949625851,-202.40115651624703,,0.9166666666666666,16.19484584547081,110.96552472861858,132.16037057408937,-625.8916515180704,47.59884348375289,1.0,42.93247345053692,154.56415200558433,1
v6,collinear,10000,17,1382.892828,-12.726117832985835,871.4613606744306,,0.5277777777777778,2.3917550606711302e-08,169.6952009333178,174.69520095723536,-12.726117832985835,871.4613606744306,0.5277777777777778,2.3917550606711302e-08,174.69520095723536,0
v6,collinear,10000,7,1651.931952,493.5146110321531,734.5817679035308,,1.0,1.5651008405735638,6.163442372957785,12.72854321353135,493.5146110321531,734.5817679035308,1.0,1.5651008405735638,12.72854321353135,0
v6,collinear,10000,9,1712.359113,662.7504537479778,900.11208213425,,0.25,3.14339957821403,185.15996172074503,193.30336129895906,598.0456924723477,1641.5935387065172,0.3611111111111111,190.0171130057753,362.4407553177076,1
v6,collinear,10000,6,1748.959575,704.0976066008449,1047.4216862811006,,1.0,14.932365109781813,7.342764805544899,27.275129915326712,704.0976066008449,1047.4216862811006,1.0,14.932365109781813,27.275129915326712,0
v6,collinear,10000,9,1815.080227,873.7831019796581,1253.2231721244539,,1.0,61.772676377800735,7.372445444055022,74.14512182185575,873.7831019796581,1253.2231721244539,1.0,61.772676377800735,74.14512182185575,0
v6,collinear,10000,2,1842.19975,809.4429975618398,1205.3357779751163,,0.5833333333333334,2.841293875284009,91.51802593810666,99.35931981339067,684.4429975618398,1421.842128921226,1.0,80.50286658538789,140.0211308259188,1
v6,collinear,10001,5,377.612083,5.743963417062496e-14,938.0604140004557,3,0.3333333333333333,0.0,188.38199610290965,193.38199610290965,5.743963417062496e-14,938.0604140004557,0.3333333333333333,0.0,193.38199610290965,0
v6,collinear,10001,4,586.44055,663.3088799023825,663.3088799023825,2,0.3333333333333333,0.0,185.9968480665392,190.9968480665392,716.6667371414259,1513.4483557830688,0.4166666666666667,291.8499263174224,474.9707789603657,1
v6,collinear,10001,9,616.44055,663.3088799023825,663.3088799023825,2,0.19444444444444445,0.0,214.70975062964425,219.70975062964425,567.2636059156342,1667.7682068642603,0.3333333333333333,317.69464473755556,493.95622677468657,1
v6,collinear,10001,9,815.136987,911.0978969557927,1326.3777269543298,,1.0,127.96373061945837,7.56862556697259,140.53235618643097,911.0978969557927,1326.3777269543298,1.0,127.96373061945837,140.53235618643097,0
v6,collinear,10001,1,1490.389905,15.118392032226495,-873.0661744174712,,0.4166666666666667,0.1792246564200468,193.24880907455292,198.42803373097297,15.118392032226495,-873.0661744174712,0.4166666666666667,0.1792246564200468,198.42803373097297,0
v6,collinear,10001,17,1497.908838,8.818049692178136,-868.8253430028408,,0.5277777777777778,5.97970029048156e-09,169.39786144039897,174.39786144637867,8.818049692178136,-868.8253430028408,0.5277777777777778,5.97970029048156e-09,174.39786144637867,0
v6,collinear,10001,17,1752.857039,-739.326419022661,-1090.8376231818622,,0.75,61.12519767223341,58.02363569225175,124.14883336448517,-739.326419022661,-590.8376231818622,1.0,31.66758348999008,141.1619268869729,1
v6,collinear,10001,20,1796.231069,-701.2783919933729,-943.8636121802958,,0.5277777777777778,4.648274923938857,135.1517427191137,144.80001764305257,-826.2783919933729,-727.3572612341861,0.5833333333333334,67.14063760057775,231.3075482088147,1
v6,collinear,10001,8,1803.937832,-707.7923311024292,-938.350482325011,,0.4166666666666667,1.0268196568210897,154.83934019894394,160.86615985576503,-832.7923311024291,-721.8441313789012,0.4722222222222222,20.97906497590452,202.6969103240361,1
v6,collinear,10001,8,1891.645138,-913.7393868732927,-1296.9564922439838,,1.0,26.575368467749513,7.198053645609014,38.77342211335853,-913.7393868732927,-1296.9564922439838,1.0,26.575368467749513,38.77342211335853,0
v6,collinear,10001,20,1902.471024,-928.7245686891467,-1315.868754190216,,0.8888888888888888,9.64955748570776,29.951303431679417,44.60086091738718,-428.72456868914674,-1315.868754190216,1.0,9.837383839193649,119.5187526872518,1
v6,collinear,10001,20,1911.529023,-915.0915082132369,-1300.8413282667257,,1.0,0.008431510106333917,5.937272825819282,10.945704335925615,-915.0915082132369,-1300.8413282667257,1.0,0.008431510106333917,10.945704335925615,0
v6,collinear,10001,3,2154.722363,-501.35127551848495,-740.9157788768647,,1.0,20.04069928091849,6.434272247503364,31.474971528421854,-501.35127551848495,-740.9157788768647,1.0,20.04069928091849,31.474971528421854,0
v6,collinear,10002,12,416.632685,826.181235642619,-229.26097832050607,,0.5,1.3781453617411898e-05,181.0066645812002,186.00667836265382,39.61514315712583,-832.8143689137798,0.5277777777777778,9.338353373601194,198.09859959530152,1
v6,collinear,10002,13,423.156569,824.1233050258444,-230.88156067697378,,0.5,1.0680171726562548e-05,178.64249571855652,183.64250639872824,824.1233050258444,-230.88156067697378,0.5,1.0680171726562548e-05,183.64250639872824,0
v6,collinear,10002,8,429.680421,822.0626761915203,-232.49845085729874,,0.3333333333333333,6.807895420024579e-05,208.52150243714232,213.52157051609652,822.0626761915203,-232.49845085729874,0.3333333333333333,6.807895420024579e-05,213.52157051609652,0
v6,collinear,10002,19,461.825306,909.0625480644675,-330.0684159164998,,0.3333333333333333,3.8200963158360537,193.83031695151098,202.65041326734703,909.0625480644675,-330.0684159164998,0.3333333333333333,3.8200963158360537,202.65041326734703,0
v6,collinear,10002,2,555.903313,737.5037966118847,-735.6679446716416,,0.0,0.1303355974830538,220.26615398467857,225.39648958216162,1487.5037966118848,-735.6679446716416,0.08333333333333333,106.70938560212721,322.5705911263135,1
v6,collinear,10002,12,627.752688,828.7500618788749,-1052.0184187622108,,0.6111111111111112,2.0792434438139935,86.10306303087857,93.18230647469257,587.2686053066078,-1116.723180037841,1.0,68.25670802617469,128.47196205573468,1
v6,collinear,10002,2,685.215143,803.265821797466,-1308.0656012188895,,1.0,63.80115354864847,55.69730545610159,124.49845900475006,803.265821797466,-1308.0656012188895,1.0,63.80115354864847,124.49845900475006,0
v6,collinear,10002,12,825.829949,821.4793603772787,-1023.8365272769774,,1.0,1.8364596135575084,7.323092107383911,14.159551720941419,821.4793603772787,-1023.8365272769774,1.0,1.8364596135575084,14.159551720941419,0
v6,collinear,10002,6,915.608591,663.3088799023823,-663.3088799023825,8,0.16666666666666666,0.0,181.73265943810705,186.73265943810705,24.529703404373777,-844.5601319980822,0.4166666666666667,7.041640551456794,195.0323896912839,1
v6,collinear,10002,9,927.608591,663.3088799023823,-663.3088799023825,8,0.25,0.0,175.95287546229378,180.95287546229378,663.3088799023823,-663.3088799023825,0.25,0.0,180.95287546229378,0
v6,collinear,10002,9,1022.819018,470.9255005554237,-589.5110626224937,,1.0,1.203129407241022,7.168998553861671,13.372127961102693,470.9255005554237,-589.5110626224937,1.0,1.203129407241022,13.372127961102693,0
v6,collinear,10002,19,1110.756037,275.6484651228744,-344.1230297090284,,1.0,6.8678543100448906,6.077555432486666,17.945409742531556,275.6484651228744,-344.1230297090284,1.0,6.8678543100448906,17.945409742531556,0
v6,collinear,10002,6,1182.545211,-20.00635702766698,-378.12504699472663,,1.0,39.80661831995951,56.05616627968443,100.86278459964394,-20.00635702766698,-378.12504699472663,1.0,39.80661831995951,100.86278459964394,0
v6,collinear,10002,5,1883.803594,-825.7698647906498,229.58539066208385,,0.3333333333333333,1.5234394368235371e-06,191.49786881121952,196.49787033465896,-825.7698647906498,229.58539066208385,0.3333333333333333,1.5234394368235371e-06,196.49787033465896,0
v6,collinear,10002,11,1889.855983,-825.564139043923,229.74754132087747,,0.2222222222222222,1.2241282092873007e-05,209.6504475331187,214.6504597744008,-38.99804655842979,833.3009319141512,0.25,7.173748512326711,223.6615634057804,1
v6,collinear,10002,1,1988.441555,-663.3088799023824,663.3088799023825,4,0.08333333333333333,0.0,205.99077131213346,210.99077131213346,-829.6032367655225,226.51502532322576,0.25,0.0,215.6407036135889,1
v6,collinear,10002,3,1994.441555,-663.3088799023824,663.3088799023825,4,0.16666666666666666,0.0,187.18914025239934,192.18914025239934,-902.9647115436478,334.92040553362375,0.2777777777777778,2.2618974800514025,200.55605873153652,1
v6,collinear,10002,4,2000.441555,-663.3088799023824,663.3088799023825,4,0.08333333333333333,0.0,204.79068932230183,209.79068932230183,-909.0625480644686,330.06841591649885,0.16666666666666666,3.165944846584864,219.81260224183785,1
v6,collinear,10002,17,2118.847746,-745.4846771483193,943.539527163659,,0.5833333333333334,33.13413511305782,91.3370200450384,129.47115515809622,-495.4846771483193,943.539527163659,1.0,77.2683684762851,137.65914825989327,1
v6,collinear,10002,17,2128.425622,-741.4804740867611,921.0031081275386,,1.0,4.012399727944285,6.397394964709394,15.40979469265368,-741.4804740867611,921.0031081275386,1.0,4.012399727944285,15.40979469265368,0
v6,collinear,10002,5,2137.044237,-729.644753856039,926.6017093365817,,0.8888888888888888,4.234490995832061,29.856898560494066,39.09138955632613,-971.1262104283061,861.8969480609516,1.0,37.25270478213508,97.41121192529306,1
v6,collinear,10002,5,2153.702753,-726.3210540701855,905.6781994178401,,1.0,3.6560487393648486,6.227194970422523,14.883243709787372,-726.3210540701855,905.6781994178401,1.0,3.6560487393648486,14.883243709787372,0
v6,collinear,10002,11,2195.677326,-623.7163869101698,792.1275926734606,,1.0,6.197992611434302,6.871322346060594,18.069314957494896,-623.7163869101698,792.1275926734606,1.0,6.197992611434302,18.069314957494896,0
v6,collinear,10002,4,2260.432684,-463.30093214541637,580.1090900424674,,1.0,23.385284208406404,7.427298747375428,35.812582955781835,-463.30093214541637,580.1090900424674,1.0,23.385284208406404,35.812582955781835,0
v6,collinear,10002,3,2293.068914,-412.75408925597355,524.500916251489,,0.8333333333333334,7.924113009794212,41.35982497687626,54.28393798667047,20.2586126362458,774.500916251489,1.0,0.01407428500323249,109.508007890089,1
v6,collinear,10002,3,2302.275698,-429.8353876992518,536.7750743338188,,1.0,8.325007171229117,6.181276221074117,19.506283392303235,-429.8353876992518,536.7750743338188,1.0,8.325007171229117,19.506283392303235,0
v6,collinear,10002,1,2382.784461,-115.57509382308425,639.7968960668587,,0.8888888888888888,13.343415707584995,116.76756958164017,135.11098528922517,134.42490617691578,572.809597959078,1.0,41.562521578658334,151.6524286686814,1
v6,collinear,10003,9,275.080355,-750.0,24.552457809731013,,0.08333333333333333,0.39954811403185886,209.1855880051024,214.58513611913426,-750.0,524.552457809731,0.1388888888888889,0.5792131600305765,226.00832578583874,1
v6,collinear,10003,2,385.011631,-938.0604140004557,1.148792683412499e-13,5,0.25,0.0,177.5619883836033,182.5619883836033,-750.0000000000002,524.5524578097287,0.2777777777777778,18.661604966106324,224.12586473676768,1
v6,collinear,10003,6,486.074894,-1367.824906033869,-203.04699159923956,,0.2222222222222222,0.5223314485228912,193.32048549474024,198.84281694326313,-1617.824906033869,479.9657102929798,0.9166666666666666,194.39295892436712,302.0759063584286,1
v6,collinear,10003,7,493.071972,-1368.0754500249907,-208.0260823007235,,0.75,1.9182389961042645,105.25171740633965,112.16995640244392,-1368.0754500249907,541.9739176992765,0.8333333333333334,143.0270032427743,281.7031419704721,1
v6,collinear,10003,7,572.93857,-1633.421678027426,56.01286799849551,,1.0,55.68963839030948,6.474636225104192,67.16427461541367,-1633.421678027426,56.01286799849551,1.0,55.68963839030948,67.16427461541367,0
v6,collinear,10003,2,712.15932,-1021.874394106767,47.08185040110399,,0.6111111111111112,9.438360733806348,86.49163901843569,100.92999975224204,-588.8616922145477,297.08185040110396,1.0,0.8360439426694484,110.77315579230704,1
v6,collinear,10003,15,796.71996,-750.0,274.5524578097283,,0.16666666666666666,0.0,198.52430654003953,203.52430654003953,-750.0,524.5524578097284,0.25,18.661604966106097,228.06061953821688,1
v6,collinear,10003,16,802.71996,-750.0,274.55245780972837,,0.1111111111111111,0.0,210.19833581049497,215.19833581049497,-750.0,524.5524578097284,0.16666666666666666,22.282812294119367,248.21761123901456,1
v6,collinear,10003,1,808.71996,-750.0,274.5524578097306,,0.16666666666666666,4.547473508864641e-13,198.69590881543857,203.69590881543903,-750.0000000000001,-475.4475421902694,0.25,41.37981754950806,263.92086296247635,1
v6,collinear,10003,15,926.703616,-500.6491612058154,22.1854670498555,,1.0,9.6404599430698,5.920046744547467,20.560506687617266,-500.6491612058154,22.1854670498555,1.0,9.6404599430698,20.560506687617266,0
v6,collinear,10003,16,934.905899,-489.8382422632992,20.093756917205162,,1.0,0.004615593273229024,6.2223229819540915,11.22693857522732,-489.8382422632992,20.093756917205162,1.0,0.004615593273229024,11.22693857522732,0
v6,collinear,10003,9,1007.482692,-374.99999999999994,262.2762289048655,,1.0,17.836519247727892,63.970898092636226,86.80741734036411,-374.99999999999994,262.2762289048655,1.0,17.836519247727892,86.80741734036411,0
v6,collinear,10003,14,1701.857089,750.0,475.44754219027044,,0.25,0.0,219.49147396167714,224.49147396167714,750.0,475.44754219027044,0.25,0.0,224.49147396167714,0
v6,collinear,10003,13,1707.857089,750.0,475.44754219027004,,0.3333333333333333,0.0,212.21650587031803,217.21650587031803,750.0,475.44754219027004,0.3333333333333333,0.0,217.21650587031803,0
v6,collinear,10003,17,1713.857089,750.0000000000002,475.4475421902695,,0.5,0.0,185.1394658993657,190.1394658993657,750.0000000000002,475.4475421902695,0.5,0.0,190.1394658993657,0
v6,collinear,10003,18,1835.143456,1034.9146540487957,-25.648558814674203,,0.3333333333333333,0.1407843062105485,175.680214126512,180.82099843272255,1034.9146540487957,-25.648558814674203,0.3333333333333333,0.1407843062105485,180.82099843272255,0
v6,collinear,10003,3,1841.353111,1034.2234799077116,-26.436691872107957,,0.3333333333333333,5.684341886080801e-13,172.02471034185893,177.0247103418595,961.0001752043484,-282.67269846769034,0.4444444444444444,17.85361695621225,191.91349018348228,1
v6,collinear,10003,20,1854.201657,1010.1517070940458,-50.79063322218886,,0.08333333333333333,5.590266965246485,218.10939302892808,228.69965999417457,1010.1517070940458,-50.79063322218886,0.08333333333333333,5.590266965246485,228.69965999417457,0
v6,collinear,10003,20,1927.492422,1351.1354372129053,-32.879484468624526,,1.0,28.288847823552942,7.057835463044248,40.34668328659719,1351.1354372129053,-32.879484468624526,1.0,28.288847823552942,40.34668328659719,0
v6,collinear,10003,3,1945.720228,1386.6343778866517,-30.631266923761558,,1.0,1.5517357038818886,7.0848802842705805,13.63661598815247,1386.6343778866517,-30.631266923761558,1.0,1.5517357038818886,13.63661598815247,0
v6,collinear,10003,18,1966.318035,1434.1654984570212,-31.009947105486447,,1.0,6.276384617103247,7.420307022541964,18.69669163964521,1434.1654984570212,-31.009947105486447,1.0,6.276384617103247,18.69669163964521,0
v6,collinear,10003,19,2031.47673,1321.9144917019553,182.03946565654286,,0.3333333333333333,2.871253990732953,181.15700118916783,189.02825517990078,1321.9144917019553,182.03946565654286,0.3333333333333333,2.871253990732953,189.02825517990078,0
v6,collinear,10003,5,2060.547787,1211.0001752043504,150.34000342452637,,0.0,5.493158979229122,217.8004690387342,228.29362801796333,961.0001752043502,-282.67269846769284,0.4166666666666667,67.68424474601682,252.28563841121806,1
v6,collinear,10003,19,2106.983635,1197.7078235683443,-51.401806458442046,,1.0,1.9258651172957002,6.386408411637418,13.312273528933119,1197.7078235683443,-51.401806458442046,1.0,1.9258651172957002,13.312273528933119,0
v6,collinear,10003,5,2156.817171,1264.2483892969933,-214.40840155546704,,1.0,39.00726911131713,63.698742687469576,107.7060117987867,1264.2483892969933,-214.40840155546704,1.0,39.00726911131713,107.7060117987867,0
v6,collinear,10003,8,2360.408943,750.0,-24.552457809729855,,0.0,0.0002392855584503195,229.18099333108486,234.1812326166433,750.0,475.44754219027016,0.2222222222222222,84.21540283727478,329.92975923582424,1
v6,collinear,10003,14,2495.315563,188.347566873888,-7.729425318219853,,1.0,29.64600496621722,6.364040748271745,41.01004571448897,188.347566873888,-7.729425318219853,1.0,29.64600496621722,41.01004571448897,0
v6,collinear,10004,3,324.612083,663.3088799023823,-663.3088799023825,8,0.16666666666666666,0.0,183.3362362430338,188.3362362430338,208.77243856398036,-743.0909159551509,0.25,5.979927664157003e-09,192.8001612229742,1
v6,collinear,10004,6,342.612083,663.3088799023823,-663.3088799023825,8,0.25,0.0,167.9305500839789,172.9305500839789,-6.217164419733308,-867.0611073345749,0.4166666666666667,6.753908683332384,194.75967338663932,1
v6,collinear,10004,9,360.612083,663.3088799023823,-663.3088799023825,8,0.19444444444444445,0.0,185.38332454289267,190.38332454289267,866.0790233007924,-362.7746714486717,0.25,2.8856786391315836,211.96901524470684,1
v6,collinear,10004,16,396.612083,663.3088799023823,-663.3088799023825,8,0.2222222222222222,0.0,178.75777947166006,183.75777947166006,862.8380969060605,-364.9958406211091,0.25,2.7193913167252504,208.5611406957732,1
v6,collinear,10004,3,472.363812,597.9946459798773,-882.5452084821632,,1.0,17.688377346630887,6.994800666629035,29.683178013259923,597.9946459798773,-882.5452084821632,1.0,17.688377346630887,29.683178013259923,0
v6,collinear,10004,8,479.689456,595.7864452417411,-876.2956363252638,,1.0,0.6867217627429909,6.582928290282807,12.269650053025797,595.7864452417411,-876.2956363252638,1.0,0.6867217627429909,12.269650053025797,0
v6,collinear,10004,6,580.254408,405.6408917081318,-595.9871770077988,,1.0,10.584108879090309,6.808273466313737,22.392382345404044,405.6408917081318,-595.9871770077988,1.0,10.584108879090309,22.392382345404044,0
v6,collinear,10004,9,617.09182,348.82055013140746,-506.5441362157486,,1.0,27.132268113894497,7.156863873876127,39.289131987770624,348.82055013140746,-506.5441362157486,1.0,27.132268113894497,39.289131987770624,0
v6,collinear,10004,14,1741.340514,-584.3966634024484,859.9144416816764,,1.0,9.486345473655433,6.771390503268395,21.25773597692383,-584.3966634024484,859.9144416816764,1.0,9.486345473655433,21.25773597692383,0
v6,collinear,10004,12,1815.189348,-663.3088799023824,663.3088799023825,4,0.08333333333333333,0.0,234.3095161236119,239.3095161236119,-663.3088799023824,663.3088799023825,0.08333333333333333,0.0,239.3095161236119,0
