version,suite,seed,channel,first_found_time_s,clear_time_s,supplement_measure_count,supplement_measure_points_json,supplement_measure_times_json,supplement_mec_before_json,supplement_mec_after_json,supplement_arrival_move_json,supplement_at_search_json,final_clear_mec_m,found_after_extra_move_m,off_search_supplement_move_m,off_search_supplement_count,threshold_chasing_20_30_count,first_supplement_clearable,first_supplement_bucket,waited_search_supplement_count,wait_saved_dedicated_proxy_count
v6,random,0,1,389.612083,693.672673,1,"[[1342.0589840487705,718.851449924303]]",[598.154865],[459.4679550687463],[15.193138665726364],[321.1836414873745],[false],15.193138665726364,773.7726835042754,321.1836414873745,1,0,1,le20_or_near,0,0
v6,random,0,2,11.0,782.695144,2,"[[938.0604140004557,0.0],[1364.7835889858056,319.2555990631297]]","[383.612083,502.198537]","[750.2346641618722,46.97192898991975]","[46.97192898991975,11.966219924537995]","[0.0,532.9322711215144]","[true,false]",11.966219924537995,953.0446248454834,532.9322711215144,1,0,0,30_50,0,0
v6,random,0,3,17.0,2813.905172,1,"[[-1.7231890251187485e-13,-938.0604140004557]]",[2747.975395],[750.3594050236094],[17.294380497406358],[0.0],[true],17.294380497406358,304.6488872029222,0,0,0,1,le20_or_near,1,1
v6,random,0,4,23.0,2007.372761,1,"[[5.743963417062496e-14,938.0604140004557]]",[1417.081033],[750.230800746104],[17.679802231000792],[0.0],[true],17.679802231000792,432.6269536590772,0,0,0,1,le20_or_near,0,0
v6,random,0,5,1154.488961,1639.401587,2,"[[5.743963417062496e-14,938.0604140004557],[54.21911329919271,1668.3474899262628]]","[1411.081033,1584.226184]","[599.0235365060399,45.18005994926703]","[45.18005994926703,17.328828996043498]","[0.0,666.0711232030678]","[true,false]",17.328828996043498,916.9481392508058,666.0711232030678,1,0,0,30_50,1,0
v6,random,0,6,371.612083,3165.321432,2,"[[654.0087309855882,-904.3327151831563],[810.7186874327616,-1492.422109990986]]","[2906.463129,3059.935433]","[671.0742785295366,42.06010336878017]","[42.06010336878017,19.81730745336485]","[432.789785141627,310.9696782374921]","[false,false]",19.81730745336485,1245.6894576269813,743.7594633791191,2,0,0,30_50,0,0
v6,random,0,7,2741.975395,2991.741497,1,"[[625.9106262152775,-931.1638425907705]]",[2920.233362],[608.2615319000581],[17.881713761581945],[38.85116329850344],[false],17.881713761581945,169.16288845394854,38.85116329850344,1,0,1,le20_or_near,0,0
v6,random,0,8,47.0,2400.005916,2,"[[-938.0604140004557,1.148792683412499e-13],[-643.3485822366049,-180.36787122332908]]","[2313.900885,2395.005916]","[750.3396494956897,22.413445690868816]","[22.413445690868816,0.0]","[0.0,345.5251550194859]","[true,false]",22.413445690868816,345.5251550194859,345.5251550194859,1,1,0,20_25,0,0
v6,random,0,9,359.612083,950.555266,2,"[[1412.5653626381127,405.5021525941404],[977.6284088058873,682.0563576276083]]","[527.918137,845.293021]","[589.9116970512008,58.68249445513159]","[58.68249445513159,18.12439285708609]","[98.59800144697557,282.9893866854371]","[false,false]",18.12439285708609,882.8986125313543,381.5873881324127,2,0,0,gt50,0,0
v6,random,0,10,1399.081033,1860.156343,1,"[[-239.6064505501733,1657.233344212164]]",[1754.363408],[567.0997731371491],[13.678904323580861],[544.8091043976294],[false],13.678904323580861,1048.7737778921162,544.8091043976294,1,0,1,le20_or_near,0,0
v6,random,0,12,71.0,1109.579568,2,"[[938.0604140004557,0.0],[796.6182165816278,521.6150461466018]]","[341.612083,1104.579568]","[750.2999576151594,22.71432630453832]","[22.71432630453832,0.0]","[0.0,740.1215106838914]","[true,false]",22.71432630453832,740.1215106838914,740.1215106838914,1,1,0,20_25,0,0
v6,random,0,13,77.0,1915.84737,2,"[[5.743963417062496e-14,938.0604140004557],[-431.4640828268833,966.4765323614425]]","[1387.081033,1908.979878]","[750.4017745078289,26.097495780736498]","[26.097495780736498,9.337459238283142]","[0.0,214.11767340133204]","[true,false]",9.337459238283142,223.4551326396154,214.11767340133204,1,1,0,25_30,1,0
v6,random,0,14,83.0,2433.010957,1,"[[-938.0604140004557,1.148792683412499e-13]]",[2301.900885],[750.262097462895],[17.06831578277792],[0.0],[true],17.06831578277792,140.02520365549833,0,0,0,1,le20_or_near,1,1
v6,random,0,16,2539.383323,3360.177394,2,"[[-1.7231890251187485e-13,-938.0604140004557],[674.9513326036848,-1096.2632658154575]]","[2723.975395,2960.679152]","[750.401774507826,96.79716745506072]","[96.79716745506072,15.76148972669056]","[0.0,172.22894771843175]","[true,false]",15.76148972669056,1121.5087592140867,172.22894771843175,1,0,0,gt50,1,0
v6,random,0,18,107.0,1445.011959,2,"[[5.743963417062496e-14,938.0604140004557],[45.966669872373586,991.5603945313345]]","[1363.081033,1437.188028]","[750.4017745078289,29.58023034713207]","[29.58023034713207,14.119652694972407]","[0.0,70.53497470021652]","[true,false]",14.119652694972407,84.65462739519161,70.53497470021652,1,1,0,25_30,1,0
v6,random,0,20,2557.383323,3522.259647,2,"[[-1.7231890251187485e-13,-938.0604140004557],[66.41329976559655,-1444.7776187835652]]","[2705.975395,3417.292214]","[581.0463122835552,27.27175132335278]","[27.27175132335278,15.249011593313394]","[717.9603579910229,255.57410006218876]","[true,false]",15.249011593313394,755.4112658847499,255.57410006218876,1,1,0,25_30,0,0
v6,random,1,3,17.0,4424.818878,3,"[[-663.3088799023825,-663.3088799023824],[-1.7231890251187485e-13,-938.0604140004557],[-938.0604140004557,1.148792683412499e-13]]","[324.612083,663.462026,1681.604071]","[750.4017745078321,76.97600194975165,22.029641876442657]","[76.97600194975165,22.029641876442657,15.481091657552156]","[0.0,0.0,0.0]","[true,true,true]",15.481091657552156,931.5664392403269,0,0,0,0,gt50,1,0
v6,random,1,4,330.612083,1482.936808,2,"[[-1480.7841561014377,-804.491074930372],[-1482.702735662859,-259.5755217990669]]","[1227.411184,1477.936808]","[638.1169436974886,24.560831247462193]","[24.560831247462193,0.0]","[409.916970990158,307.38916240922697]","[false,false]",24.560831247462193,717.306133399385,717.306133399385,2,1,0,20_25,0,0
v6,random,1,7,3628.678587,3967.686525,2,"[[919.4005121703482,-422.18152785732883],[1411.9205597427447,-718.1436954184135]]","[3743.197327,3863.1181]","[448.7033780289548,48.665982020967014]","[48.665982020967014,17.05519063018359]","[422.59369895948254,574.6038651872882]","[false,false]",17.05519063018359,1495.0396878844135,997.1975641467707,2,0,0,30_50,0,0
v6,random,1,8,1657.604071,2204.590257,3,"[[-663.3088799023824,663.3088799023825],[-1031.6516426140315,1102.7099469434975],[-1217.558774886104,1291.3663875052848]]","[1872.196143,2040.869538,2098.842253]","[565.3453689588829,41.79943256833645,20.0812002726232]","[41.79943256833645,20.0812002726232,15.695827094711325]","[0.0,573.366975469394,264.86357695060497]","[true,false,false]",15.695827094711325,1341.9705714404035,838.230552419999,2,1,0,30_50,1,0
v6,random,1,9,360.612083,993.77761,3,"[[-211.8316953687459,-925.4051583388955],[-1.7231890251187485e-13,-938.0604140004557],[-647.8168837077601,-1532.900336136417]]","[531.020149,633.462026,988.77761]","[512.429054121388,45.71595635506584,37.32693508240902]","[45.71595635506584,37.32693508240902,0.0]","[522.0403311284383,0.0,752.0853982087069]","[false,true,false]",37.32693508240902,1274.1257293371452,1274.1257293371452,2,0,0,30_50,0,0
v6,random,1,11,1884.196143,2741.597674,2,"[[-57.29454432632099,967.5604639517726],[-0.418588045518959,1199.3698969209838]]","[2493.862726,2637.013317]","[580.6241328764575,27.544003750864633]","[27.544003750864633,18.71512609203495]","[1416.3623467197856,261.30981818551254]","[false,false]",18.71512609203495,2175.5939509643918,1677.6721649052981,2,1,0,25_30,0,0
v6,random,1,13,77.0,832.36053,2,"[[-1.7231890251187485e-13,-938.0604140004557],[-159.60022427579588,-1364.2722852800498]]","[609.462026,772.484834]","[750.2366530312213,134.11582658318915]","[134.11582658318915,14.202430430432436]","[0.0,455.11404154182895]","[true,false]",14.202430430432436,729.4925203970863,455.11404154182895,1,0,0,gt50,0,0
v6,random,1,14,3058.888417,3373.991572,2,"[[1195.8101608939621,628.6174167459776],[1369.9407011389374,994.1046661259131]]","[3280.965344,3366.93506]","[446.22185898021553,30.921811289354263]","[30.921811289354263,10.282558184443383]","[213.16897708264983,404.8485821950203]","[false,false]",10.282558184443383,628.3001174621093,618.0175592776701,2,0,0,30_50,0,0
v6,random,1,16,396.612083,1302.030344,2,"[[-1192.1088597232279,-1095.5211358634288],[-1620.9750015424092,-556.9852397926581]]","[1139.42779,1297.030344]","[533.1271864202905,37.77980543920359]","[37.77980543920359,0.0]","[698.2509004550308,259.6309183588859]","[false,false]",37.77980543920359,957.8818188139167,957.8818188139167,2,0,0,30_50,0,0
v6,random,1,17,402.612083,1410.458976,2,"[[-1481.6046615267405,-776.0380235955474],[-1734.4934061884555,-83.25321633853656]]","[1239.10416,1405.458976]","[652.3355371775223,48.503848272869575]","[48.503848272869575,0.0]","[28.4648794027853,487.14315990201476]","[false,false]",48.503848272869575,515.6080393048001,515.6080393048001,2,0,0,30_50,0,0
v6,random,1,19,2518.751353,3232.331549,2,"[[663.3088799023825,663.3088799023825],[1094.2514660951679,564.0241858610273]]","[3076.888417,3177.334777]","[750.4018459407854,61.17774731429088]","[61.17774731429088,10.78220010998486]","[0.0,442.2317978904409]","[true,false]",10.78220010998486,692.2156594683815,442.2317978904409,1,0,0,gt50,0,0
v6,random,2,1,3116.332426,3453.649564,2,"[[-843.1157811994715,-648.2837548467596],[-974.5766121554545,-783.3906204910351]]","[3305.697991,3348.399882]","[522.4174276514004,22.540904747209993]","[22.540904747209993,17.16937401807819]","[72.84319907655569,188.50945657939246]","[false,false]",17.16937401807819,762.6010657140234,261.3526556559482,2,1,0,20_25,0,0
v6,random,2,2,318.612083,900.648634,1,"[[1526.455369940488,-560.9541203360056]]",[724.116326],[454.7682846543213],[16.455137233201587],[683.9227824469107],[false],16.455137233201587,952.5600276862463,683.9227824469107,1,0,1,le20_or_near,0,0
v6,random,2,3,1568.875218,1937.205032,2,"[[267.6377524660784,1119.0153986239861],[353.34892159957747,1429.1843521734274]]","[1763.012531,1832.371271]","[467.49646507302174,31.1863360666243]","[31.1863360666243,18.520641643714143]","[374.3965294506774,321.7936982916023]","[false,false]",18.520641643714143,1195.359032055861,696.1902277422797,2,0,0,30_50,0,0
v6,random,2,4,330.612083,1073.30965,1,"[[1158.41987015521,-937.3073020759928]]",[841.921185],[495.69226031477024],[12.787454973117484],[188.1060034253344],[false],12.787454973117484,579.5205775530295,188.1060034253344,1,0,1,le20_or_near,0,0
v6,random,2,5,29.0,3766.182784,2,"[[-559.2567774288618,-747.9218298205961],[-80.40660840971074,-1117.0961137000768]]","[3635.25518,3761.182784]","[750.2655724431476,32.338184854476786]","[32.338184854476786,0.0]","[878.0280795860245,604.6380208418892]","[false,false]",32.338184854476786,1482.6661004279138,1482.6661004279138,2,0,0,30_50,0,0
v6,random,2,6,336.612083,1363.722707,2,"[[938.0604140004557,0.0],[1336.6697612173311,-36.837876931181285]]","[1258.426752,1356.488339]","[750.4017745078323,28.731393248115747]","[28.731393248115747,11.171838311852836]","[0.0,400.30793255375346]","[true,false]",11.171838311852836,411.47977086560394,400.30793255375346,1,1,0,25_30,0,0
v6,random,2,10,59.0,3899.799079,2,"[[663.3088799023823,-663.3088799023825],[-138.53574131944833,-1214.8077104785157]]","[360.612083,3794.921783]","[750.401774507829,43.558308035150446]","[43.558308035150446,19.48337915631962]","[0.0,113.69499653823895]","[true,false]",19.48337915631962,613.0814768517785,113.69499653823895,1,0,0,30_50,1,0
v6,random,2,11,2365.347634,2697.128617,2,"[[-1445.3944893114026,1017.7025685652127],[-1541.8761384627028,548.9512417449123]]","[2591.413098,2692.128617]","[537.8624777592634,21.0706034320481]","[21.0706034320481,0.0]","[642.5148476110501,478.57759560884864]","[false,false]",21.0706034320481,1121.0924432198988,1121.0924432198988,2,1,0,20_25,0,0
v6,random,2,12,2157.753773,2456.910128,1,"[[-663.3088799023824,663.3088799023825]]",[2371.347634],[750.4017745078291],[19.820157368442427],[0.0],[true],19.820157368442427,342.81246870287555,0,0,0,1,le20_or_near,1,1
v6,random,2,13,77.0,3285.129351,2,"[[-938.0604140004557,1.148792683412499e-13],[-887.8850522843463,-590.8220805043276]]","[3092.332426,3280.129351]","[750.23466416187,28.96492027368204]","[28.96492027368204,0.0]","[0.0,473.6944143755845]","[true,false]",28.96492027368204,473.6944143755845,473.6944143755845,1,1,0,25_30,0,0
v6,random,2,14,378.612083,990.026735,1,"[[1270.7304564607007,-786.4093208821781]]",[798.299984],[555.4778181379415],[16.356318602939368],[340.9182876109165],[false],16.356318602939368,762.808792482773,340.9182876109165,1,0,1,le20_or_near,0,0
v6,random,2,15,89.0,2227.56088,1,"[[5.743963417062496e-14,938.0604140004557]]",[2151.753773],[750.3808076282722],[16.848191563244498],[0.0],[true],16.848191563244498,174.03553481164337,0,0,0,1,le20_or_near,0,0
v6,random,2,16,384.612083,581.33177,2,"[[800.0429237267915,-1136.0362205236306],[1151.5227766532696,-1132.9470598386235]]","[501.033084,576.33177]","[431.13312098732945,24.03878768665757]","[24.03878768665757,0.0]","[492.1050063872679,351.4934279996661]","[false,false]",24.03878768665757,843.5984343869341,843.5984343869341,2,1,0,20_25,0,0
v6,random,2,17,101.0,3179.390468,2,"[[-938.0604140004557,1.148792683412499e-13],[-1125.232610585494,-180.87996900672698]]","[3086.332426,3174.390468]","[750.4017745078286,41.54018633027892]","[41.54018633027892,0.0]","[0.0,260.2902118066348]","[true,false]",41.54018633027892,260.2902118066348,260.2902118066348,1,0,0,30_50,0,0
v6,random,2,19,113.0,1682.133225,1,"[[663.3088799023825,663.3088799023825]]",[1610.875218],[750.2374074317779],[16.587769721589826],[0.0],[true],16.587769721589826,301.290034132351,0,0,0,1,le20_or_near,0,0
v6,random,2,20,2383.347634,2947.57468,2,"[[-1356.467860475701,566.4979975834264],[-1039.7855649142025,199.10059111305284]]","[2740.375962,2842.384937]","[648.8237941590827,40.47469808031194]","[40.47469808031194,15.320768643498235]","[186.2367262023304,485.0448748345426]","[false,false]",15.320768643498235,1172.2303178773846,671.281601036873,2,0,0,30_50,0,0
v6,random,3,1,860.251379,1237.712859,1,"[[-1733.0079557319605,475.7943916911183]]",[1148.26552],[559.7984954768779],[19.939561859820117],[268.15543665575007],[false],19.939561859820117,690.3921310234701,268.15543665575007,1,0,1,le20_or_near,0,0
v6,random,3,2,11.0,2049.287711,2,"[[663.3088799023825,663.3088799023825],[1037.7714575451046,238.82193283739917]]","[1851.860257,2043.070043]","[750.4017745078289,28.394352537452452]","[28.394352537452452,6.088340943131765]","[171.6014727060776,566.0489292308409]","[true,false]",6.088340943131765,572.1372701739722,566.0489292308409,1,1,0,25_30,1,0
v6,random,3,5,29.0,3125.724502,2,"[[938.0604140004557,0.0],[663.3088799023823,-663.3088799023825]]","[2167.593743,2414.812926]","[750.2439684732261,21.123423818043285]","[21.123423818043285,13.68969365460672]","[0.0,0.0]","[true,true]",13.68969365460672,640.3366290535739,0,0,0,0,20_25,1,1
v6,random,3,8,585.659307,959.25751,1,"[[-938.0604140004557,1.148792683412499e-13]]",[830.251379],[664.8015341806835],[19.44499490351189],[0.0],[true],19.44499490351189,470.030654897806,0,0,0,1,le20_or_near,1,1
v6,random,3,10,2143.593743,2992.657176,2,"[[1312.2596172556487,-814.6030248343276],[1096.0587105415352,-429.2242748731097]]","[2838.648667,2937.580881]","[488.87637184848353,20.22319847976769]","[20.22319847976769,9.554321579346599]","[849.5416988120567,249.9589901298099]","[false,false]",9.554321579346599,1349.8821628606531,1099.5006889418667,2,1,0,20_25,0,0
v6,random,3,11,812.251379,1266.71579,2,"[[-1672.9755011955685,214.44511847542321],[-1408.2763641265244,696.9146272215432]]","[1088.634433,1261.71579]","[553.9443278229619,23.600561698079172]","[23.600561698079172,0.0]","[616.8846141144759,90.01465577408922]","[false,false]",23.600561698079172,706.8992698885651,706.8992698885651,2,1,0,20_25,0,0
v6,random,3,12,347.612083,2662.740327,2,"[[663.3088799023823,-663.3088799023825],[945.7057114919321,-967.1349700262052]]","[2438.812926,2557.772739]","[556.1365409180589,30.421512787238832]","[30.421512787238832,17.6321103957833]","[0.0,414.7990640439607]","[true,false]",17.6321103957833,914.6370044030857,414.7990640439607,1,0,0,30_50,0,0
v6,random,3,14,83.0,495.842605,1,"[[-1.7231890251187485e-13,-938.0604140004557]]",[335.612083],[750.4017745078289],[18.901373028630182],[0.0],[true],18.901373028630182,446.1526076637384,0,0,0,1,le20_or_near,0,0
v6,random,3,16,2125.593743,2882.589083,1,"[[663.3088799023823,-663.3088799023825]]",[2456.812926],[621.870337542455],[19.24880234204518],[0.0],[true],19.24880234204518,194.70207815230106,0,0,0,1,le20_or_near,1,1
v6,random,3,18,107.0,2222.100606,2,"[[663.3088799023825,663.3088799023825],[938.0604140004557,0.0]]","[1917.860257,2113.593743]","[750.401774507829,32.89157746069349]","[32.89157746069349,13.17360996585224]","[0.0,0.0]","[true,true]",13.17360996585224,187.5343150906841,0,0,0,0,30_50,1,1
v6,random,3,19,113.0,1811.539962,1,"[[5.743963417062496e-14,938.0604140004557]]",[1636.452879],[750.4017745078289],[19.393161183139735],[0.0],[true],19.393161183139735,550.435415004382,0,0,0,1,le20_or_near,0,0
v6,random,4,1,5.0,1019.274062,2,"[[663.3088799023823,-663.3088799023825],[1409.7860624170592,-633.9015969286386]]","[319.001698,841.240909]","[750.4017745078289,183.87230259570447]","[183.87230259570447,14.080877510131147]","[172.84892903891213,790.1622124366256]","[true,false]",14.080877510131147,1189.840052285175,790.1622124366256,1,0,0,gt50,1,0
v6,random,4,2,11.0,505.794172,1,"[[558.7570653441991,-525.6656078456265]]",[278.431912],[750.4020059506586],[16.868002328226442],[767.159559246819],[false],16.868002328226442,1256.1219297535745,767.159559246819,1,0,1,le20_or_near,0,0
v6,random,4,4,23.0,2488.755828,1,"[[-663.3088799023824,663.3088799023825]]",[2174.422959],[750.399901450908],[16.84236173924915],[0.0],[true],16.84236173924915,800.3721878867137,0,0,0,1,le20_or_near,0,0
v6,random,4,5,671.208467,3226.984635,2,"[[222.63218833652905,583.926410617474],[557.9288366919536,1144.5671503942795]]","[2916.128981,3218.855437]","[750.2588053961431,39.434376116546936]","[39.434376116546936,15.645988217129633]","[916.2533597096262,241.9209012838776]","[false,false]",15.645988217129633,1173.820249210634,1158.1742609935038,2,0,0,30_50,0,0
v6,random,4,7,41.0,2323.68139,2,"[[-938.0604140004557,1.148792683412499e-13],[-663.3088799023824,663.3088799023825]]","[1820.524143,2186.422959]","[750.4032860316709,43.361749738564534]","[43.361749738564534,15.191012185534143]","[0.0,0.0]","[true,true]",15.191012185534143,421.29215377651093,0,0,0,0,30_50,1,1
v6,random,4,9,653.208467,3263.317141,2,"[[663.3088799023825,663.3088799023825],[356.19177462161963,1011.0460649237297]]","[3029.682881,3164.471257]","[750.4017745078279,171.41939556073166]","[171.41939556073166,8.384478087714038]","[0.0,463.9418780435819]","[true,false]",8.384478087714038,620.6044101366322,463.9418780435819,1,0,0,gt50,0,0
v6,random,4,10,355.001698,1203.045739,2,"[[841.2115629818172,-1193.4161543646287],[562.2516161872413,-1513.1778040603403]]","[1108.177332,1198.045739]","[534.9876125154058,38.12576868803887]","[38.12576868803887,0.0]","[85.58263493214062,424.34203719612276]","[false,false]",38.12576868803887,509.9246721282634,509.9246721282634,2,0,0,30_50,0,0
v6,random,4,13,373.001698,1085.060805,1,"[[1352.5771111432553,-1065.6154698284429]]",[934.338494],[444.6043810568955],[14.16618407881641],[435.4879242413007],[false],14.16618407881641,739.421638655474,435.4879242413007,1,0,1,le20_or_near,0,0
v6,random,4,15,89.0,2726.878309,2,"[[-663.3088799023824,663.3088799023825],[5.743963417062496e-14,938.0604140004557]]","[2216.422959,2583.414396]","[750.3050789907952,48.24573928617567]","[48.24573928617567,16.470818035570513]","[0.0,0.0]","[true,true]",16.470818035570513,512.3195664058861,0,0,0,0,30_50,2,1
v6,random,4,16,95.0,1960.687628,2,"[[-663.3088799023825,-663.3088799023824],[-852.2348828425404,-81.24216409728407]]","[1602.496369,1748.888313]","[750.3428277108833,61.05886443307319]","[61.05886443307319,12.426588382902827]","[0.0,611.9597178206076]","[true,false]",12.426588382902827,1227.777142095042,611.9597178206076,1,0,0,gt50,1,0
v6,random,4,17,629.208467,3505.740285,1,"[[1323.8812650177128,781.500151752553]]",[3417.088933],[477.5982249929211],[15.320372289949972],[738.8589623985591],[false],15.320372289949972,1157.1157220684495,738.8589623985591,1,0,1,le20_or_near,0,0
v6,random,5,1,325.465766,720.144047,2,"[[600.7681488214232,-1335.0903330480119],[1224.304829093605,-1258.2132480890882]]","[559.039201,715.144047]","[431.2278606401093,28.103630855888902]","[28.103630855888902,0.0]","[175.28371425819273,213.77832440692686]","[false,false]",28.103630855888902,389.0620386651196,389.0620386651196,2,1,0,25_30,0,0
v6,random,5,2,11.0,978.311261,3,"[[526.2024384631835,-558.5138305558385],[663.3088799023823,-663.3088799023825],[411.9170154360579,-897.7288834554214]]","[278.470089,331.465766,973.311261]","[750.4017745078289,32.68795160356035,21.11879298742873]","[32.68795160356035,21.11879298742873,0.0]","[767.3504448208499,0.0,975.9806801687153]","[false,true,false]",21.11879298742873,1743.331124989565,1743.331124989565,2,1,0,30_50,0,0
v6,random,5,3,17.0,2573.227802,3,"[[-1.7231890251187485e-13,-938.0604140004557],[-663.3088799023825,-663.3088799023824],[-938.0604140004557,1.148792683412499e-13]]","[1169.775194,1318.367266,1592.116267]","[750.2513754551732,33.387084239229516,29.179955537556612]","[33.387084239229516,29.179955537556612,16.939517493754852]","[0.0,717.9603579910229,0.0]","[true,true,true]",16.939517493754852,526.8167020796814,0,0,0,0,30_50,1,0
v6,random,5,4,337.465766,772.115125,1,"[[1047.0613124304396,-1377.7369184941904]]",[666.388382],[439.5967620507753],[19.024659702758864],[209.5356490658424],[false],19.024659702758864,444.3910376647179,209.5356490658424,1,0,1,le20_or_near,0,0
v6,random,5,6,35.0,1967.877555,2,"[[-938.0604140004557,1.148792683412499e-13],[-988.3920492277225,117.55593963368548]]","[1580.116267,1962.877555]","[750.3526368479708,21.518634730427404]","[21.518634730427404,0.0]","[0.0,883.6776123470837]","[true,false]",21.518634730427404,883.6776123470837,883.6776123470837,1,1,0,20_25,1,0
v6,random,5,7,349.465766,618.481252,1,"[[558.317800928657,-1165.02461502133]]",[517.982458],[457.82989683557656],[19.475971026954074],[512.583462013761],[false],19.475971026954074,784.7937190484099,512.583462013761,1,0,1,le20_or_near,0,0
v6,random,5,8,47.0,2670.558972,1,"[[610.9693846515495,-605.1999654391288]]",[303.824706],[750.401774507829],[17.236580215835748],[96.7730869428175],[false],17.236580215835748,558.428934642678,96.7730869428175,1,0,1,le20_or_near,0,0
v6,random,5,9,53.0,1043.323817,1,"[[663.3088799023823,-663.3088799023825]]",[355.465766],[750.4017745078289],[17.035037937630307],[0.0],[true],17.035037937630307,300.0627795502313,0,0,0,1,le20_or_near,0,0
v6,random,5,11,65.0,3113.876199,2,"[[5.743963417062496e-14,938.0604140004557],[663.3088799023825,663.3088799023825]]","[2339.516916,3021.623645]","[750.2462545683632,27.918602456243065]","[27.918602456243065,14.339281750071757]","[0.0,0.0]","[true,true]",14.339281750071757,286.2627692166212,0,0,0,0,25_30,0,0
v6,random,5,12,2333.516916,3213.978449,2,"[[663.3088799023825,663.3088799023825],[973.9076766537027,995.4161032449098]]","[3027.623645,3208.978449]","[749.2500742453369,34.10208603882302]","[34.10208603882302,0.0]","[0.0,445.5112482069355]","[true,false]",34.10208603882302,445.5112482069355,445.5112482069355,1,0,0,30_50,1,0
v6,random,5,13,77.0,2755.318428,1,"[[663.3088799023823,-663.3088799023825]]",[373.465766],[750.4017745078274],[16.654869892337498],[0.0],[true],16.654869892337498,398.79728150905095,0,0,0,1,le20_or_near,0,0
v6,random,5,15,1348.367266,1780.142033,4,"[[-960.5313485225834,-92.48797016129174],[-938.0604140004557,1.148792683412499e-13],[-1254.2189501830462,-175.2295330179692],[-1685.557950623574,-425.4411400033534]]","[1507.080545,1556.116267,1670.410557,1775.142033]","[564.3080119166368,50.472740130649136,46.05402945743123,37.157067972748834]","[50.472740130649136,46.05402945743123,37.157067972748834,0.0]","[643.5663966136925,0.0,361.4714501074933,498.65737893993105]","[false,true,false,false]",37.157067972748834,1503.6952256611169,1503.6952256611169,3,0,0,gt50,1,0
v6,random,5,17,2315.516916,3391.733736,1,"[[757.1341305094309,1331.5269281593723]]",[3299.968763],[470.0360186594364],[16.36628500889608],[399.9515682337591],[false],16.36628500889608,833.7764322340162,399.9515682337591,1,0,1,le20_or_near,0,0
v6,random,5,18,107.0,2462.864462,2,"[[-663.3088799023824,663.3088799023825],[5.743963417062496e-14,938.0604140004557]]","[2136.924844,2309.516916]","[750.2474662025478,22.48987388371367]","[22.48987388371367,14.88784222212005]","[0.0,0.0]","[true,true]",14.88784222212005,531.737728374702,0,0,0,0,20_25,1,0
v6,random,6,1,5.0,1109.672141,2,"[[938.0604140004557,0.0],[870.9117521909885,-488.0579061749789]]","[899.02648,1002.557584]","[750.4020059506585,78.12397392383299]","[78.12397392383299,16.86407276036716]","[0.0,492.65552119377156]","[true,false]",16.86407276036716,1003.2283083441492,492.65552119377156,1,0,0,gt50,0,0
v6,random,6,2,1301.441926,1720.226905,1,"[[1023.2406011573067,-1443.714545490883]]",[1562.765041],[535.4166600128247],[18.380857194818287],[356.9479853343207],[false],18.380857194818287,486.7132712301308,356.9479853343207,1,0,1,le20_or_near,0,0
v6,random,6,3,1307.441926,2018.918769,2,"[[-1.7231890251187485e-13,-938.0604140004557],[56.02057829605654,-1479.0296349964747]]","[1900.146345,2013.918769]","[710.8750744713226,37.88350370908837]","[37.88350370908837,0.0]","[0.0,543.8621178733304]","[true,false]",37.88350370908837,543.8621178733304,543.8621178733304,1,0,0,30_50,1,0
v6,random,6,4,2515.416912,3094.269364,2,"[[-712.6128718101868,749.999999999999],[-977.6226540715082,982.6896547802385]]","[3011.328832,3086.862416]","[750.40177450783,30.28208975665129]","[30.28208975665129,12.03473882443115]","[79.28726587544114,352.66791764482923]","[false,false]",12.03473882443115,443.98992234469995,431.95518352027034,2,0,0,30_50,0,0
v6,random,6,6,2503.416912,3195.027111,2,"[[-778.0986614316164,705.3000907421408],[-871.5066638175883,1150.714916464011]]","[2989.471379,3139.663058]","[711.0239827188246,42.584957728322976]","[42.584957728322976,10.334657664953975]","[180.53310169810956,196.96847108012585]","[false,false]",10.334657664953975,629.3218396279924,377.5015727782354,2,0,0,30_50,0,0
v6,random,6,8,47.0,2342.805754,2,"[[-663.3088799023825,-663.3088799023824],[-617.3571029538705,-508.5894289596133]]","[2279.064202,2335.344025]","[750.4017745078305,29.274936917018614]","[29.274936917018614,12.308643680892441]","[0.0,161.3991149441586]","[true,false]",12.308643680892441,173.7077586250486,161.3991149441586,1,1,0,25_30,0,0
v6,random,6,9,1337.441926,1620.700645,2,"[[971.2409742618822,-1074.134619384845],[792.0299402855819,-1483.906629443877]]","[1470.1259,1615.700645]","[480.15096002567054,40.005783047214]","[40.005783047214,0.0]","[513.4198700458916,234.67802051582134]","[false,false]",40.005783047214,748.0978905617129,748.0978905617129,2,0,0,30_50,0,0
v6,random,6,10,59.0,3852.236072,1,"[[-750.1591501706013,485.3342552317063]]",[2900.925765],[750.3024954338666],[16.26248020454038],[126.0862835171533],[false],16.26248020454038,1740.6030226391965,126.0862835171533,1,0,1,le20_or_near,0,0
v6,random,6,11,65.0,2869.708508,1,"[[-938.0604140004557,1.148792683412499e-13]]",[2491.416912],[750.4017745078288],[17.194657391314962],[0.0],[true],17.194657391314962,1026.9976048361132,0,0,0,1,le20_or_near,0,0
v6,random,6,12,71.0,1689.273848,2,"[[663.3088799023823,-663.3088799023825],[932.0083698792295,-1098.622464720759]]","[1343.441926,1485.375444]","[750.3559980601576,68.2095045654104]","[68.2095045654104,11.699493764077301]","[0.0,46.247722277333615]","[true,false]",11.699493764077301,364.113739211527,46.247722277333615,1,0,0,gt50,0,0
v6,random,6,14,2291.064202,2659.308987,2,"[[-938.0604140004557,1.148792683412499e-13],[-1086.2966988162498,-72.52667704606881]]","[2479.416912,2554.422436]","[564.7511980884395,21.789497472617132]","[21.789497472617132,17.568192004979682]","[0.0,165.02761895917303]","[true,false]",17.568192004979682,664.4603725219933,165.02761895917303,1,1,0,20_25,1,0
v6,random,6,15,366.612083,3524.332724,1,"[[-42.72768379416004,1222.847781572207]]",[3414.349405],[596.267429985696],[17.188510807376428],[1066.6114686438148],[false],17.188510807376428,1591.5280618687216,1066.6114686438148,1,0,1,le20_or_near,0,0
v6,random,6,16,372.612083,631.956218,2,"[[837.9656458742098,1252.5227758089973],[1294.6493469476743,907.829562204985]]","[507.523108,626.956218]","[452.47340462967475,22.52611555736619]","[22.52611555736619,0.0]","[614.5551244837103,572.1655480110793]","[false,false]",22.52611555736619,1186.7206724947896,1186.7206724947896,2,1,0,20_25,0,0
v6,random,6,18,107.0,2185.455655,2,"[[-1.7231890251187485e-13,-938.0604140004557],[-405.7543820078397,-863.3472154250983]]","[1852.146345,2178.840951]","[750.4017745078289,20.514267022733783]","[20.514267022733783,8.073520273223375]","[629.5971994781731,769.6109119112913]","[true,false]",8.073520273223375,777.6844321845155,769.6109119112913,1,1,0,20_25,1,0
v6,random,6,19,113.0,2947.364759,2,"[[-938.0604140004557,1.148792683412499e-13],[-897.7170807341131,559.646193793042]]","[2467.416912,2939.968529]","[750.4017745078289,27.939264922954152]","[27.939264922954152,11.981147578623228]","[593.0557879985871,165.21382231801886]","[true,false]",11.981147578623228,177.19496989664137,165.21382231801886,1,1,0,25_30,0,0
v6,random,6,20,119.0,1210.535672,2,"[[938.0604140004557,0.0],[1086.2021285925916,-618.7736635804457]]","[833.02648,1203.006605]","[750.2604285655383,41.9396234244834]","[41.9396234244834,12.645336907370108]","[975.3513116378789,436.6723176040615]","[true,false]",12.645336907370108,449.3176545114253,436.6723176040615,1,0,0,30_50,0,0
v6,random,7,1,352.132957,951.562302,1,"[[-1293.0683628987374,650.311058380659]]",[887.595495],[619.7148872813384],[15.936947230938827],[273.095499930422],[false],15.936947230938827,523.1087273640543,273.095499930422,1,0,1,le20_or_near,0,0
v6,random,7,2,11.0,3283.15791,2,"[[663.3088799023825,663.3088799023825],[5.743963417062496e-14,938.0604140004557]]","[2331.564604,3139.509585]","[750.4017745078321,108.26346656131093]","[108.26346656131093,13.58281651863669]","[561.8217504788788,0.0]","[true,true]",13.58281651863669,693.241623261061,0,0,0,0,gt50,1,0
v6,random,7,3,2337.564604,2717.7443,3,"[[163.5291979016962,1168.2405083160522],[244.81055997113606,1201.2963072820517],[177.78204599270873,1450.2953944193407]]","[2533.654108,2556.203291,2612.775907]","[504.93167647960104,24.144383948694173,23.061295518901765]","[24.144383948694173,23.061295518901765,16.500818430629852]","[710.4475208720116,87.74591537583927,257.86307816622275]","[false,false,false]",16.500818430629852,1555.8984770355537,1056.0565144140737,3,2,0,20_25,0,0
v6,random,7,4,364.132957,638.756928,1,"[[-771.3857878528688,1164.1564799876571]]",[581.801509],[431.46671553364615],[10.16304062734988],[227.58654450213535],[false],10.16304062734988,487.36363891539816,227.58654450213535,1,0,1,le20_or_near,0,0
v6,random,7,5,29.0,826.976395,2,"[[-477.01988965287705,664.2582172370214],[-956.4337006714161,1031.6691024759796]]","[308.874675,530.2842]","[750.2730711578698,86.53238817854083]","[86.53238817854083,12.916999935924137]","[103.89279816618577,470.75621517442346]","[false,false]",12.916999935924137,1014.3686149876914,574.6490133406093,2,0,0,gt50,0,0
v6,random,7,6,35.0,2213.200254,2,"[[938.0604140004557,0.0],[410.1584581010439,161.7527581642903]]","[2085.774817,2208.200254]","[750.4026002735297,26.3339056497486]","[26.3339056497486,0.0]","[0.0,552.1271862679648]","[true,false]",26.3339056497486,552.1271862679648,552.1271862679648,1,1,0,25_30,1,0
v6,random,7,9,1311.441584,4006.473419,4,"[[-112.12455164805561,-955.9754252784828],[-1.7231890251187485e-13,-938.0604140004557],[-22.03619373178151,-676.7092581709521],[-747.0361937317815,-1066.4206898739494]]","[1478.254704,1548.964052,1625.419755,3901.459499]","[555.3841127971613,33.61461827033247,31.60160390428653,31.60160390428653]","[33.61461827033247,31.60160390428653,31.60160390428653,18.769130743413427]","[624.0655979106319,0.0,262.2785170150275,1034.3082872340972]","[false,true,false,false]",18.769130743413427,2420.7220040817765,1920.6524021597565,3,0,0,30_50,1,0
v6,random,7,10,388.132957,896.559657,1,"[[-1428.63997491372,1069.088745147676]]",[734.032475],[516.0501573271968],[15.61524095515219],[446.37773683330516],[false],15.61524095515219,466.19854774417877,446.37773683330516,1,0,1,le20_or_near,0,0
v6,random,7,13,77.0,1722.998167,1,"[[-1.7231890251187485e-13,-938.0604140004557]]",[1530.964052],[750.4017745078289],[19.059359774463044],[0.0],[true],19.059359774463044,462.89206203844327,0,0,0,1,le20_or_near,0,0
v6,random,7,16,95.0,3688.597842,2,"[[-938.0604140004557,1.148792683412499e-13],[-916.0344676368707,-469.92450317162235]]","[1075.708317,1223.796399]","[750.4017745078289,96.88673259004013]","[96.88673259004013,15.96837651912068]","[0.0,470.44041173596867]","[true,false]",15.96837651912068,1412.260459778267,470.44041173596867,1,0,0,gt50,0,0
v6,random,7,18,107.0,3495.233832,1,"[[-533.146795258142,576.8311963683135]]",[282.096115],[750.327394100134],[15.872452548605049],[785.4805754426567],[false],15.872452548605049,1820.8601850324694,785.4805754426567,1,0,1,le20_or_near,0,0
v6,random,7,19,424.132957,2957.196268,1,"[[60.570995906435314,1225.180411906242]]",[2855.1399],[604.832057077446],[18.81995516285433],[656.9779991421223],[false],18.81995516285433,1142.2598369503153,656.9779991421223,1,0,1,le20_or_near,0,0
v6,random,8,2,11.0,1708.694513,2,"[[938.0604140004557,0.0],[541.6752230108989,212.1397058172767]]","[1600.794074,1702.710585]","[750.4017745078273,21.595557826278764]","[21.595557826278764,4.919638765899104]","[0.0,449.5825557337252]","[true,false]",4.919638765899104,454.5021944996226,449.5825557337252,1,1,0,20_25,1,0
v6,random,8,3,17.0,1070.822606,1,"[[-1.7231890251187485e-13,-938.0604140004557]]",[876.497147],[750.402120243458],[16.76148215295367],[0.0],[true],16.76148215295367,532.2603280137488,0,0,0,1,le20_or_near,0,0
v6,random,8,4,23.0,2021.199671,2,"[[938.0604140004557,0.0],[663.3088799023825,663.3088799023825]]","[1594.794074,1815.020458]","[750.4018002236924,65.57374777410504]","[65.57374777410504,17.226371635094413]","[0.0,0.0]","[true,true]",17.226371635094413,705.8960667038792,0,0,0,0,gt50,1,1
v6,random,8,5,318.612083,608.368481,2,"[[-312.83691163634177,-880.7050718266819],[-786.1184697487508,-1290.9875517607356]]","[473.096434,603.368481]","[474.6284577781734,34.01128898200868]","[34.01128898200868,0.0]","[412.42175597737264,626.3602370761947]","[false,false]",34.01128898200868,1038.7819930535675,1038.7819930535675,2,0,0,30_50,0,0
v6,random,8,7,2358.229199,2774.799695,2,"[[-663.3088799023824,663.3088799023825],[-1294.8636340897506,818.9585413779367]]","[2530.821271,2720.911736]","[731.2333245368166,66.65976160180242]","[66.65976160180242,12.599215081528905]","[0.0,650.4523231214735]","[true,false]",12.599215081528905,894.8921172020059,650.4523231214735,1,0,0,gt50,1,0
v6,random,8,9,53.0,1347.815686,2,"[[663.3088799023823,-663.3088799023825],[631.0860794071639,-358.6991295519554]]","[1176.338438,1291.600305]","[750.4017745078274,51.791190660790605]","[51.791190660790605,7.3547093308093565]","[0.0,306.3093352810263]","[true,false]",7.3547093308093565,562.3862378784548,306.3093352810263,1,0,0,gt50,1,0
v6,random,8,12,71.0,959.37054,2,"[[-433.37283859177614,-877.9996748365022],[82.34039731826681,-1241.1064322525508]]","[722.994162,951.30378]","[750.2308921875922,38.558038301956316]","[38.558038301956316,15.333798197073445]","[543.1284072728273,314.03316737086743]","[false,false]",15.333798197073445,872.495372840765,857.1615746436947,2,0,0,30_50,0,0
v6,random,8,13,77.0,3036.500161,2,"[[-663.3088799023824,663.3088799023825],[-1274.1638765297362,194.7140860637111]]","[2554.821271,3028.181414]","[750.4017745078289,46.22801049295581]","[46.22801049295581,16.5937358339897]","[0.0,569.2609475068738]","[true,false]",16.5937358339897,585.8546833408623,569.2609475068738,1,0,0,30_50,1,0
v6,random,8,16,95.0,1410.729491,2,"[[663.3088799023823,-663.3088799023825],[416.5118961054321,-284.4755376873989]]","[1206.338438,1402.156125]","[750.287954573682,42.52241847080983]","[42.52241847080983,17.866829309343622]","[0.0,241.70219482792956]","[true,false]",17.866829309343622,259.5690241372726,241.70219482792956,1,0,0,30_50,1,0
v6,random,8,17,2572.821271,2908.329224,1,"[[-1404.1486080536952,1130.0849204841309]]",[2822.919278],[491.9995952956818],[16.10899018536561],[210.59791685851684],[false],16.10899018536561,612.6476459022329,210.59791685851684,1,0,1,le20_or_near,0,0
v6,random,8,19,378.612083,3355.153418,2,"[[-938.0604140004557,1.148792683412499e-13],[-1066.6075533390895,595.5983563546762]]","[3124.842655,3300.705163]","[750.4017745078294,208.81685379942178]","[208.81685379942178,11.01147800984362]","[0.0,609.3125381317357]","[true,false]",11.01147800984362,856.5538106327473,609.3125381317357,1,0,0,gt50,1,0
v6,random,9,1,1882.558361,2206.51288,1,"[[-938.0604140004557,1.148792683412499e-13]]",[2170.694886],[750.3663562076559],[14.26610358493071],[0.0],[true],14.26610358493071,154.0899721998286,0,0,0,1,le20_or_near,1,1
v6,random,9,2,11.0,2431.934227,2,"[[-938.0604140004557,1.148792683412499e-13],[-491.1806592517833,-127.65512201338674]]","[2164.694886,2426.934227]","[750.2620974628974,32.27897761239898]","[32.27897761239898,0.0]","[0.0,142.88587197154294]","[true,false]",32.27897761239898,142.88587197154294,142.88587197154294,1,0,0,30_50,0,0
v6,random,9,5,2562.460326,2989.416319,2,"[[-1.7231890251187485e-13,-938.0604140004557],[213.59138639816393,-1185.7607275866287]]","[2801.052398,2884.466991]","[662.4611264019995,28.048756228249996]","[28.048756228249996,17.941110546626106]","[0.0,327.0729669266145]","[true,false]",17.941110546626106,826.8196077795994,327.0729669266145,1,1,0,25_30,1,0
v6,random,9,6,35.0,1751.857662,2,"[[5.743963417062496e-14,938.0604140004557],[-488.9999483059769,764.5833422541943]]","[1121.91452,1647.637477]","[750.401774507829,67.85767230745822]","[67.85767230745822,14.281348782950863]","[0.0,1282.6035215356217]","[true,false]",14.281348782950863,1778.704446710952,1282.6035215356217,1,0,0,gt50,1,0
v6,random,9,8,575.204155,1385.116773,4,"[[121.90779853757556,953.5312399158765],[5.743963417062496e-14,938.0604140004557],[16.89085253943614,783.6082570842319],[491.7824677870862,1606.8725949613931]]","[1043.33741,1109.91452,1182.98912,1378.071862]","[550.9884200808939,44.274060789115794,39.56148126172486,39.06768780675119]","[44.274060789115794,39.56148126172486,39.06768780675119,10.224552589366652]","[1109.4177908458387,0.0,155.37300175893748,950.4137079466199]","[false,true,false,false]",10.224552589366652,2225.429053140767,2215.204500551396,3,0,0,30_50,1,0
v6,random,9,9,360.612083,815.453852,2,"[[663.3088799023825,663.3088799023825],[1055.8531761853092,1087.653768264229]]","[581.204155,760.516091]","[643.9105144018497,33.75397372565264]","[33.75397372565264,13.977017612056624]","[0.0,161.29962294254204]","[true,false]",13.977017612056624,410.9884273174157,161.29962294254204,1,0,0,30_50,1,0
v6,random,9,11,3311.962519,3542.105669,2,"[[1168.5559221330159,-766.6264981532688],[1212.3122453273177,-1148.912259822556]]","[3455.149313,3537.105669]","[431.6776497533693,27.50252625208911]","[27.50252625208911,0.0]","[246.8244461592167,384.78178152629744]","[false,false]",27.50252625208911,631.6062276855141,631.6062276855141,2,1,0,25_30,0,0
v6,random,9,12,2586.460326,3102.992773,2,"[[-1.7231890251187485e-13,-938.0604140004557],[30.833907432920114,-1520.3951510628015]]","[2777.052398,3048.151234]","[750.2750601629979,63.295186570889385]","[63.295186570889385,10.773938366993699]","[0.0,263.6745731927829]","[true,false]",10.773938366993699,512.8822688977505,263.6745731927829,1,0,0,gt50,1,0
v6,random,9,14,83.0,3206.295635,1,"[[-1.7231890251187485e-13,-938.0604140004557]]",[2765.052398],[750.3628577391625],[19.04618523009635],[0.0],[true],19.04618523009635,491.51431178974775,0,0,0,1,le20_or_near,1,1
v6,random,9,16,324.612083,3399.784424,1,"[[663.3088799023823,-663.3088799023825]]",[3329.962519],[750.4017745078285],[12.605785368294395],[0.0],[true],12.605785368294395,294.10952580874226,0,0,0,1,le20_or_near,1,1
v6,random,9,18,312.612083,722.256166,2,"[[663.3088799023825,663.3088799023825],[994.8956737608295,946.0109418131508]]","[623.204155,715.352364]","[748.6919692582773,31.30561207524272]","[31.30561207524272,9.519011050287773]","[0.0,435.7410442796548]","[true,false]",9.519011050287773,445.2600553299409,435.7410442796548,1,0,0,30_50,0,0
v6,random,9,19,113.0,2371.711564,1,"[[-750.061804085466,522.5233689662643]]",[1981.631994],[750.3999014509095],[17.71279633142451],[165.3681648439617],[false],17.71279633142451,389.37762760438017,165.3681648439617,1,0,1,le20_or_near,0,0
v6,random,9,20,119.0,2392.357053,2,"[[-938.0604140004557,1.148792683412499e-13],[-563.2598527426752,227.29168138198838]]","[2098.694886,2321.909671]","[750.4017745078289,146.89560722986963]","[146.89560722986963,7.691599796221043]","[555.3144590642523,546.9839535035296]","[true,false]",7.691599796221043,625.2113966231279,546.9839535035296,1,0,0,gt50,1,0
v6,min_reff,10000,1,664.36248,987.411633,1,"[[-1355.6601268893269,-654.5991235304151]]",[868.257324],[445.2981127303822],[16.248798036020258],[491.7529981858141],[false],16.248798036020258,670.9436222326298,491.7529981858141,1,0,1,le20_or_near,0,0
v6,min_reff,10000,2,2518.835236,3022.272729,2,"[[1021.6911733952404,-840.1221950131917],[1094.0123951335663,-943.0340777840308]]","[2887.331946,2917.488428]","[526.3531352652462,23.48879602584835]","[23.48879602584835,19.634291056000286]","[592.2237909887612,125.78241025343347]","[false,false]",19.634291056000286,1216.927703839727,718.0062012421946,2,1,0,20_25,0,0
v6,min_reff,10000,3,17.0,1551.83353,2,"[[-663.3088799023824,663.3088799023825],[-632.8965142853825,267.17486988285555]]","[1287.356767,1475.884183]","[750.4017745078258,257.0033230266965]","[257.0033230266965,9.25129672554746]","[0.0,332.83241038517997]","[true,false]",9.25129672554746,687.5791461335575,332.83241038517997,1,0,0,gt50,1,0
v6,min_reff,10000,4,331.041736,764.906724,1,"[[-938.0604140004557,1.148792683412499e-13]]",[652.36248],[725.3239553599936],[17.34049437031067],[0.0],[true],17.34049437031067,477.7212216627429,0,0,0,1,le20_or_near,1,1
v6,min_reff,10000,5,646.36248,1403.317701,1,"[[-663.3088799023824,663.3088799023825]]",[1293.356767],[750.4030345868983],[18.736955307140992],[0.0],[true],18.736955307140992,224.804667679082,0,0,0,1,le20_or_near,0,0
v6,min_reff,10000,6,3200.34685,4051.493721,2,"[[693.1817083701833,-1424.9966674303328],[1186.46367540444,-1255.8796411313629]]","[3935.110832,4044.4042]","[431.68983313511416,20.89520641283132]","[20.89520641283132,10.447603206415499]","[617.5285040795692,521.466842268415]","[false,false]",10.447603206415499,1149.4429495543998,1138.9953463479842,2,1,0,20_25,0,0
v6,min_reff,10000,7,3206.34685,3805.605131,2,"[[-1.7231890251187485e-13,-938.0604140004557],[77.3536104469739,-1397.5185825110218]]","[3438.938922,3797.559439]","[725.4805873090049,30.504137264496404]","[30.504137264496404,15.228461772167586]","[0.0,652.9768295763828]","[true,false]",15.228461772167586,668.2052913485497,652.9768295763828,1,0,0,30_50,1,0
v6,min_reff,10000,9,2494.835236,2762.887188,2,"[[1119.1239656276437,-532.1894532475694],[1121.9766360314616,-654.7197957294331]]","[2637.264703,2666.777412]","[504.34895740230087,49.45852988626894]","[49.45852988626894,0.22579038286998887]","[562.1473328904071,122.56354497629235]","[false,false]",0.22579038286998887,1140.2597563530276,684.7108778666995,2,0,0,30_50,0,0
v6,min_reff,10000,10,59.0,483.368027,2,"[[-536.7952817431922,-570.243298757538],[-663.3088799023825,-663.3088799023824]]","[281.630341,367.041736]","[750.4017745078305,29.307850970825466]","[29.307850970825466,19.599571635763045]","[783.1517057886242,0.0]","[false,true]",19.599571635763045,1069.7831583005582,783.1517057886242,1,0,0,25_30,0,0
v6,min_reff,10000,13,1728.42661,2192.793974,2,"[[663.3088799023825,663.3088799023825],[1123.3771489245694,893.4018748586074]]","[1961.018682,2087.89834]","[606.7957696441673,35.335356402152584]","[35.335356402152584,18.41379795704539]","[0.0,514.3982877974971]","[true,false]",18.41379795704539,1013.8764558261701,514.3982877974971,1,0,0,30_50,1,0
v6,min_reff,10000,14,83.0,1638.522543,1,"[[-702.4850122557203,588.1669523620883]]",[1258.408518],[750.4038574975831],[16.127543512838628],[1042.3777881557664],[false],16.127543512838628,1450.822851012704,1042.3777881557664,1,0,1,le20_or_near,0,0
v6,min_reff,10000,16,397.041736,3470.511261,1,"[[-1.7231890251187485e-13,-938.0604140004557]]",[3408.938922],[750.4017745078273],[14.376362771626537],[0.0],[true],14.376362771626537,132.86169483643164,0,0,0,1,le20_or_near,1,1
v6,min_reff,10000,17,403.041736,3660.964073,2,"[[-1.7231890251187485e-13,-938.0604140004557],[-86.02414269879296,-1408.937581813455]]","[3402.938922,3557.942655]","[531.6788401881461,27.510268600080842]","[27.510268600080842,0.036399892605810495]","[0.0,407.1569716435127]","[true,false]",0.036399892605810495,897.264062529608,407.1569716435127,1,1,0,25_30,0,0
v6,min_reff,10000,19,586.36248,1043.93296,1,"[[-1618.6823779761037,-406.4861320709782]]",[946.573508],[431.4382166251904],[13.914104052940795],[361.5809191560114],[false],13.914104052940795,619.1875528872374,361.5809191560114,1,0,1,le20_or_near,0,0
v6,min_reff,10001,1,2848.587364,3427.686193,1,"[[-1038.517898967216,1438.9909369478128]]",[3333.054429],[528.8505373429488],[15.22740074708684],[36.177882152726575],[false],15.22740074708684,484.3367001103478,36.177882152726575,1,0,1,le20_or_near,0,0
v6,min_reff,10001,2,1791.470325,2149.061965,2,"[[-663.3088799023825,-663.3088799023824],[-656.5725769765534,-732.486458044355]]","[1952.062397,2043.963354]","[605.6942029927575,20.655376305963088]","[20.655376305963088,19.693447560712002]","[0.0,69.50478468923748]","[true,false]",19.693447560712002,569.9978390912677,69.50478468923748,1,1,0,20_25,0,0
v6,min_reff,10001,3,17.0,3650.331939,2,"[[5.743963417062496e-14,938.0604140004557],[51.27449634715552,967.8241860645837]]","[3626.572331,3643.429744]","[750.3526368479711,20.92261744683529]","[20.92261744683529,9.510973984577326]","[0.0,59.287065226234866]","[true,false]",9.510973984577326,68.79803921081083,59.287065226234866,1,1,0,20_25,1,0
v6,min_reff,10001,4,1300.045377,1533.473472,1,"[[679.451966772529,-1157.8214259330575]]",[1477.00057],[436.65235896568345],[8.762277833966621],[494.77596691375135],[false],8.762277833966621,752.1404791212287,494.77596691375135,1,0,1,le20_or_near,0,0
v6,min_reff,10001,5,1958.062397,2633.676985,2,"[[-938.0604140004557,1.148792683412499e-13],[-1369.077089182251,182.07622213545147]]","[2473.951166,2579.530464]","[721.6112593262875,34.17144730566041]","[34.17144730566041,9.16926855712791]","[0.0,467.8964895699555]","[true,false]",9.16926855712791,713.6290965658989,467.8964895699555,1,0,0,30_50,1,0
v6,min_reff,10001,8,47.0,869.487948,2,"[[938.0604140004557,0.0],[663.3088799023825,663.3088799023825]]","[383.612083,627.656973]","[750.4017745078289,31.565687232021624]","[31.565687232021624,14.59426970462816]","[0.0,0.0]","[true,true]",14.59426970462816,687.9706168079396,0,0,0,0,30_50,1,1
v6,min_reff,10001,9,377.612083,1142.548588,1,"[[873.9290797465272,-578.4881155787424]]",[1041.076583],[493.9411963656928],[11.111827657873116],[827.9431753746007],[false],11.111827657873116,1310.303201555499,827.9431753746007,1,0,1,le20_or_near,0,0
v6,min_reff,10001,14,2431.951166,3010.192632,1,"[[-663.3088799023824,663.3088799023825]]",[2890.587364],[686.0689093477814],[14.14236997775422],[0.0],[true],14.14236997775422,453.0263400606026,0,0,0,1,le20_or_near,1,1
v6,min_reff,10001,16,2902.587364,3319.818853,2,"[[-1291.017311174789,811.6998370589322],[-1039.8652893032322,1401.784258438182]]","[3118.628402,3313.36798]","[443.4205473170988,30.48288928366303]","[30.48288928366303,7.254366755274308]","[512.1788515049326,251.24659798751966]","[false,false]",7.254366755274308,770.6798162477332,763.4254494924522,2,0,0,30_50,0,0
v6,min_reff,10001,17,329.612083,726.893825,1,"[[663.3088799023825,663.3088799023825]]",[675.656973],[750.4017745078272],[12.807998047807953],[0.0],[true],12.807998047807953,171.18426087793867,0,0,0,1,le20_or_near,1,1
v6,min_reff,10001,18,2908.587364,3257.11866,1,"[[-1428.740751489668,1005.0702987816716]]",[3172.108874],[432.7296452621606],[15.405559720587574],[237.40236199126457],[false],15.405559720587574,637.4512942687512,237.40236199126457,1,0,1,le20_or_near,0,0
v6,min_reff,10001,20,119.0,483.154662,2,"[[938.0604140004557,0.0],[958.0445427504283,251.71162594602737]]","[311.612083,476.112819]","[750.2500266456417,20.422942803769438]","[20.422942803769438,10.209213315031326]","[938.0604140004557,252.50367925693337]","[true,false]",10.209213315031326,262.7128925719637,252.50367925693337,1,1,0,20_25,0,0
v6,min_reff,10002,1,5.0,4102.227848,1,"[[-938.0604140004557,1.148792683412499e-13]]",[415.980887],[750.4017745078289],[16.999662461657667],[0.0],[true],16.999662461657667,325.0853611428373,0,0,0,1,le20_or_near,0,0
v6,min_reff,10002,2,2375.913452,2578.219128,2,"[[1369.0352341288683,-238.66671662316247],[1712.7472558564018,13.81386562842644]]","[2479.442858,2569.738672]","[431.1238092437216,34.8045562459336]","[34.8045562459336,17.40227812296661]","[492.6470310561087,426.4790713436356]","[false,false]",17.40227812296661,936.5283805227115,919.1261023997442,2,0,0,30_50,0,0
v6,min_reff,10002,3,3475.552913,3778.764686,2,"[[9.843835740663764,-1769.4202903191426],[-443.8890665471707,-1703.9048684599322]]","[3658.889033,3772.211289]","[465.1402526177531,21.506680712383343]","[21.506680712383343,7.766984348136421]","[359.2253528707609,215.27461808737914]","[false,false]",7.766984348136421,582.2669553062775,574.49997095814,2,1,0,20_25,0,0
v6,min_reff,10002,4,3469.552913,3723.156365,2,"[[107.57483681235004,-1423.744856458637],[-219.057016756929,-1669.157822310754]]","[3581.043962,3714.868294]","[441.76336967214394,32.96485359013741]","[32.96485359013741,16.440355808867743]","[497.4552473952991,249.89630402480518]","[false,false]",16.440355808867743,763.7919072289748,747.3515514201043,2,0,0,30_50,0,0
v6,min_reff,10002,5,29.0,4244.711654,2,"[[663.3088799023823,-663.3088799023825],[-1.7231890251187485e-13,-938.0604140004557]]","[2849.443781,3463.552913]","[750.2308236064787,50.14818014735001]","[50.14818014735001,13.259789484028985]","[0.0,0.0]","[true,true]",13.259789484028985,687.4190293508265,0,0,0,0,gt50,0,0
v6,min_reff,10002,6,35.0,504.242403,1,"[[-758.128104164104,44.893525986579476]]",[276.891231],[750.2310064894684],[13.73408733278985],[759.4561547574463],[false],13.73408733278985,1175.7637362170733,759.4561547574463,1,0,1,le20_or_near,0,0
v6,min_reff,10002,8,617.667572,854.881273,1,"[[-569.4726637637385,1158.1474293238991]]",[790.398982],[454.76828465432123],[15.716896262906896],[503.65705142766444],[false],15.716896262906896,801.0685085464988,503.65705142766444,1,0,1,le20_or_near,0,0
v6,min_reff,10002,9,1314.420235,1745.84398,2,"[[-634.7541777561569,1358.9058551841285],[11.152248345133046,1299.7451336885288]]","[1496.738816,1641.613912]","[441.8931701076835,23.11867116519637]","[23.11867116519637,10.270428643318398]","[761.5929040793219,435.5348585594128]","[false,false]",10.270428643318398,1693.2781008059258,1197.1277626387346,2,1,0,20_25,0,0
v6,min_reff,10002,11,2867.443781,3303.834533,1,"[[837.8947288389038,-1478.67428250254]]",[3199.865705],[621.6288899221352],[17.672112703517524],[134.38718224279535],[false],17.672112703517524,629.2313201526697,134.38718224279535,1,0,1,le20_or_near,0,0
v6,min_reff,10002,12,71.0,2176.513381,1,"[[297.6912953019696,945.981578370071]]",[1941.754902],[750.4017745078289],[19.479465274630915],[949.5546112788396],[false],19.479465274630915,1276.1997653616372,949.5546112788396,1,0,1,le20_or_near,0,0
v6,min_reff,10002,13,641.667572,1549.50694,1,"[[5.743963417062496e-14,938.0604140004557]]",[1296.420235],[614.4782042514433],[16.615436739389246],[0.0],[true],16.615436739389246,238.84061989232592,0,0,0,1,le20_or_near,0,0
v6,min_reff,10002,17,2891.443781,3166.988269,1,"[[552.254772962041,-1531.827813828054]]",[3084.561816],[457.13415901475054],[15.49932853280761],[875.5901742571704],[false],15.49932853280761,1262.7224417280356,875.5901742571704,1,0,1,le20_or_near,0,0
v6,min_reff,10002,19,677.667572,1019.789942,1,"[[-696.6687742002673,1421.773256933217]]",[914.536603],[431.52244732694936],[17.787138110904966],[268.2766514546736],[false],17.787138110904966,769.5433443941531,268.2766514546736,1,0,1,le20_or_near,0,0
v6,min_reff,10003,1,5.0,566.227776,1,"[[-663.3088799023825,-663.3088799023824]]",[312.612083],[750.2316237200214],[16.7747674947709],[938.0604140004557],[true],16.7747674947709,206.55156675617826,0,0,0,1,le20_or_near,0,0
v6,min_reff,10003,2,3806.98707,4029.71052,1,"[[3.806954715956607,-1042.1377449782074]]",[3964.09941],[736.0171100517621],[15.435660321489],[760.5616992323761],[false],15.435660321489,1063.6172515452386,760.5616992323761,1,0,1,le20_or_near,0,0
v6,min_reff,10003,3,2200.290447,2540.936617,1,"[[1147.4559838364298,961.7612007796857]]",[2479.998616],[486.56556150853874],[17.122733762182197],[18.974312873897794],[false],17.122733762182197,298.6643201449291,18.974312873897794,1,0,1,le20_or_near,0,0
v6,min_reff,10003,5,2212.290447,2710.81996,2,"[[1155.2838492379437,944.4768415988441],[1137.8246134881315,486.06813756608113]]","[2470.203753,2609.274956]","[492.96126854859557,44.81909104426444]","[44.81909104426444,14.300668755100178]","[157.57513086874062,311.6916960966421]","[false,false]",14.300668755100178,951.9918478063008,469.26682696538273,2,0,0,30_50,0,0
v6,min_reff,10003,6,3221.625379,3702.303884,1,"[[1646.53352747705,-592.4865367510783]]",[3471.942169],[628.0934128566503],[17.81050801628843],[538.2478020178448],[false],17.81050801628843,1218.2022302476812,538.2478020178448,1,0,1,le20_or_near,0,0
v6,min_reff,10003,7,3215.625379,3561.312998,2,"[[1108.832599966436,-568.2293948900417],[1747.8247603321383,-494.02581644651985]]","[3358.292609,3506.194197]","[441.9646892545337,36.477357188623486]","[36.477357188623486,14.180867636420244]","[593.3361481628287,141.26014050749143]","[false,false]",14.180867636420244,985.190296026832,734.5962886703202,2,0,0,30_50,0,0
v6,min_reff,10003,8,1220.449283,1990.20524,1,"[[5.743963417062496e-14,938.0604140004557]]",[1890.657865],[750.4017745078263],[12.767897899968878],[0.0],[true],12.767897899968878,292.73687610851755,0,0,0,1,le20_or_near,1,1
v6,min_reff,10003,9,53.0,662.325567,2,"[[-663.3088799023825,-663.3088799023824],[-209.47262648750177,-461.8849055732852]]","[360.612083,519.917463]","[750.4017745078289,54.495934839655284]","[54.495934839655284,0.2648459595575832]","[0.0,496.52689992404703]","[true,false]",0.2648459595575832,952.0158573946355,496.52689992404703,1,0,0,gt50,1,0
v6,min_reff,10003,13,807.741607,1415.121557,2,"[[-663.3088799023824,663.3088799023825],[-958.7033585516804,1048.8407542717869]]","[1244.449283,1359.586861]","[678.7175938594966,27.748198998498996]","[27.748198998498996,5.46942684727282]","[0.0,485.68788761021904]","[true,false]",5.46942684727282,738.3613700381932,485.68788761021904,1,1,0,25_30,1,0
v6,min_reff,10003,14,801.741607,1054.838695,1,"[[-1011.5872967128525,608.5562187187977]]",[996.337997],[563.8669109710404],[13.174528490303048],[612.9819522814057],[false],13.174528490303048,880.4854411456611,612.9819522814057,1,0,1,le20_or_near,0,0
v6,min_reff,10003,15,396.612083,4341.203173,1,"[[-629.2800990251953,-1478.9058572272756]]",[4246.034009],[439.33392231620655],[14.584466484504286],[388.3475427547892],[false],14.584466484504286,839.1933631037616,388.3475427547892,1,0,1,le20_or_near,0,0
v6,min_reff,10003,16,402.612083,4361.575194,2,"[[-247.68560994258826,-1406.798576974399],[-1003.4090143813472,-1178.3389875855046]]","[4162.3645,4354.502763]","[436.4537708584769,20.724310371959742]","[20.724310371959742,10.36215518597954]","[633.2699019030412,36.497948716364]","[false,false]",10.36215518597954,680.1300058053853,669.7678506194052,2,1,0,20_25,0,0
v6,min_reff,10003,17,1250.449283,1617.263973,1,"[[-989.5789681984112,1445.7834198345547]]",[1537.601749],[431.56000304313454],[15.225389799053676],[582.4009593024178],[false],15.225389799053676,955.7120797203424,582.4009593024178,1,0,1,le20_or_near,0,0
v6,min_reff,10003,18,107.0,2910.634608,1,"[[663.3088799023825,663.3088799023825]]",[2248.290447],[750.3999014509106],[17.5698413697523],[0.0],[true],17.5698413697523,974.0732390176189,0,0,0,1,le20_or_near,0,0
v6,min_reff,10003,19,113.0,3033.741344,2,"[[5.743963417062496e-14,938.0604140004557],[685.2394442165947,234.35929013693135]]","[1866.657865,2928.668644]","[750.4032860316679,20.555369838399507]","[20.555369838399507,13.93432574731404]","[0.0,60.17017873655291]","[true,false]",13.93432574731404,560.5336807482405,60.17017873655291,1,1,0,20_25,1,0
v6,min_reff,10003,20,2254.290447,2432.688727,1,"[[1172.5872866728237,545.6619200583056]]",[2363.828536],[461.4983302770105],[18.836677981572336],[522.6904464051288],[false],18.836677981572336,841.9913999552962,522.6904464051288,1,0,1,le20_or_near,0,0
v6,min_reff,10004,1,5.0,1152.872188,2,"[[5.743963417062496e-14,938.0604140004557],[-37.05654516064359,882.6527275988266]]","[1127.103179,1145.434644]","[750.4017745078289,27.578523560333064]","[27.578523560333064,12.187720022075192]","[0.0,66.65732706630305]","[true,false]",12.187720022075192,78.84504708837773,66.65732706630305,1,1,0,25_30,1,0
v6,min_reff,10004,2,2039.342291,2778.599085,1,"[[-938.0604140004557,1.148792683412499e-13]]",[2706.492662],[734.1396108270156],[12.637216948821056],[0.0],[true],12.637216948821056,335.5321174345134,0,0,0,1,le20_or_near,0,0
v6,min_reff,10004,3,17.0,729.006307,1,"[[663.3088799023825,663.3088799023825]]",[562.204155],[750.2408822595289],[18.134242856493216],[0.0],[true],18.134242856493216,359.01075854757704,0,0,0,1,le20_or_near,0,0
v6,min_reff,10004,5,1109.103179,2198.789921,2,"[[-663.3088799023824,663.3088799023825],[-916.4662785284575,1016.0808925122718]]","[2051.342291,2192.183931]","[737.4050232071382,28.720411560811602]","[28.720411560811602,8.02995103497367]","[0.0,434.20820047524825]","[true,false]",8.02995103497367,442.2381515102238,434.20820047524825,1,1,0,25_30,1,0
v6,min_reff,10004,6,580.204155,1761.731287,2,"[[5.743963417062496e-14,938.0604140004557],[-123.14695904966936,1647.9765405923472]]","[1103.103179,1377.823776]","[750.4017745078282,181.30183549690122]","[181.30183549690122,10.591225506253295]","[0.0,245.2100181997615]","[true,false]",10.591225506253295,714.0337942473054,245.2100181997615,1,0,0,gt50,1,0
v6,min_reff,10004,8,592.204155,880.651356,2,"[[346.37917639098725,1129.7278865971305],[566.7102434824471,1444.6661511571351]]","[792.190197,874.06201]","[536.4558647915378,28.842163171265227]","[28.842163171265227,7.946730491553344]","[285.9194508422753,384.35906338959785]","[false,false]",7.946730491553344,678.2252447234255,670.2785142318731,2,1,0,25_30,0,0
v6,min_reff,10004,9,1091.103179,1528.42029,1,"[[-374.0228313589522,1787.6364807874588]]",[1441.249764],[511.9536159145957],[16.286462414415077],[287.1299395783131],[false],16.286462414415077,489.6777936136892,287.1299395783131,1,0,1,le20_or_near,0,0
v6,min_reff,10004,10,1085.103179,1921.987398,2,"[[-548.3019076066216,1544.2454632209476],[-968.7073135448327,1131.3692257640769]]","[1548.201712,1914.006846]","[688.8225296734712,29.80551608988174]","[29.80551608988174,14.902758044941045]","[68.90711104886614,736.3777929441303]","[false,false]",14.902758044941045,820.187662037937,805.2849039929964,2,1,0,25_30,0,0
v6,min_reff,10004,12,353.612083,3600.818757,2,"[[703.6075442687275,-712.6732157292744],[663.3088799023823,-663.3088799023825]]","[3508.225708,3544.970621]","[750.2474662025479,100.29609713083694]","[100.29609713083694,13.781728281360055]","[128.06942820172446,0.0]","[false,true]",13.781728281360055,292.3101061665998,128.06942820172446,1,0,0,gt50,1,1
v6,min_reff,10004,13,1073.103179,1662.966532,1,"[[-432.4107692668599,1619.1626211504267]]",[1482.910719],[431.10262737828657],[14.466003807759506],[178.3047746812633],[false],14.466003807759506,727.128874711925,178.3047746812633,1,0,1,le20_or_near,0,0
v6,min_reff,10004,14,3318.046306,3733.115745,2,"[[664.8466447769738,-834.7361958276925],[576.6578804541697,-1413.5317046897046]]","[3476.611822,3725.747911]","[529.8983251341161,23.717612306092267]","[23.717612306092267,11.839171968302677]","[672.827582023963,594.6457699762888]","[false,false]",11.839171968302677,1279.3125239685537,1267.473352000252,2,1,0,20_25,0,0
v6,min_reff,10004,16,1055.103179,1322.781772,1,"[[-200.63293449057602,1367.6825416364613]]",[1262.632396],[432.4491643089402],[14.34642859056284],[518.8010405992627],[false],14.34642859056284,794.5479185867622,518.8010405992627,1,0,1,le20_or_near,0,0
v6,min_reff,10004,17,2081.342291,2387.406954,1,"[[-1365.9215647146366,1055.9478322452105]]",[2294.738418],[441.83395856781635],[16.464451894055383],[449.74248554491874],[false],16.464451894055383,888.0851644308668,449.74248554491874,1,0,1,le20_or_near,0,0
v6,min_reff,10004,19,113.0,2939.891984,2,"[[-663.3088799023824,663.3088799023825],[-938.0604140004557,1.148792683412499e-13]]","[2093.342291,2664.492662]","[750.2308007461038,24.661811683583558]","[24.661811683583558,17.404865420899363]","[0.0,0.0]","[true,true]",17.404865420899363,781.464493930168,0,0,0,0,20_25,1,0
v6,collinear,10000,1,5.0,2204.955377,2,"[[5.743963417062496e-14,938.0604140004557],[663.3088799023825,663.3088799023825]]","[1480.453636,1969.230656]","[750.3999014509078,27.430585190033153]","[27.430585190033153,0.324691326966768]","[0.0,565.2716834145481]","[true,true]",0.324691326966768,172.73697329109788,0,0,0,0,25_30,0,0
v6,collinear,10000,2,11.0,1850.176319,2,"[[5.743963417062496e-14,938.0604140004557],[809.4429975618398,1205.3357779751163]]","[1474.453636,1842.19975]","[750.2330867877298,54.46437144449417]","[54.46437144449417,14.88284619728365]","[0.0,63.00358397136923]","[true,false]",14.88284619728365,77.88643016865265,63.00358397136923,1,0,0,gt50,0,0
v6,collinear,10000,3,17.0,555.625363,1,"[[-1.7231890251187485e-13,-938.0604140004557]]",[371.612083],[750.2527699904649],[19.525012413781404],[0.0],[true],19.525012413781404,132.2863839976971,0,0,0,1,le20_or_near,0,0
v6,collinear,10000,4,23.0,2156.516884,2,"[[5.743963417062496e-14,938.0604140004557],[663.3088799023825,663.3088799023825]]","[1468.453636,1975.230656]","[750.2556962396756,22.62655233323416]","[22.62655233323416,0.1565001071675334]","[0.0,0.0]","[true,true]",0.1565001071675334,671.4311393315386,0,0,0,0,20_25,0,0
v6,collinear,10000,5,29.0,524.168086,2,"[[-1.7231890251187485e-13,-938.0604140004557],[-179.00558890478314,-264.55143018242825]]","[365.612083,516.990324]","[750.2673785268859,21.777617472488398]","[21.777617472488398,10.888808736244135]","[0.0,696.8912053848435]","[true,false]",10.888808736244135,707.7800141210878,696.8912053848435,1,1,0,20_25,0,0
v6,collinear,10000,6,35.0,1756.123358,2,"[[5.743963417062496e-14,938.0604140004557],[704.0976066008449,1047.4216862811006]]","[1462.453636,1748.959575]","[750.2346641618715,43.45232218141353]","[43.45232218141353,10.818914496806446]","[0.0,153.00230888107595]","[true,false]",10.818914496806446,163.8212233778806,153.00230888107595,1,0,0,30_50,0,0
v6,collinear,10000,7,41.0,1658.605147,2,"[[5.743963417062496e-14,938.0604140004557],[493.5146110321531,734.5817679035308]]","[1456.453636,1651.931952]","[750.2346641618715,20.054671676845096]","[20.054671676845096,8.365977270104185]","[0.0,83.78117449236098]","[true,false]",8.365977270104185,92.14715176246443,83.78117449236098,1,1,0,20_25,0,0
v6,collinear,10000,9,1444.453636,1823.599033,2,"[[662.7504537479778,900.11208213425],[873.7831019796581,1253.2231721244539]]","[1712.359113,1815.080227]","[631.73125863562,35.1880559823607]","[35.1880559823607,17.59402799118216]","[238.76983232906363,264.78434565020746]","[false,false]",17.59402799118216,521.1482059704496,503.5541779792711,2,0,0,30_50,0,0
v6,collinear,10000,10,59.0,2165.407982,2,"[[5.743963417062496e-14,938.0604140004557],[663.3088799023825,663.3088799023825]]","[1438.453636,1987.230656]","[750.2750601629955,23.104111642922017]","[23.104111642922017,0.39330635098904926]","[0.0,0.0]","[true,true]",0.39330635098904926,19.45548801204342,0,0,0,0,20_25,0,0
v6,collinear,10000,13,335.612083,790.272938,1,"[[-663.3088799023825,-663.3088799023824]]",[699.612371],[750.4017745078307],[13.532095944967342],[0.0],[true],13.532095944967342,308.3028361145639,0,0,0,1,le20_or_near,1,1
v6,collinear,10000,14,83.0,612.723644,1,"[[-1.7231890251187485e-13,-938.0604140004557]]",[329.612083],[750.2322638116765],[16.630409046945722],[0.0],[true],16.630409046945722,260.49140572613,0,0,0,1,le20_or_near,0,0
v6,collinear,10000,16,95.0,1629.175717,1,"[[5.743963417062496e-14,938.0604140004557]]",[1414.453636],[750.2408822595299],[17.1494852350841],[0.0],[true],17.1494852350841,154.18565975580924,0,0,0,1,le20_or_near,0,0
v6,collinear,10000,17,101.0,1593.338585,1,"[[-12.726117832985835,871.4613606744306]]",[1382.892828],[750.2366530312182],[15.430860849441567],[683.0705567900017],[false],15.430860849441567,1222.4952996010466,683.0705567900017,1,0,1,le20_or_near,0,0
v6,collinear,10000,19,113.0,2226.89687,2,"[[-663.3088799023825,-663.3088799023824],[-692.878949625851,-202.40115651624703]]","[717.612371,950.100427]","[750.4017745078321,278.20280686562523]","[278.20280686562523,2.4127244009666993]","[0.0,769.1374440236983]","[true,false]",2.4127244009666993,853.8449074056617,769.1374440236983,1,0,0,gt50,1,0
v6,collinear,10001,1,5.0,2217.070449,1,"[[15.118392032226495,-873.0661744174712]]",[1490.389905],[750.2313722556443],[15.503676092352082],[681.2848384982893],[false],15.503676092352082,934.6435130147088,681.2848384982893,1,0,1,le20_or_near,0,0
v6,collinear,10001,2,11.0,505.972572,1,"[[5.743963417062496e-14,938.0604140004557]]",[389.612083],[750.262097462898],[17.413334181228908],[0.0],[true],17.413334181228908,556.8024435244773,0,0,0,1,le20_or_near,0,0
v6,collinear,10001,3,17.0,2161.398714,2,"[[-1.7231890251187485e-13,-938.0604140004557],[-501.35127551848495,-740.9157788768647]]","[1595.867711,2154.722363]","[750.2542102518424,20.494911657076948]","[20.494911657076948,8.38175534748287]","[0.0,179.59147080584472]","[true,false]",8.38175534748287,187.97322615333098,179.59147080584472,1,1,0,20_25,0,0
v6,collinear,10001,4,383.612083,736.320155,1,"[[663.3088799023825,663.3088799023825]]",[586.44055],[720.6209502166524],[15.783687268656585],[372.33988872130095],[true],15.783687268656585,364.3980236504968,0,0,0,1,le20_or_near,1,1
v6,collinear,10001,5,29.0,2368.532041,2,"[[5.743963417062496e-14,938.0604140004557],[663.3088799023825,663.3088799023825]]","[377.612083,592.44055]","[750.3186828711966,36.038471531685545]","[36.038471531685545,0.38991532734714496]","[0.0,0.0]","[true,true]",0.38991532734714496,219.60880942474424,0,0,0,0,30_50,1,0
v6,collinear,10001,8,1577.867711,1926.03879,2,"[[-707.7923311024292,-938.350482325011],[-913.7393868732927,-1296.9564922439838]]","[1803.937832,1891.645138]","[621.8099296411914,37.210923163231946]","[37.210923163231946,18.605461581615813]","[8.533815296672811,413.53652816975386]","[false,false]",18.605461581615813,434.474183542849,422.07034346642666,2,0,0,30_50,0,0
v6,collinear,10001,9,353.612083,821.93862,2,"[[663.3088799023825,663.3088799023825],[911.0978969557927,1326.3777269543298]]","[616.44055,815.136987]","[612.0078992127238,37.82371837101659]","[37.82371837101659,9.00816251899571]","[0.0,364.0841606252757]","[true,false]",9.00816251899571,373.0923231442674,364.0841606252757,1,0,0,30_50,1,0
v6,collinear,10001,14,83.0,2319.610279,2,"[[-1.7231890251187485e-13,-938.0604140004557],[-663.3088799023825,-663.3088799023824]]","[1547.867711,2100.804069]","[750.3594050236081,23.664652613018138]","[23.664652613018138,0.32751074840064953]","[0.0,0.0]","[true,true]",0.32751074840064953,268.5104093558183,0,0,0,0,20_25,0,0
v6,collinear,10001,16,95.0,2244.829298,1,"[[-1.7231890251187485e-13,-938.0604140004557]]",[1535.867711],[750.2620974628975],[18.24144591992059],[0.0],[true],18.24144591992059,113.79424380196899,0,0,0,1,le20_or_near,0,0
v6,collinear,10001,17,101.0,1760.129492,2,"[[8.818049692178136,-868.8253430028408],[-739.326419022661,-1090.8376231818622]]","[1497.908838,1752.857039]","[750.2572279543148,54.75698189025151]","[54.75698189025151,11.36226639138781]","[7.594666858336986,754.9466401740789]","[false,false]",11.36226639138781,773.9035734238021,762.5413070324158,2,0,0,gt50,0,0
v6,collinear,10001,18,107.0,2260.908197,1,"[[-1.7231890251187485e-13,-938.0604140004557]]",[1529.867711],[750.2352813964352],[19.11621192587547],[0.0],[true],19.11621192587547,55.394494581811,0,0,0,1,le20_or_near,0,0
v6,collinear,10001,20,1517.867711,1918.558022,3,"[[-701.2783919933729,-943.8636121802958],[-928.7245686891467,-1315.868754190216],[-915.0915082132369,-1300.8413282667257]]","[1796.231069,1902.471024,1911.529023]","[617.6716933056329,40.57998855720721,20.289994278602776]","[40.57998855720721,20.289994278602776,10.144997139302253]","[150.50788322161281,24.129428629312823,20.28999427860443]","[false,false,false]",10.144997139302253,205.0723032688306,194.92730612953008,3,1,0,30_50,0,0
v6,collinear,10002,1,5.0,2471.57224,2,"[[-663.3088799023824,663.3088799023825],[-115.57509382308425,639.7968960668587]]","[1988.441555,2382.784461]","[750.401774507829,124.87518838491982]","[124.87518838491982,9.573463350885074]","[462.9278598568841,337.02685683978433]","[true,false]",9.573463350885074,755.9657501935505,337.02685683978433,1,0,0,gt50,1,0
v6,collinear,10002,2,359.612083,743.986464,2,"[[737.5037966118847,-735.6679446716416],[803.265821797466,-1308.0656012188895]]","[555.903313,685.215143]","[737.3275885937393,70.84262043971661]","[70.84262043971661,0.26706456231653514]","[440.39003499893386,257.31227358315147]","[false,false]",0.26706456231653514,966.5589122347037,697.7023085820854,2,0,0,gt50,0,0
v6,collinear,10002,3,17.0,2309.37909,3,"[[-663.3088799023824,663.3088799023825],[-412.75408925597355,524.500916251489],[-429.8353876992518,536.7750743338188]]","[1994.441555,2293.068914,2302.275698]","[750.3244446138185,42.067836318894784,21.033918159446642]","[42.067836318894784,21.033918159446642,10.516959079722053]","[0.0,91.29401915160325,21.03391815944811]","[true,false,false]",10.516959079722053,122.84489639077594,112.32793731105136,2,1,0,30_50,1,0
v6,collinear,10002,4,23.0,2268.81011,2,"[[-663.3088799023824,663.3088799023825],[-463.30093214541637,580.1090900424674]]","[2000.441555,2260.432684]","[750.4017745078289,33.932349054636326]","[33.932349054636326,16.887128830956343]","[0.0,254.17899797518123]","[true,false]",16.887128830956343,271.06612680613847,254.17899797518123,1,0,0,30_50,1,0
v6,collinear,10002,5,29.0,2160.820983,4,"[[-825.7698647906498,229.58539066208385],[-663.3088799023824,663.3088799023825],[-729.644753856039,926.6017093365817],[-726.3210540701855,905.6781994178401]]","[1883.803594,2006.441555,2137.044237,2153.702753]","[750.3594050236092,42.37481804534292,42.37170034757568,21.185850173788424]","[42.37481804534292,42.37170034757568,21.185850173788424,10.591147751650997]","[255.5750751683377,0.0,13.093074844276455,13.768508926827742]","[false,true,false,false]",10.591147751650997,293.02780669109507,282.4366589394419,3,1,0,30_50,0,0
v6,collinear,10002,6,35.0,1239.73049,2,"[[663.3088799023823,-663.3088799023825],[-20.00635702766698,-378.12504699472663]]","[915.608591,1182.545211]","[750.2311665121415,92.62795939052255]","[92.62795939052255,6.55914825761801]","[379.3408685555616,298.540815043567]","[true,false]",6.55914825761801,559.467209376843,298.540815043567,1,0,0,gt50,1,0
v6,collinear,10002,8,47.0,1089.075971,1,"[[822.0626761915203,-232.49845085729874]]",[429.680421],[750.3050789907971],[15.817877372474566],[2.6192604009680402],[false],15.817877372474566,160.41630754017908,2.6192604009680402,1,0,1,le20_or_near,0,0
v6,collinear,10002,9,53.0,1030.040531,2,"[[663.3088799023823,-663.3088799023825],[470.9255005554237,-589.5110626224937]]","[927.608591,1022.819018]","[750.401774507829,32.32661500168695]","[32.32661500168695,11.107566422788176]","[0.0,206.05213535470003]","[true,false]",11.107566422788176,217.15970177748528,206.05213535470003,1,0,0,30_50,1,0
v6,collinear,10002,11,65.0,2203.596884,2,"[[-825.564139043923,229.74754132087747],[-623.7163869101698,792.1275926734606]]","[1889.855983,2195.677326]","[750.3559980601538,29.327666059339293]","[29.327666059339293,14.597792056555475]","[0.2619464048493478,144.28171553788775]","[false,false]",14.597792056555475,159.14145399929342,144.5436619427371,2,1,0,25_30,0,0
v6,collinear,10002,12,71.0,833.740417,3,"[[826.181235642619,-229.26097832050607],[828.7500618788749,-1052.0184187622108],[821.4793603772787,-1023.8365272769774]]","[416.632685,627.752688,825.829949]","[750.3663562076563,58.20935003969182,29.10467501984698]","[58.20935003969182,29.10467501984698,14.552337509924124]","[255.10301199809498,329.24687300337695,379.2174266407579]","[false,false,false]",14.552337509924124,978.1196491521526,963.5673116422297,3,1,0,gt50,0,0
v6,collinear,10002,13,77.0,1052.516562,1,"[[824.1233050258444,-230.88156067697378]]",[423.156569],[750.3334303063762],[15.015100952018187],[2.6194208515533712],[false],15.015100952018187,89.99957749716157,2.6194208515533712,1,0,1,le20_or_near,0,0
v6,collinear,10002,17,1796.688579,2145.949051,3,"[[-663.3088799023824,663.3088799023825],[-745.4846771483193,943.539527163659],[-741.4804740867611,921.0031081275386]]","[2042.441555,2118.847746,2128.425622]","[750.2556962396741,45.77901649000608,22.889382366715694]","[45.77901649000608,22.889382366715694,11.444691183357904]","[0.0,292.03095267022525,22.889382366717676]","[true,false,false]",11.444691183357904,334.4444063551841,314.9203350369429,2,1,0,30_50,0,0
v6,collinear,10002,19,113.0,1116.837048,3,"[[909.0625480644675,-330.0684159164998],[663.3088799023823,-663.3088799023825],[275.6484651228744,-344.1230297090284]]","[461.825306,969.608591,1110.756037]","[750.4017745078289,21.335476255748624,21.335476255748624]","[21.335476255748624,21.335476255748624,5.4050526826507665]","[130.72442689705298,0.0,78.40032779660616]","[false,true,false]",5.4050526826507665,214.52980737630952,209.12475469365916,2,1,0,20_25,0,0
v6,collinear,10003,1,5.0,862.723348,1,"[[-750.0,274.5524578097306]]",[808.71996],[750.4017745078289],[15.13494411000925],[2.2168933355715126e-12],[false],15.13494411000925,245.01694121753349,2.2168933355715126e-12,1,0,1,le20_or_near,0,0
v6,collinear,10003,2,11.0,721.055396,2,"[[-938.0604140004557,1.148792683412499e-13],[-1021.874394106767,47.08185040110399]]","[385.011631,712.15932]","[750.4017745078287,42.61768096246275]","[42.61768096246275,19.480381184560333]","[0.0,436.3856185863894]","[true,false]",19.480381184560333,455.86599977094454,436.3856185863894,1,0,0,30_50,1,0
v6,collinear,10003,3,1606.477271,1954.002526,2,"[[1034.2234799077116,-26.436691872107957],[1386.6343778866517,-30.631266923761558]]","[1841.353111,1945.720228]","[750.40177450783,32.82298182750557]","[32.82298182750557,16.411490913753305]","[1.048272583597963,21.703074071092406]","[false,false]",16.411490913753305,39.16283756844285,22.75134665469037,2,0,0,30_50,0,0
v6,collinear,10003,5,1618.477271,2213.226917,2,"[[1211.0001752043504,150.34000342452637],[1264.2483892969933,-214.40840155546704]]","[2060.547787,2156.817171]","[750.4017745078272,297.0603012535172]","[297.0603012535172,7.497551908120374]","[115.35528384053288,184.1637304341335]","[false,false]",7.497551908120374,556.567743849747,299.51901427466635,2,0,0,gt50,0,0
v6,collinear,10003,6,361.011631,618.882196,1,"[[-1367.824906033869,-203.04699159923956]]",[486.074894],[432.3217593536328],[13.153915751770437],[475.3163151105161],[false],13.153915751770437,648.1883944771051,475.3163151105161,1,0,1,le20_or_near,0,0
v6,collinear,10003,7,355.011631,579.30778,2,"[[-1368.0754500249907,-208.0260823007235],[-1633.421678027426,56.01286799849551]]","[493.071972,572.93857]","[432.05872398807963,27.42208462629353]","[27.42208462629353,6.846048537935016]","[4.985390306193779,374.332990785255]","[false,false]",6.846048537935016,386.1644296293795,379.31838109144877,2,1,0,25_30,0,0
v6,collinear,10003,8,47.0,2366.223852,1,"[[750.0,-24.552457809729855]]",[2360.408943],[750.4017745078289],[4.074547240321525],[705.9101282025625],[false],4.074547240321525,709.9846754428823,705.9101282025625,1,0,1,le20_or_near,0,0
v6,collinear,10003,9,53.0,1062.707256,2,"[[-750.0,24.552457809731013],[-374.99999999999994,262.2762289048655]]","[275.080355,1007.482692]","[750.401774507829,375.20088725391446]","[375.20088725391446,8.10609040205184]","[750.401774507829,268.4619316288682]","[false,false]",8.10609040205184,1269.9865269147404,1018.8637061366971,2,0,0,gt50,0,0
v6,collinear,10003,13,77.0,2459.669558,1,"[[750.0,475.44754219027004]]",[1707.857089],[750.4017745078289],[19.613441916470443],[3.979039320256561e-13],[false],19.613441916470443,62.64664672712611,3.979039320256561e-13,1,0,1,le20_or_near,0,0
v6,collinear,10003,14,83.0,2502.590481,2,"[[750.0,475.44754219027044],[188.347566873888,-7.729425318219853]]","[1701.857089,2495.315563]","[750.4017745078289,22.74917888227391]","[22.74917888227391,11.374589441136976]","[206.8990877475388,148.2300248310861]","[false,false]",11.374589441136976,366.5037020197619,355.1291125786249,2,1,0,20_25,0,0
v6,collinear,10003,15,89.0,940.546003,2,"[[-750.0,274.5524578097283],[-500.6491612058154,22.1854670498555]]","[796.71996,926.703616]","[750.4017745078289,20.575692024581862]","[20.575692024581862,10.287846012291043]","[348.32282173975403,289.90133805237934]","[false,false]",10.287846012291043,641.4246792881156,638.2241597921334,2,1,0,20_25,0,0
v6,collinear,10003,16,95.0,947.790306,2,"[[-750.0,274.55245780972837],[-489.8382422632992,20.093756917205162]]","[802.71996,934.905899]","[750.4017745078289,20.88759283245669]","[20.88759283245669,10.443796416228075]","[5.684341886080802e-14,11.011413154572287]","[false,false]",10.443796416228075,22.232927972167666,11.011413154572343,2,1,0,20_25,0,0
v6,collinear,10003,17,101.0,2442.140229,1,"[[750.0000000000002,475.4475421902695]]",[1713.857089],[750.4017745078287],[18.67508015367117],[6.12222357532858e-13],[false],18.67508015367117,354.5818835813879,6.12222357532858e-13,1,0,1,le20_or_near,0,0
v6,collinear,10003,18,1642.477271,1974.933207,2,"[[1034.9146540487957,-25.648558814674203],[1434.1654984570212,-31.009947105486447]]","[1835.143456,1966.318035]","[750.3682074309497,36.18239266742478]","[36.18239266742478,18.075859436118122]","[576.4318368498582,31.57754322454283]","[false,false]",18.075859436118122,626.08523951052,608.0093800744011,2,0,0,30_50,0,0
v6,collinear,10003,19,1648.477271,2113.984425,2,"[[1321.9144917019553,182.03946565654286],[1197.7078235683443,-51.401806458442046]]","[2031.47673,2106.983635]","[750.3428277108854,20.007897732055504]","[20.007897732055504,10.003948866026224]","[252.7176144929095,202.17923846644345]","[false,false]",10.003948866026224,464.90080182538225,454.89685295935294,2,1,0,20_25,0,0
v6,collinear,10003,20,1654.477271,1935.379613,2,"[[1010.1517070940458,-50.79063322218886],[1351.1354372129053,-32.879484468624526]]","[1854.201657,1927.492422]","[750.2620974628932,28.871912207232874]","[28.871912207232874,14.435956103615919]","[34.24273215845839,341.4538233135537]","[false,false]",14.435956103615919,390.13251157562905,375.6965554720121,2,1,0,25_30,0,0
v6,collinear,10004,1,5.0,557.670338,1,"[[663.3088799023823,-663.3088799023825]]",[312.612083],[750.2588053961438],[19.709600113677123],[938.0604140004557],[true],19.709600113677123,39.710996311444426,0,0,0,1,le20_or_near,0,0
v6,collinear,10004,2,11.0,1026.918938,2,"[[663.3088799023823,-663.3088799023825],[-1.7231890251187485e-13,-938.0604140004557]]","[318.612083,808.621113]","[750.355998060157,67.81136473557204]","[67.81136473557204,0.4445847599389904]","[0.0,0.0]","[true,true]",0.4445847599389904,32.526648480354645,0,0,0,0,gt50,0,0
v6,collinear,10004,3,17.0,486.243177,2,"[[663.3088799023823,-663.3088799023825],[597.9946459798773,-882.5452084821632]]","[324.612083,472.363812]","[750.2655724431481,27.674713550859753]","[27.674713550859753,10.963216335151387]","[0.0,228.7586433821141]","[true,false]",10.963216335151387,236.52724835930655,228.7586433821141,1,1,0,25_30,1,0
v6,collinear,10004,5,29.0,952.58074,2,"[[663.3088799023823,-663.3088799023825],[-1.7231890251187485e-13,-938.0604140004557]]","[336.612083,796.621113]","[750.2542102518428,50.2745397197694]","[50.2745397197694,0.24877728140744987]","[0.0,0.0]","[true,true]",0.24877728140744987,20.52908113381458,0,0,0,0,gt50,0,0
v6,collinear,10004,6,35.0,587.749912,2,"[[663.3088799023823,-663.3088799023825],[405.6408917081318,-595.9871770077988]]","[342.612083,580.254408]","[750.2791753683455,24.955044460636277]","[24.955044460636277,12.477522230318025]","[0.0,82.92035162518468]","[true,false]",12.477522230318025,95.39787385550298,82.92035162518468,1,1,0,20_25,1,0
v6,collinear,10004,8,47.0,492.524564,2,"[[663.3088799023823,-663.3088799023825],[595.7864452417411,-876.2956363252638]]","[354.612083,479.689456]","[750.2834735038364,26.964072567024402]","[26.964072567024402,10.813657550583926]","[0.0,6.62822017167482]","[true,false]",10.813657550583926,13.035157404936758,6.62822017167482,1,1,0,25_30,0,0
v6,collinear,10004,9,53.0,625.474409,2,"[[663.3088799023823,-663.3088799023825],[348.82055013140746,-506.5441362157486]]","[360.612083,617.09182]","[750.3594050236068,33.82589447824956]","[33.82589447824956,16.912947239124716]","[0.0,116.70953867433549]","[true,false]",16.912947239124716,133.62248591346034,116.70953867433549,1,0,0,30_50,1,0
v6,collinear,10004,10,59.0,943.474924,2,"[[663.3088799023823,-663.3088799023825],[-1.7231890251187485e-13,-938.0604140004557]]","[366.612083,784.621113]","[750.2556962396753,48.35385942334643]","[48.35385942334643,0.21843870021265652]","[0.0,0.0]","[true,true]",0.21843870021265652,21.522542079626106,0,0,0,0,30_50,0,0
v6,collinear,10004,12,1599.420837,1903.461725,1,"[[-663.3088799023824,663.3088799023825]]",[1815.189348],[744.9948142043698],[15.105434698067132],[0.0],[true],15.105434698067132,326.36188340276715,0,0,0,1,le20_or_near,1,1
v6,collinear,10004,13,77.0,544.728139,1,"[[663.3088799023823,-663.3088799023825]]",[384.612083],[750.2711278837918],[17.972820875217717],[0.0],[true],17.972820875217717,20.732126762004842,0,0,0,1,le20_or_near,0,0
v6,collinear,10004,14,83.0,1749.083716,2,"[[5.743963417062496e-14,938.0604140004557],[-584.3966634024484,859.9144416816764]]","[1593.420837,1741.340514]","[750.2730711578672,27.559316905073846]","[27.559316905073846,13.716009344673987]","[0.0,589.5983829570449]","[true,false]",13.716009344673987,603.3143923017172,589.5983829570449,1,1,0,25_30,0,0
v6,collinear,10004,16,95.0,535.581714,1,"[[663.3088799023823,-663.3088799023825]]",[396.612083],[750.3131040972623],[17.333048233393075],[0.0],[true],17.333048233393075,190.2857524564353,0,0,0,1,le20_or_near,1,1
v6,collinear,10004,17,101.0,934.170416,2,"[[663.3088799023823,-663.3088799023825],[-1.7231890251187485e-13,-938.0604140004557]]","[402.612083,760.621113]","[750.2620974628986,46.47563513618174]","[46.47563513618174,0.17915727690207275]","[0.0,0.0]","[true,true]",0.17915727690207275,602.7465143814834,0,0,0,0,30_50,0,0
v6,collinear,10004,19,113.0,1015.413608,2,"[[663.3088799023823,-663.3088799023825],[-1.7231890251187485e-13,-938.0604140004557]]","[414.612083,748.621113]","[750.3734904068887,82.51441891763616]","[82.51441891763616,0.19673659659952375]","[0.0,0.0]","[true,true]",0.19673659659952375,289.1643388786914,0,0,0,0,gt50,0,0
